Transaction_Datetime,Customer_Name,Product,Total_Items,Payment_Method,City,Customer_Category,Season,Promotion,Member,TimeClass,Total_Cost
2023-03-16 13:46:57,Carol Meyers,"['Jam', 'Dish Soap', 'Bath Salts', 'Energy Drinks', 'Paper Towels', 'Cold Medicine', 'Shoes', 'Bobby Pins', 'Storage Bins']",9,Cash,Lisaville,Adult (30-49),Winter,Unknown Promotion,Yes,Midday,90.0
2023-03-16 14:07:49,Susan Kirk,"['Colored Pencils', 'Charcoal', 'Baking Soda', 'Beach Towel', 'Lollipops', 'First Aid Kit', 'Cotton Balls']",7,Debit Card,Beltranshire,Young Adult (20-29),Fall,Discount on Selected Items,No,Midday,65.86
2023-03-16 14:48:11,Steven Cummings,"['Band-Aids', 'Bobby Pins', 'Salt', 'Soda', 'Scarf', 'Nail Polish Remover', 'Cookies']",7,Mobile Payment,Port Sarahfurt,Adult (30-49),Spring,BOGO (Buy One Get One),No,Midday,65.86
2023-03-16 15:06:47,Debbie Norton,['Dryer Sheets'],1,Mobile Payment,Wellston,Young Adult (20-29),Winter,Unknown Promotion,Yes,Midday,5.14
2023-03-16 16:18:14,Ricky Baker,"['Dried Cranberries', 'Butter', 'Eggs', 'Sandals', 'Tea']",5,Mobile Payment,Michelleview,Senior (65+),Summer,Unknown Promotion,Yes,Afternoon,44.95
2023-03-16 17:19:48,Kyle Perez,['Syrup'],1,Cash,Chavezmouth,Adult (30-49),Summer,BOGO (Buy One Get One),No,Afternoon,5.14
2023-03-16 18:02:09,James Hill,"['Bagels', 'Weight Bench', 'Paper Towels', 'Tea', 'Chocolate', 'Peanuts', 'Bobby Pins', 'Pain Relievers', 'Napkins', 'Band-Aids']",10,Cash,East Amytown,Young Adult (20-29),Spring,Unknown Promotion,Yes,Afternoon,102.2
2023-03-16 18:20:20,Heather Sanchez,"['Olive Oil', 'Comb', 'Moving Boxes']",3,Mobile Payment,Port Bradleyshire,Adult (30-49),Spring,Discount on Selected Items,No,Afternoon,23.88
2023-03-16 18:41:52,Michael Jones,"['Flats', 'Workout Clothes', 'Body Wash', 'Bath Salts', 'Scissors', 'Granola Bars', 'Dried Cranberries']",7,Cash,Lake Aprilburgh,Middle-aged (50-64),Fall,Unknown Promotion,No,Afternoon,65.86
2023-03-17 07:39:28,Alexis Alvarado,"['Glass Cleaner', 'Paper Towels', 'T-Shirt', 'Workout Clothes', 'Kettlebells']",5,Mobile Payment,Riverachester,Senior (65+),Fall,Discount on Selected Items,Yes,Morning,44.95
2023-03-17 08:46:51,Joseph Cruz,['Shower Shoes'],1,Credit Card,Lake Maryville,Middle-aged (50-64),Summer,Discount on Selected Items,No,Morning,5.14
2023-03-17 08:49:39,Anthony Rodriguez,"['Shampoo', 'Canned Tuna', 'Headbands', 'Garlic Powder', 'Shower Shoes', 'Pasta Sauce', 'Tank Top', 'Popsicles']",8,Debit Card,New Katherine,Adult (30-49),Spring,Unknown Promotion,Yes,Morning,77.1
2023-03-17 09:55:40,Brian Williams,"['Cheese', 'Eggs', 'Ear Muffs', 'Floss', 'Protein Bars']",5,Mobile Payment,Cherylstad,Adult (30-49),Fall,Unknown Promotion,No,Morning,44.95
2023-03-17 13:55:20,Meghan Miller,"['Flashlight', 'Floss', 'Soda']",3,Mobile Payment,Kimberlybury,Adult (30-49),Winter,Discount on Selected Items,No,Midday,23.88
2023-03-17 14:17:03,Amanda Phillips,"['Baking Powder', 'Lighter', 'Water Bottle', 'Butter']",4,Mobile Payment,Terribury,Senior (65+),Summer,BOGO (Buy One Get One),Yes,Midday,34.67
2023-03-17 15:25:42,David Gomez,['Scrubbers'],1,Mobile Payment,Estradaville,Adult (30-49),Fall,BOGO (Buy One Get One),Yes,Midday,5.14
2023-03-17 17:12:09,Dylan Stewart,['Plastic Utensils'],1,Mobile Payment,Smithtown,Middle-aged (50-64),Summer,BOGO (Buy One Get One),Yes,Afternoon,5.14
2023-03-17 17:27:06,Valerie Mckenzie,"['Gelato', 'Popcorn', 'Mouthwash']",3,Cash,Fernandezland,Adult (30-49),Spring,Discount on Selected Items,Yes,Afternoon,23.88
2023-03-17 18:58:47,Charles Harrington,"['Tote Bag', 'Iced Tea', 'Disinfectant Wipes', 'Super Glue']",4,Cash,Emilyton,Middle-aged (50-64),Summer,Unknown Promotion,Yes,Afternoon,34.67
2023-03-17 19:21:24,Gregory Kelley,"['Cucumber', 'Oats', 'Ice Cream Tubs', 'Raincoat']",4,Cash,South William,Adult (30-49),Spring,BOGO (Buy One Get One),No,Evening,34.67
2023-03-17 19:25:35,Lance Conway,"['Shoes', 'Frozen Dinners', 'Rug', 'Olive Oil', 'Energy Drinks', 'Bikini', 'Crayons']",7,Debit Card,Martinezburgh,Adult (30-49),Summer,BOGO (Buy One Get One),Yes,Evening,65.86
2023-03-18 05:09:44,Meghan Baker,"['Goggles', 'Frozen Vegetables', 'Leggings']",3,Mobile Payment,West Tiffany,Middle-aged (50-64),Spring,Discount on Selected Items,Yes,Morning,23.88
2023-03-18 07:52:08,Jessica Carpenter,"['Vinegar', 'Shower Cap', 'Lighter Fluid', 'Gloves']",4,Debit Card,New Kaitlinland,Middle-aged (50-64),Fall,BOGO (Buy One Get One),No,Morning,34.67
2023-03-18 10:00:40,Jacqueline Quinn,"['Hangers', 'Protein Powder', 'Frozen Chicken Nuggets', 'Body Wash', 'Hair Ties', 'Yoga Mat', 'Sweatshirt', 'Notebooks', 'Frozen Pizza Rolls', 'Treadmill']",10,Debit Card,West George,Adult (30-49),Spring,BOGO (Buy One Get One),No,Midday,102.2
2023-03-18 10:27:45,Shawna Griffin,"['Dryer Sheets', 'Flour', 'Shoes', 'Chili Powder', 'Laptop Bag', 'Tea', 'Frozen Pizza Rolls', 'Frozen Pancakes', 'Pencils', 'Super Glue', 'Lotion', 'Slippers']",12,Cash,Alexshire,Teenager (13-19),Fall,Unknown Promotion,Yes,Midday,124.9
2023-03-18 10:29:00,Michelle Gonzales,"['Laundry Basket', 'Plastic Cups', 'Protein Bars', 'Olives', 'Candy Bars']",5,Mobile Payment,East Rebecca,Young Adult (20-29),Winter,Unknown Promotion,Yes,Midday,44.95
2023-03-18 10:31:14,Joan Maldonado,"['Thermometer', 'Bikini', 'Carry-on Bag']",3,Cash,West Michelle,Middle-aged (50-64),Spring,Discount on Selected Items,No,Midday,23.88
2023-03-18 10:36:39,John Garrett,"['Mac and Cheese', 'Protein Powder', 'Band-Aids', 'One-Piece Swimsuit', 'Tomato Sauce', 'Gelato', 'Garlic Powder', 'Sugar', 'Hot Sauce']",9,Debit Card,Martinstad,Middle-aged (50-64),Summer,BOGO (Buy One Get One),Yes,Midday,90.0
2023-03-18 11:15:48,Steven Allen,"['Bath Mat', 'Cashews', 'Leggings', 'Barbecue Sauce', 'Frozen Bagels', 'Pepper', 'Super Glue', 'Baking Soda']",8,Cash,North Heatherside,Middle-aged (50-64),Spring,Discount on Selected Items,Yes,Midday,77.1
2023-03-18 12:48:48,Elizabeth Moore,"['Ziploc Bags', 'Cereal', 'Toothbrush', 'Chili Powder', 'Frozen Burritos']",5,Cash,Sheppardport,Young Adult (20-29),Spring,BOGO (Buy One Get One),Yes,Midday,44.95
2023-03-18 13:01:29,Robert Henry,"['Rug', 'Band-Aids', 'Pens', 'Passport Holder', 'Lotion', 'Beer', 'Salt', 'Paper Cups']",8,Debit Card,South Paula,Middle-aged (50-64),Summer,BOGO (Buy One Get One),No,Midday,77.1
2023-03-18 13:22:10,Dylan Keller,"['Frozen Chicken Nuggets', 'Ice Cream Bars', 'Envelopes']",3,Cash,Port Kristenfurt,Middle-aged (50-64),Winter,BOGO (Buy One Get One),No,Midday,23.88
2023-03-18 14:57:23,Phillip Brown,"['Disinfectant Wipes', 'Instant Noodles', 'Butter', 'Capri Pants', 'Tote Bag', 'Sweater', 'Lollipops', 'Purse', 'Flour']",9,Mobile Payment,Lake Nicholechester,Adult (30-49),Fall,BOGO (Buy One Get One),Yes,Midday,90.0
2023-03-18 14:57:31,Zachary Hays,"['Ice Cream Tubs', 'Baking Powder', 'Canned Soup', 'Nail Clippers']",4,Debit Card,Rodriguezside,Young Adult (20-29),Winter,Unknown Promotion,Yes,Midday,34.67
2023-03-18 15:14:17,Julie Lewis,"['Frozen Dinners', 'Paper Towels', 'Hat', 'Lighter']",4,Cash,South Kathyfort,Middle-aged (50-64),Summer,Discount on Selected Items,No,Midday,34.67
2023-03-18 16:07:33,Jonathan Sanchez,"['Frozen Pie', 'Dress', 'Crayons', 'Canned Fruit']",4,Cash,Port Feliciaview,Young Adult (20-29),Summer,Unknown Promotion,No,Afternoon,34.67
2023-03-18 18:04:21,Erin King,"['Cinnamon', 'Almonds', 'Carry-on Bag', 'Tea']",4,Debit Card,South Terranceside,Senior (65+),Fall,Discount on Selected Items,Yes,Afternoon,34.67
2023-03-18 19:13:03,Christopher Williams,"['Cashews', 'Cold Medicine', 'Binders', 'Polo Shirt', 'Swim Trunks', 'Juice', 'Extension Cord', 'Tote Bag']",8,Cash,North Markborough,Young Adult (20-29),Fall,Unknown Promotion,Yes,Evening,77.1
2023-03-18 19:32:50,Chad Padilla,"['Gelato', 'Spaghetti', 'Fabric Softener', 'Tomato Sauce']",4,Credit Card,North Frederick,Young Adult (20-29),Winter,Unknown Promotion,Yes,Evening,34.67
2023-03-18 21:41:03,Laurie Douglas,"['Snack Cakes', 'Bikini', 'Soda', 'Frozen Pizza', 'Towels', 'Pepper']",6,Debit Card,Gomezburgh,Adult (30-49),Summer,Unknown Promotion,No,Evening,57.61
2023-03-18 23:42:48,Michael Gibbs,"['Mints', 'Frozen Meatballs', 'Frozen Sausages', 'Comb', 'Light Bulbs', 'Laptop Bag']",6,Mobile Payment,Robinsonview,Adult (30-49),Fall,Unknown Promotion,Yes,Late Night,56.07
2023-03-19 06:34:32,Margaret Santiago,"['Crackers', 'Notebook Paper', 'Water Bottle', 'Ice Cream Bars']",4,Credit Card,New Josephport,Adult (30-49),Fall,Discount on Selected Items,Yes,Morning,34.67
2023-03-19 10:33:08,Tracy Coleman,"['Gum', 'Mayonnaise', 'Mac and Cheese', 'Charcoal', 'Notebook Paper', 'Bath Bombs', 'Packing Tape', 'Frozen Fries']",8,Credit Card,Williamston,Young Adult (20-29),Fall,Discount on Selected Items,Yes,Midday,77.1
2023-03-19 10:35:06,Colleen Gonzalez,"['Pajamas', 'Scarf']",2,Credit Card,West Wesley,Adult (30-49),Spring,Unknown Promotion,Yes,Midday,14.55
2023-03-19 13:23:05,Vicki Smith,"['Glass Cleaner', 'Elliptical', 'Sorbets', 'Snack Cakes']",4,Credit Card,Lake Katherine,Middle-aged (50-64),Summer,Unknown Promotion,No,Midday,34.67
2023-03-19 14:10:36,Kevin Wong,"['Beach Towel', 'Super Glue', 'Weight Bench', 'Coat', 'Olive Oil', 'Towels', 'Skirt', 'Carry-on Bag', 'Pajamas', 'Stamps', 'Ice Cream Tubs', 'Frozen Sausages']",12,Debit Card,Carolburgh,Young Adult (20-29),Fall,Unknown Promotion,Yes,Midday,124.9
2023-03-19 14:48:37,Kevin Hunter,"['Bath Mat', 'Glass Cleaner', 'Raincoat', 'Markers']",4,Cash,Riosville,Senior (65+),Spring,Unknown Promotion,Yes,Midday,34.67
2023-03-19 14:58:50,Larry Shaw,"['Shower Curtain', 'Frozen Fish Sticks', 'Belt', 'Elliptical', 'Iced Tea']",5,Mobile Payment,Paulachester,Adult (30-49),Spring,BOGO (Buy One Get One),No,Midday,44.95
2023-03-19 15:55:44,Nathan Dean,"['Frozen Pancakes', 'Spaghetti']",2,Cash,Lake Jesus,Young Adult (20-29),Spring,Discount on Selected Items,Yes,Midday,14.55
2023-03-19 16:00:12,Jennifer Richards,"['Almonds', 'Insect Repellent', 'Brown Sugar', 'Nail Clippers', 'Envelopes']",5,Cash,Woodwardville,Middle-aged (50-64),Summer,Discount on Selected Items,No,Afternoon,44.95
2023-03-19 16:22:33,Kevin Holland,['Butter'],1,Cash,Ricechester,Young Adult (20-29),Winter,BOGO (Buy One Get One),No,Afternoon,5.14
2023-03-19 16:45:34,Steven Reyes,"['Flats', 'T-Shirt', 'Glue', 'Light Bulbs', 'Sneakers', 'Garlic Powder', 'Trash Bags', 'Syrup', 'Hairbrush', 'Chocolate', 'Scarf', 'Pajamas']",12,Debit Card,Martinezville,Adult (30-49),Summer,Discount on Selected Items,No,Afternoon,124.9
2023-03-19 17:28:57,Daniel Eaton,"['Capri Pants', 'Shorts', 'Hand Sanitizer']",3,Cash,Rothmouth,Senior (65+),Fall,Discount on Selected Items,No,Afternoon,23.88
2023-03-19 18:28:27,Thomas Merritt,"['Ice Cream Sandwiches', 'Bra', 'Multi-Surface Cleaner', 'Notebooks', 'Cheese', 'Sweatshirt']",6,Debit Card,New Bridget,Senior (65+),Summer,Unknown Promotion,No,Afternoon,57.61
2023-03-19 19:03:26,Francisco Patterson,"['Flip Flops', 'Raincoat', 'Socks']",3,Cash,New Jacqueline,Middle-aged (50-64),Fall,Unknown Promotion,No,Evening,23.88
2023-03-19 20:18:04,Robert Esparza,['Olive Oil'],1,Debit Card,Gibsonport,Young Adult (20-29),Fall,Unknown Promotion,Yes,Evening,5.14
2023-03-19 20:51:35,Richard Clark,"['Nail Polish Remover', 'Jump Rope']",2,Debit Card,Danielleside,Young Adult (20-29),Summer,Discount on Selected Items,No,Evening,14.55
2023-03-19 21:20:10,Jacqueline Sawyer,"['Charcoal', 'Slippers', 'Thermometer']",3,Mobile Payment,East Lindatown,Young Adult (20-29),Spring,Discount on Selected Items,Yes,Evening,23.88
2023-03-20 04:05:32,Corey Bradford,"['Gloves', 'Gym Towel', 'Nail Clippers', 'Ear Muffs', 'Pants', 'Canned Fruit']",6,Cash,Port Karen,Young Adult (20-29),Winter,Discount on Selected Items,No,Morning,57.61
2023-03-20 13:10:14,George Rasmussen,"['Capri Pants', 'Dried Cranberries', 'Floss']",3,Credit Card,Lake Katherineton,Young Adult (20-29),Summer,Discount on Selected Items,Yes,Midday,23.88
2023-03-20 14:28:42,Joseph Johnson,"['Shampoo', 'Hat', 'Sneakers', 'Soy Sauce', 'Hangers', 'Oranges', 'Ice Cream Bars', 'Laundry Basket']",8,Credit Card,Tinatown,Adult (30-49),Summer,Unknown Promotion,No,Midday,77.1
2023-03-20 15:45:37,Steven Swanson,['Oranges'],1,Debit Card,Davidburgh,Young Adult (20-29),Spring,Unknown Promotion,Yes,Midday,5.14
2023-03-20 15:55:23,Alexander Bell,"['Matches', 'Raisins', 'Ice Cream Sandwiches', 'Polo Shirt', 'Chocolate', 'Frozen Sausages', 'Passport Holder', 'Shampoo']",8,Cash,South Matthewside,Young Adult (20-29),Spring,Discount on Selected Items,Yes,Midday,77.1
2023-03-20 17:23:44,Michelle Hicks,"['Trash Bags', 'Calculator', 'Frozen Sausages', 'Crayons']",4,Mobile Payment,North Margaret,Middle-aged (50-64),Fall,Discount on Selected Items,Yes,Afternoon,34.67
2023-03-20 17:27:08,Heather Spence,"['Slippers', 'Cold Medicine', 'Lighter', 'Milk', 'Frozen Bread']",5,Credit Card,Johnton,Adult (30-49),Spring,BOGO (Buy One Get One),Yes,Afternoon,44.95
2023-03-20 17:36:27,Richard Hughes,"['Bath Bombs', 'Hair Ties', 'Yoga Pants', 'Snack Cakes']",4,Debit Card,North Timothy,Middle-aged (50-64),Fall,Unknown Promotion,No,Afternoon,34.67
2023-03-20 20:16:14,Mary Torres,"['Moving Boxes', 'Energy Drinks']",2,Credit Card,Pamelaview,Young Adult (20-29),Winter,BOGO (Buy One Get One),No,Evening,14.55
2023-03-21 02:08:25,Brittany Morgan,"['Umbrella', 'Lip Balm', 'Bread', 'Exercise Ball']",4,Mobile Payment,Juliebury,Senior (65+),Spring,Unknown Promotion,No,Early Morning,34.67
2023-03-21 11:30:33,Ana Allen,"['Mayonnaise', 'Tank Top', 'Pepper', 'Canned Tuna', 'Sports Bra', 'Umbrella', 'Capri Pants', 'Spaghetti']",8,Mobile Payment,West Denisestad,Senior (65+),Winter,Discount on Selected Items,Yes,Midday,77.1
2023-03-21 12:51:38,Ryan Acosta,"['Scrubbers', 'Conditioner', 'Frozen Meatballs', 'Lotion']",4,Mobile Payment,South Austinburgh,Teenager (13-19),Spring,Unknown Promotion,Yes,Midday,34.67
2023-03-21 13:36:38,Mark Pace,"['Sports Drinks', 'Nail Clippers', 'Butter', 'Folders']",4,Credit Card,South Diamondburgh,Teenager (13-19),Fall,Unknown Promotion,Yes,Midday,34.67
2023-03-21 14:24:37,Felicia Daniel,"['Hairbrush', 'Apples', 'Batteries', 'Frozen Sausages', 'Cashews', 'Protein Shakes']",6,Credit Card,Ronaldborough,Middle-aged (50-64),Fall,Discount on Selected Items,No,Midday,57.61
2023-03-21 15:33:44,Jenna Vasquez,"['Barbecue Sauce', 'Bra', 'Headbands', 'Hair Ties', 'Orange Juice', 'Canola Oil']",6,Cash,Port Rhondaton,Adult (30-49),Spring,Discount on Selected Items,No,Midday,57.61
2023-03-21 16:10:40,Travis Martin,"['Detergent', 'Vegetable Oil', 'Snack Cakes', 'Honey', 'Pretzels', 'Bobby Pins', 'Cold Medicine', 'Rice', 'Water']",9,Cash,Andreahaven,Middle-aged (50-64),Summer,Discount on Selected Items,Yes,Afternoon,90.0
2023-03-21 17:56:53,Michael Brock,"['Scarf', 'Mouthwash', 'Vinegar', 'Paper Towels', 'Honey']",5,Cash,North Christopher,Middle-aged (50-64),Winter,BOGO (Buy One Get One),Yes,Afternoon,44.95
2023-03-21 18:10:53,James Bender,"['Ear Muffs', 'Lemonade']",2,Mobile Payment,Port Theresaton,Young Adult (20-29),Fall,Discount on Selected Items,Yes,Afternoon,14.55
2023-03-21 18:32:14,James Chavez,"['Backpack', 'Nail Clippers', 'Laundry Basket', 'Belt']",4,Credit Card,Blackwellberg,Young Adult (20-29),Spring,Discount on Selected Items,Yes,Afternoon,34.67
2023-03-21 21:16:23,Debra Davis,"['Super Glue', 'Cotton Swabs', 'Milk', 'Passport Holder', 'Brown Sugar', 'First Aid Kit', 'Brownies', 'Shampoo', 'Foam Roller', 'Soy Sauce']",10,Credit Card,Selenatown,Adult (30-49),Fall,Discount on Selected Items,No,Evening,102.2
2023-03-22 05:32:57,Natalie Rogers,"['Frozen Cake', 'Butter', 'Vegetable Oil', 'Protein Bars', 'Slippers', 'Cookies', 'Frozen Pizza Rolls', 'Sports Drinks']",8,Credit Card,Kaitlinshire,Middle-aged (50-64),Fall,BOGO (Buy One Get One),Yes,Morning,77.1
2023-03-22 11:36:23,Matthew Todd,"['Cinnamon', 'Baking Soda', 'Mints']",3,Cash,Pamelachester,Middle-aged (50-64),Winter,Discount on Selected Items,Yes,Midday,23.88
2023-03-22 12:46:23,Austin Fisher,"['Backpack', 'Cumin', 'Bath Salts']",3,Mobile Payment,Port Casey,Adult (30-49),Summer,Unknown Promotion,No,Midday,23.88
2023-03-22 13:56:53,Tiffany Knight,"['Butter', 'Bubble Bath', 'Exercise Bike', 'Frozen Meatballs']",4,Credit Card,Jamieland,Adult (30-49),Fall,Unknown Promotion,No,Midday,34.67
2023-03-22 14:32:19,Tanya Brown,['Frozen Fries'],1,Credit Card,West Carrieburgh,Middle-aged (50-64),Winter,BOGO (Buy One Get One),No,Midday,5.14
2023-03-22 15:12:21,Dr. Amanda Miller,['Almonds'],1,Credit Card,Judithland,Adult (30-49),Winter,Discount on Selected Items,Yes,Midday,5.14
2023-03-22 16:18:23,Travis Jackson,"['Rug', 'Mac and Cheese', 'Tomatoes', 'Plastic Wrap', 'Gum', 'Cough Syrup', 'Peanuts', 'Butter', 'Bath Bombs', 'Frozen Waffles']",10,Mobile Payment,Powellbury,Senior (65+),Spring,Unknown Promotion,No,Afternoon,102.2
2023-03-22 16:32:46,David Wilson,"['Facial Tissue', 'Sweatshirt']",2,Mobile Payment,Elizabethchester,Teenager (13-19),Spring,BOGO (Buy One Get One),Yes,Afternoon,14.55
2023-03-22 18:26:13,Tyler Davis,"['Frozen Fish Sticks', 'Pasta']",2,Credit Card,East Kimberly,Middle-aged (50-64),Winter,Unknown Promotion,No,Afternoon,14.55
2023-03-22 20:20:48,Corey Brennan,"['Cereal', 'Peanuts']",2,Mobile Payment,New Davidhaven,Adult (30-49),Summer,BOGO (Buy One Get One),No,Evening,14.55
2023-03-22 21:42:56,Richard Carter,"['Frozen Meatballs', 'Messenger Bag', 'Fabric Softener', 'Pajamas']",4,Mobile Payment,Laurenside,Middle-aged (50-64),Spring,BOGO (Buy One Get One),Yes,Evening,34.67
2023-03-23 11:02:42,Jennifer Herrera,"['Shaving Cream', 'Pretzels']",2,Credit Card,Erictown,Adult (30-49),Fall,Discount on Selected Items,No,Midday,14.55
2023-03-23 11:04:05,Mary Perez,"['Crackers', 'Body Wash', 'Frozen Sausages', 'Toothpaste']",4,Mobile Payment,Bridgeshaven,Adult (30-49),Winter,Unknown Promotion,Yes,Midday,34.67
2023-03-23 11:24:26,Timothy Torres,"['Shelving', 'Spaghetti', 'Ice Cream Bars']",3,Mobile Payment,Port Sheri,Adult (30-49),Winter,Discount on Selected Items,Yes,Midday,23.88
2023-03-23 13:19:58,Robert Hernandez,"['Floss', 'Onion Powder', 'Cough Syrup', 'Tomatoes']",4,Debit Card,North Tiffanyberg,Adult (30-49),Winter,Unknown Promotion,Yes,Midday,34.67
2023-03-23 13:50:39,Jo Ruiz,"['Barbecue Sauce', 'Sports Drinks', 'Nail Polish', 'Paper Cups']",4,Credit Card,Rogersberg,Adult (30-49),Spring,Discount on Selected Items,No,Midday,34.67
2023-03-23 15:02:13,Michael Burgess,"['Crackers', 'Skirt', 'Shoes', 'Paper Plates', 'Shower Curtain', 'Frozen Garlic Bread', 'Sweatshirt', 'Ketchup']",8,Mobile Payment,Melissaberg,Young Adult (20-29),Winter,Unknown Promotion,No,Midday,77.1
2023-03-23 15:47:15,Julie Aguilar,"['Duffel Bag', 'Toilet Paper', 'Pain Relievers', 'Paper Towels', 'Bagels']",5,Mobile Payment,Butlerfurt,Middle-aged (50-64),Spring,Unknown Promotion,Yes,Midday,44.95
2023-03-23 17:03:59,Devon Harrell,"['Paprika', 'One-Piece Swimsuit', 'Conditioner', 'Air Freshener', 'Canned Tuna']",5,Mobile Payment,Omarborough,Young Adult (20-29),Fall,Discount on Selected Items,No,Afternoon,44.95
2023-03-23 20:44:15,Matthew Navarro,"['Sunglasses', 'Bubble Bath']",2,Debit Card,Danielfurt,Adult (30-49),Winter,Unknown Promotion,Yes,Evening,14.55
2023-03-23 21:37:30,Steven Davis,"['Bagels', 'Dish Soap']",2,Mobile Payment,Atkinsport,Adult (30-49),Spring,Discount on Selected Items,Yes,Evening,14.55
2023-03-23 23:57:18,Mr. David Rivas,"['Boots', 'Handbag', 'Scissors']",3,Cash,New Jacqueline,Adult (30-49),Winter,Unknown Promotion,Yes,Late Night,23.88
2023-03-24 08:32:36,Anthony Santiago,"['Frozen Waffles', 'Pull-up Bar', 'Beach Towel', 'Headbands', 'Toilet Bowl Cleaner', 'Crackers', 'Hot Sauce', 'Paper Plates', 'Muffins']",9,Mobile Payment,Debraland,Adult (30-49),Spring,BOGO (Buy One Get One),No,Morning,90.0
2023-03-24 09:10:18,Brianna Shelton,"['Frozen Cookies', 'Jelly', 'Disinfectant Wipes', 'Shampoo', 'Chili Powder', 'Bath Mat', 'Dried Cranberries', 'Calculator', 'Cinnamon', 'Sweatshirt', 'Storage Bins']",11,Cash,Gloriafurt,Adult (30-49),Summer,Discount on Selected Items,Yes,Morning,113.03
2023-03-24 09:45:57,Maureen Ford,"['Bath Salts', 'Frozen Pizza Rolls', 'Sneakers', 'Messenger Bag', 'Matches']",5,Debit Card,Simpsonbury,Adult (30-49),Fall,Unknown Promotion,No,Morning,44.95
2023-03-24 09:49:54,Kaitlin Hansen,"['Cumin', 'Swim Cap', 'Cereal', 'Picture Frames']",4,Debit Card,North Alicia,Middle-aged (50-64),Fall,BOGO (Buy One Get One),Yes,Morning,34.67
2023-03-24 10:54:13,Joseph Robinson,"['Baking Powder', 'Juice']",2,Cash,New Paula,Adult (30-49),Winter,Unknown Promotion,Yes,Midday,14.55
2023-03-24 11:04:43,Michael Williams,"['Cucumber', 'Paper Cups']",2,Mobile Payment,East Erikborough,Young Adult (20-29),Spring,Unknown Promotion,Yes,Midday,14.55
2023-03-24 21:39:56,Madison Mcdowell,"['Jump Rope', 'Bobby Pins', 'Dried Cranberries', 'Pain Relievers', 'Heels', 'Sunglasses', 'Salt', 'Messenger Bag', 'Raisins', 'Frozen Fish Sticks', 'Binders']",11,Cash,Matthewberg,Senior (65+),Fall,Discount on Selected Items,Yes,Evening,113.03
2023-03-24 21:45:19,Nicholas Cochran,"['Coat', 'Rug', 'Tomato Sauce', 'Popcorn']",4,Cash,Port Kathrynchester,Young Adult (20-29),Fall,Unknown Promotion,Yes,Evening,34.67
2023-03-25 06:21:48,Lisa Hall,"['Air Freshener', 'Yoga Pants', 'Raincoat', 'Shower Curtain']",4,Debit Card,Amytown,Teenager (13-19),Summer,Discount on Selected Items,No,Morning,34.67
2023-03-25 08:57:02,James Taylor,"['Toothpaste', 'Frozen Bread', 'Tomato Sauce']",3,Credit Card,North Christopher,Adult (30-49),Spring,Unknown Promotion,Yes,Morning,23.88
2023-03-25 13:26:36,Beth Carter,"['Pull-up Bar', 'Sneakers', 'Scarf', 'Super Glue', 'Mouthwash', 'Tweezers']",6,Mobile Payment,Davidview,Middle-aged (50-64),Spring,BOGO (Buy One Get One),No,Midday,57.61
2023-03-25 14:30:23,Adam Clark,"['Juice', 'Sponges', 'Picture Frames', 'Cough Syrup', 'Razors']",5,Debit Card,West Arthurport,Adult (30-49),Winter,Discount on Selected Items,No,Midday,44.95
2023-03-25 15:17:15,James Goodman,"['Flats', 'Moving Boxes']",2,Debit Card,South Lauraville,Middle-aged (50-64),Fall,Discount on Selected Items,Yes,Midday,14.55
2023-03-25 15:17:45,Mary Johnson,"['Jeans', 'Sports Bra', 'Cashews', 'Toothbrush', 'Snack Cakes']",5,Mobile Payment,Bradybury,Young Adult (20-29),Fall,Discount on Selected Items,No,Midday,44.95
2023-03-25 15:25:12,James Meadows,"['Headbands', 'Sweater', 'Binders', 'Flip Flops']",4,Debit Card,Judyton,Senior (65+),Winter,Discount on Selected Items,No,Midday,34.67
2023-03-25 15:51:55,Karl Briggs,"['Napkins', 'Sports Bra', 'Briefcase', 'Mac and Cheese', 'Plastic Cups', 'Beef', 'Tomato Sauce']",7,Credit Card,Mooretown,Middle-aged (50-64),Summer,Discount on Selected Items,No,Midday,65.86
2023-03-25 17:10:38,Karen Clark MD,"['Paper Cups', 'Nail Polish Remover']",2,Debit Card,Sheppardstad,Adult (30-49),Spring,Discount on Selected Items,Yes,Afternoon,14.55
2023-03-25 17:26:47,Kristin Anderson,"['Yoga Pants', 'Water Bottle', 'Instant Noodles', 'Laptop Bag', 'Paprika', 'Ear Muffs', 'Garlic Powder']",7,Mobile Payment,Donaldsonfurt,Adult (30-49),Winter,Discount on Selected Items,Yes,Afternoon,65.86
2023-03-25 17:55:42,Tonya Edwards,"['Chili Powder', 'Donuts', 'Sneakers', 'Eggs', 'Post-it Notes', 'Stain Remover', 'Candles', 'Stamps', 'Frozen Breakfast Sandwiches', 'Raisins']",10,Debit Card,New Elizabeth,Adult (30-49),Summer,Discount on Selected Items,No,Afternoon,102.2
2023-03-25 18:39:55,Amanda Mcclure,"['Laundry Basket', 'Iced Tea', 'Sunscreen', 'Tank Top', 'Baking Soda', 'Cumin']",6,Cash,Port Herbertville,Adult (30-49),Fall,Discount on Selected Items,No,Afternoon,57.61
2023-03-25 20:47:04,James Brock,"['Bleach', 'Canned Tuna']",2,Credit Card,Seantown,Adult (30-49),Summer,Discount on Selected Items,No,Evening,14.55
2023-03-25 23:41:30,Jordan Higgins,"['Hangers', 'Slippers']",2,Credit Card,Clarkchester,Young Adult (20-29),Summer,Unknown Promotion,Yes,Late Night,14.55
2023-03-26 05:50:38,Betty Johnson,"['Pajamas', 'Chocolate', 'Frozen Meatballs', 'Rug', 'Headbands', 'Eggs', 'Paper Plates', 'Air Freshener', 'Garlic Powder']",9,Credit Card,Natalieville,Adult (30-49),Fall,BOGO (Buy One Get One),Yes,Morning,90.0
2023-03-26 08:03:29,Sandra Reilly,"['Bathrobe', 'Backpack', 'Bleach']",3,Debit Card,Briantown,Adult (30-49),Summer,Discount on Selected Items,No,Morning,23.88
2023-03-26 09:39:20,Ronald Arnold,"['Underwear', 'Hairbrush', 'Almonds', 'Toilet Bowl Cleaner', 'Disinfectant Wipes', 'Scarf']",6,Debit Card,Melissabury,Middle-aged (50-64),Fall,Discount on Selected Items,No,Morning,57.61
2023-03-26 09:47:26,Melissa White,"['Underwear', 'Laundry Detergent', 'Razors', 'Brownies', 'Frozen Breakfast Sandwiches']",5,Debit Card,Pattersonburgh,Middle-aged (50-64),Summer,Unknown Promotion,Yes,Morning,44.95
2023-03-26 10:54:52,Richard Wise,"['Frozen Fries', 'Yoga Pants', 'Exercise Ball', 'Ice Cream', 'Hair Ties', 'Eggs', 'Shower Curtain', 'Conditioner']",8,Mobile Payment,New Angelamouth,Young Adult (20-29),Summer,Unknown Promotion,No,Midday,77.1
2023-03-26 10:55:30,Kristin Johnson,"['Slippers', 'Binders', 'Butter', 'Raincoat', 'Bubble Wrap', 'Paper Plates', 'Sunglasses', 'Syrup']",8,Cash,Nicholasside,Young Adult (20-29),Fall,Discount on Selected Items,No,Midday,77.1
2023-03-26 13:02:17,Abigail Bryan,"['Frozen Dinners', 'Frozen Vegetables', 'Apples', 'Shampoo']",4,Cash,West Tomtown,Senior (65+),Fall,Unknown Promotion,No,Midday,34.67
2023-03-26 14:14:54,Michael Smith,['Lip Balm'],1,Credit Card,Heatherfurt,Adult (30-49),Summer,BOGO (Buy One Get One),Yes,Midday,5.14
2023-03-26 14:39:36,Nathaniel Porter,"['Briefcase', 'Jump Rope', 'Frozen Dinners', 'Pens', 'Trash Bags', 'Pain Relievers', 'Tomatoes']",7,Mobile Payment,Hunterborough,Young Adult (20-29),Summer,Unknown Promotion,No,Midday,65.86
2023-03-26 18:02:47,Yolanda Williams,"['Bath Bombs', 'Vinegar', 'Eggs', 'Frozen Fish Sticks', 'Fabric Softener', 'Jump Rope', 'Ice Cream']",7,Credit Card,North Michaelstad,Adult (30-49),Winter,BOGO (Buy One Get One),No,Afternoon,65.86
2023-03-27 08:05:59,James Allen,"['Peanut Butter', 'Scissors', 'Toothbrush', 'Tea', 'Ruler', 'Bleach', 'Onion Powder', 'Wine', 'Boots']",9,Cash,Juliaville,Adult (30-49),Spring,Discount on Selected Items,Yes,Morning,90.0
2023-03-27 13:41:19,Antonio Day,"['Storage Bins', 'Hand Sanitizer', 'Frozen Fries', 'Raincoat', 'Cream Cheese', 'Olives']",6,Mobile Payment,Port Jordanberg,Adult (30-49),Fall,Unknown Promotion,Yes,Midday,56.07
2023-03-27 14:17:57,Kerry Bradford,"['Plastic Utensils', 'Frozen Vegetables', 'Snack Cakes']",3,Credit Card,Roymouth,Adult (30-49),Summer,BOGO (Buy One Get One),Yes,Midday,23.88
2023-03-27 14:39:28,Christopher Barrett,"['Jump Rope', 'Milk', 'Butter', 'Floss', 'Vegetable Oil', 'Baking Powder', 'Frozen Burritos', 'Bobby Pins', 'Tank Top']",9,Cash,South Michelefort,Adult (30-49),Summer,Unknown Promotion,Yes,Midday,90.0
2023-03-27 16:02:27,Raymond Reid,"['Jeans', 'Chocolate', 'Chili Powder', 'Cough Drops']",4,Cash,West Cameron,Young Adult (20-29),Spring,BOGO (Buy One Get One),Yes,Afternoon,34.67
2023-03-27 16:36:30,Angela Stewart,"['Nail Clippers', 'Frozen Bagels', 'Ear Muffs', 'T-Shirt']",4,Credit Card,South Jonathan,Young Adult (20-29),Summer,Discount on Selected Items,Yes,Afternoon,34.67
2023-03-27 16:46:57,Michael Nelson PhD,"['Ice Cream Sandwiches', 'Bathrobe', 'Colored Pencils', 'Bubble Wrap', 'Ice Cream', 'First Aid Kit']",6,Debit Card,Moorefurt,Teenager (13-19),Summer,BOGO (Buy One Get One),No,Afternoon,57.61
2023-03-28 06:05:13,Zachary Martinez,"['Oats', 'Frozen Meatballs', 'Disinfectant Wipes', 'Bug Spray', 'Picture Frames', 'Jump Rope', 'Chips', 'Exercise Ball', 'Gum']",9,Credit Card,East Robert,Young Adult (20-29),Fall,BOGO (Buy One Get One),Yes,Morning,90.0
2023-03-28 06:25:27,Michele Moore,"['Frozen Fish Sticks', 'Donuts', 'Beef', 'Instant Noodles', 'Suitcase', 'Ice Cream', 'Luggage', 'Stain Remover', 'Index Cards']",9,Debit Card,East Amystad,Senior (65+),Summer,Unknown Promotion,Yes,Morning,90.0
2023-03-28 08:33:11,Ryan Simon,"['Gym Towel', 'Brownies', 'Flip Flops', 'Frozen Vegetables', 'Tomato Sauce', 'Plastic Cups']",6,Debit Card,East Anthonyside,Adult (30-49),Summer,Unknown Promotion,Yes,Morning,56.07
2023-03-28 08:45:40,John Dean,"['Ziploc Bags', 'Shelving', 'Donuts']",3,Debit Card,Lisastad,Senior (65+),Fall,Unknown Promotion,No,Morning,23.88
2023-03-28 08:59:26,Aaron Clark,"['Jump Rope', 'Almonds', 'Flour', 'Frozen Dinners', 'Polo Shirt', 'Cough Drops']",6,Credit Card,Woodardview,Young Adult (20-29),Fall,Unknown Promotion,No,Morning,57.61
2023-03-28 15:13:21,Jennifer Moore,"['Lip Balm', 'Cumin', 'Duct Tape', 'Popcorn', 'Air Freshener', 'Frozen Sausages']",6,Cash,Riveramouth,Teenager (13-19),Winter,Discount on Selected Items,No,Midday,57.61
2023-03-28 15:30:57,Daniel Flores,"['Tomatoes', 'Storage Bins', 'Backpack', 'Scarf', 'Passport Holder', 'Tote Bag', 'Ruler', 'Sponges', 'Treadmill', 'Dress']",10,Mobile Payment,Johnsport,Young Adult (20-29),Spring,Unknown Promotion,No,Midday,102.2
2023-03-28 16:47:44,Jessica Miller,"['Hand Sanitizer', 'Coffee', 'Shorts']",3,Cash,West Kenneth,Young Adult (20-29),Summer,BOGO (Buy One Get One),Yes,Afternoon,23.88
2023-03-28 19:03:53,Angela Peterson,"['Hand Sanitizer', 'Oranges', 'Moving Boxes', 'Passport Holder', 'Rice', 'Brown Sugar', 'Shorts']",7,Mobile Payment,Trujilloside,Young Adult (20-29),Fall,BOGO (Buy One Get One),Yes,Evening,65.86
2023-03-28 19:12:16,Nicholas Martinez,"['Ear Muffs', 'Toothbrush', 'Scrubbers']",3,Mobile Payment,Jeremiahshire,Young Adult (20-29),Winter,Unknown Promotion,No,Evening,23.88
2023-03-28 19:14:31,Kathy Hensley,"['Goggles', 'Comb', 'Salt', 'Belt', 'Protein Powder', 'Socks', 'T-Shirt']",7,Cash,Moorebury,Senior (65+),Summer,Unknown Promotion,No,Evening,65.86
2023-03-28 21:25:37,James Kirby,"['Crayons', 'Frozen Chicken Nuggets', 'Facial Tissue', 'Sunscreen', 'Ice Cream Bars', 'Bath Bombs', 'Fabric Softener', 'Swim Trunks', 'Plastic Wrap']",9,Credit Card,Port Jeremyberg,Middle-aged (50-64),Winter,Unknown Promotion,No,Evening,90.0
2023-03-28 21:29:11,Melanie Wells,"['Hat', 'Bread', 'Paper Plates', 'Pain Relievers']",4,Debit Card,Millerfurt,Senior (65+),Fall,BOGO (Buy One Get One),Yes,Evening,34.67
2023-03-28 21:52:52,Adam Smith,"['Post-it Notes', 'Gloves', 'Cheese', 'Super Glue', 'Canned Fruit', 'Flashlight', 'Bath Bombs', 'Sneakers']",8,Debit Card,New Christine,Teenager (13-19),Fall,Discount on Selected Items,No,Evening,77.1
2023-03-28 22:06:41,William Wilson,"['Notebooks', 'Index Cards', 'Yoga Pants', 'Frozen Fruit']",4,Credit Card,Robertside,Senior (65+),Winter,BOGO (Buy One Get One),No,Late Night,34.67
2023-03-29 02:16:31,Melissa Ellis,"['Sponges', 'Olive Oil', 'Notebooks', 'Gum']",4,Mobile Payment,Lake Kennethburgh,Young Adult (20-29),Summer,BOGO (Buy One Get One),Yes,Early Morning,34.67
2023-03-29 02:17:45,Curtis Brock,"['Sunscreen', 'Dress', 'Mints']",3,Credit Card,West Jonathan,Senior (65+),Fall,Unknown Promotion,No,Early Morning,23.88
2023-03-29 06:36:37,Alexander Sullivan,['Oats'],1,Mobile Payment,East Jacquelineland,Adult (30-49),Winter,Discount on Selected Items,Yes,Morning,5.14
2023-03-29 08:00:08,Sarah Andrews,"['Bread', 'Protein Shakes', 'Pens', 'Swim Trunks']",4,Debit Card,Doyleview,Senior (65+),Spring,BOGO (Buy One Get One),Yes,Morning,34.67
2023-03-29 09:27:30,Joshua Wood,"['Eggs', 'Lighter Fluid', 'Batteries', 'Frozen Dinners', 'Chewing Gum', 'Matches', 'Treadmill']",7,Debit Card,North Ashley,Senior (65+),Spring,BOGO (Buy One Get One),No,Morning,65.86
2023-03-29 10:07:35,Meagan Perez,"['Underwear', 'Sports Bra', 'Shower Shoes', 'Donuts', 'Purse', 'Deodorant']",6,Mobile Payment,Jonestown,Senior (65+),Summer,Unknown Promotion,No,Midday,57.61
2023-03-29 10:39:40,Dawn Vargas,"['Bread', 'Scissors', 'Picture Frames', 'Duct Tape']",4,Mobile Payment,Alexanderside,Middle-aged (50-64),Summer,BOGO (Buy One Get One),Yes,Midday,34.67
2023-03-29 10:44:16,Dana Hudson,"['Luggage', 'Spaghetti', 'Candy Bars', 'Cheese', 'Gum']",5,Mobile Payment,Livingstonhaven,Teenager (13-19),Fall,Unknown Promotion,No,Midday,44.95
2023-03-29 10:53:39,Angela Perez,"['Snack Cakes', 'Storage Bins', 'Energy Drinks', 'Olive Oil', 'Passport Holder', 'Capri Pants']",6,Debit Card,South Ashleyborough,Middle-aged (50-64),Summer,BOGO (Buy One Get One),No,Midday,57.61
2023-03-29 10:59:12,Justin Vasquez,['Binders'],1,Credit Card,North Kathrynview,Middle-aged (50-64),Winter,Unknown Promotion,Yes,Midday,5.14
2023-03-29 11:28:59,Latoya Lewis,"['Peanuts', 'Heels', 'Oats', 'Toothbrush', 'Popsicles']",5,Debit Card,Porterborough,Teenager (13-19),Winter,Unknown Promotion,No,Midday,44.95
2023-03-29 13:07:14,Jacob Holt,"['One-Piece Swimsuit', 'Frozen Pancakes', 'Snack Cakes', 'Lemonade', 'Butter', 'Envelopes']",6,Mobile Payment,Stewartshire,Senior (65+),Fall,Discount on Selected Items,Yes,Midday,56.07
2023-03-29 15:16:15,Kenneth Maynard,"['Cookies', 'Frozen Waffles']",2,Cash,Port Hunter,Adult (30-49),Summer,Unknown Promotion,Yes,Midday,14.55
2023-03-29 17:03:02,Whitney Armstrong,"['Flour', 'Rice']",2,Debit Card,Crawfordtown,Adult (30-49),Spring,Discount on Selected Items,No,Afternoon,14.55
2023-03-29 17:47:13,Becky Hill,"['Water Bottle', 'Sneakers', 'Flats', 'Shower Shoes']",4,Credit Card,New Brian,Adult (30-49),Winter,BOGO (Buy One Get One),No,Afternoon,34.67
2023-03-29 23:36:23,Alec Jacobson,"['Soy Sauce', 'Tweezers', 'Gelato', 'Bananas', 'Garlic Powder', 'Winter Hat', 'Chicken', 'Milk', 'Honey']",9,Cash,East David,Teenager (13-19),Fall,Discount on Selected Items,Yes,Late Night,90.0
2023-03-30 00:50:52,Steve Robinson,"['Binders', 'Batteries', 'Envelopes', 'Ice Cream', 'Ziploc Bags', 'Rowing Machine', 'Jump Rope', 'Bath Mat', 'Bath Bombs', 'Facial Tissue', 'Shower Cap']",11,Cash,New Johnhaven,Young Adult (20-29),Spring,Unknown Promotion,No,Early Morning,115.89
2023-03-30 05:05:54,Christopher Sutton,"['Gloves', 'Shelving']",2,Cash,North Trevor,Adult (30-49),Summer,BOGO (Buy One Get One),No,Morning,14.55
2023-03-30 07:34:09,Jessica Garcia,"['Gelato', 'Cotton Balls', 'Pull-up Bar', 'Butter', 'Wallet', 'Purse']",6,Cash,Andrefort,Adult (30-49),Fall,Unknown Promotion,No,Morning,57.61
2023-03-30 08:55:45,Stephanie Cummings,"['Paprika', 'Glue', 'Hat', 'Lighter Fluid', 'Ramen', 'Pickles', 'Exercise Ball', 'Cotton Balls']",8,Cash,East Amanda,Young Adult (20-29),Winter,Discount on Selected Items,Yes,Morning,77.1
2023-03-30 08:56:04,Rachel Kirk,"['Toothbrush', 'One-Piece Swimsuit']",2,Mobile Payment,Duranmouth,Middle-aged (50-64),Spring,Discount on Selected Items,Yes,Morning,14.55
2023-03-30 10:34:17,Hailey Alvarez,"['Mac and Cheese', 'Olive Oil', 'Storage Bins']",3,Cash,Nicoleside,Adult (30-49),Summer,Discount on Selected Items,Yes,Midday,23.88
2023-03-30 13:49:01,Arthur Richardson,"['Batteries', 'Suitcase', 'Butter', 'Bra']",4,Debit Card,East Robertfurt,Young Adult (20-29),Winter,BOGO (Buy One Get One),No,Midday,34.67
2023-03-30 14:31:14,Rebecca Burke,"['Butter', 'Workout Clothes', 'Canned Tuna', 'Stamps', 'Pepper', 'Mouthwash']",6,Credit Card,Solomonview,Middle-aged (50-64),Fall,BOGO (Buy One Get One),No,Midday,57.61
2023-03-30 14:50:49,James Salas,['Frozen Meatballs'],1,Credit Card,Rogersberg,Adult (30-49),Fall,Discount on Selected Items,No,Midday,5.14
2023-03-30 15:07:47,Veronica Chambers,"['Sunglasses', 'Sports Bra', 'Bananas', 'Napkins', 'Cotton Swabs']",5,Credit Card,South Reginald,Young Adult (20-29),Fall,Discount on Selected Items,No,Midday,44.95
2023-03-30 15:49:39,Erica King,"['Post-it Notes', 'Boots', 'Mayonnaise', 'Slippers', 'Honey', 'Shorts']",6,Mobile Payment,South Ashleyport,Young Adult (20-29),Winter,Discount on Selected Items,Yes,Midday,56.07
2023-03-30 17:30:17,Kimberly Scott,"['Purse', 'First Aid Kit', 'Ice Cream Tubs', 'Hand Sanitizer', 'Storage Bins', 'Soy Sauce', 'Tank Top', 'Bread']",8,Credit Card,Lindseyborough,Adult (30-49),Spring,Unknown Promotion,No,Afternoon,77.1
2023-03-30 17:51:17,Anthony Duncan,"['Headbands', 'Hat', 'Cookies']",3,Credit Card,West Kathleen,Teenager (13-19),Spring,Discount on Selected Items,No,Afternoon,23.88
2023-03-30 17:55:20,Nicole Jimenez,['Cough Drops'],1,Cash,West Andreafurt,Young Adult (20-29),Fall,Discount on Selected Items,No,Afternoon,5.14
2023-03-30 19:22:16,Daniel Hill,"['Coat', 'Cashews', 'Suitcase']",3,Credit Card,Patrickburgh,Young Adult (20-29),Summer,Discount on Selected Items,Yes,Evening,23.88
2023-03-30 19:24:08,Jason Skinner,"['Beer', 'Ziploc Bags', 'Canola Oil', 'Disinfectant Wipes', 'Napkins', 'Flats']",6,Credit Card,Stephanieton,Adult (30-49),Winter,BOGO (Buy One Get One),Yes,Evening,56.07
2023-03-30 19:44:23,Sarah Martin,"['Sunglasses', 'Cough Syrup', 'Cotton Balls', 'Protein Powder']",4,Debit Card,Anthonymouth,Adult (30-49),Winter,Discount on Selected Items,Yes,Evening,34.67
2023-03-30 20:07:34,Victoria Lewis,"['Band-Aids', 'Toilet Bowl Cleaner']",2,Credit Card,Morrismouth,Young Adult (20-29),Spring,Discount on Selected Items,Yes,Evening,14.55
2023-03-31 08:00:00,Tamara Miller,"['Sports Drinks', 'Bananas']",2,Mobile Payment,Morenotown,Middle-aged (50-64),Summer,Discount on Selected Items,Yes,Morning,14.55
2023-03-31 08:48:54,Jeffrey Rodriguez,"['Exercise Ball', 'Canned Vegetables', 'Bra']",3,Credit Card,New Jeremy,Young Adult (20-29),Winter,Unknown Promotion,No,Morning,23.88
2023-03-31 08:52:23,Mr. Thomas Knight,"['Facial Tissue', 'Skirt', 'Frozen Waffles']",3,Mobile Payment,Erinshire,Adult (30-49),Fall,BOGO (Buy One Get One),No,Morning,23.88
2023-03-31 10:05:18,Levi Morris,"['Cough Drops', 'Skirt', 'Trash Bags', 'Hangers', 'Glass Cleaner', 'Canola Oil', 'Ice Cream Bars']",7,Cash,Port Justin,Young Adult (20-29),Spring,Unknown Promotion,Yes,Midday,65.86
2023-03-31 10:05:29,Samuel Clarke,"['Picture Frames', 'Cashews', 'Sunscreen', 'One-Piece Swimsuit', 'Paper Plates', 'Disinfectant Wipes']",6,Cash,New Paul,Young Adult (20-29),Winter,BOGO (Buy One Get One),Yes,Midday,56.07
2023-03-31 10:07:40,David Morgan,"['Protein Bars', 'Glue', 'Luggage', 'Insect Repellent', 'Ice Cream', 'Tomato Sauce']",6,Credit Card,North Zachary,Middle-aged (50-64),Winter,BOGO (Buy One Get One),Yes,Midday,56.07
2023-03-31 10:37:41,Carol Wilson,"['Sugar', 'Plastic Wrap', 'Granola Bars', 'Winter Hat']",4,Cash,Acevedoton,Adult (30-49),Fall,Unknown Promotion,No,Midday,34.67
2023-03-31 15:08:38,Sierra White,"['Cinnamon', 'Glue', 'Orange Juice']",3,Debit Card,Port Christopher,Young Adult (20-29),Winter,Unknown Promotion,Yes,Midday,23.88
2023-03-31 18:02:49,Karen Clark,"['Cookies', 'Barbecue Sauce', 'Insect Repellent', 'Moving Boxes', 'Gelato', 'Donuts']",6,Cash,Theresabury,Young Adult (20-29),Winter,Discount on Selected Items,No,Afternoon,57.61
2023-03-31 18:07:58,Michael Wagner,"['Toilet Bowl Cleaner', 'Sunscreen', 'Light Bulbs', 'Pens', 'Honey', 'Hoodie']",6,Mobile Payment,South Donaldside,Adult (30-49),Fall,Discount on Selected Items,No,Afternoon,57.61
2023-03-31 20:34:44,William Miranda,"['Soy Sauce', 'Raisins', 'Toilet Bowl Cleaner', 'Pasta Sauce', 'Light Bulbs', 'Heels', 'Bra', 'Suitcase', 'Ice Cream Sandwiches', 'Mustard', 'Frozen Meatballs']",11,Mobile Payment,Lake Leahburgh,Senior (65+),Fall,Unknown Promotion,Yes,Evening,113.03
2023-03-31 21:08:00,Samuel Brown,"['Sports Bra', 'Vegetable Oil', 'Shaving Cream']",3,Mobile Payment,Morrisburgh,Young Adult (20-29),Fall,BOGO (Buy One Get One),Yes,Evening,23.88
2023-04-01 09:01:52,Jamie Mckenzie,"['Cough Drops', 'Vinegar']",2,Cash,East Brianburgh,Middle-aged (50-64),Winter,Discount on Selected Items,Yes,Morning,14.55
2023-04-01 09:02:29,Austin Norman,"['Winter Hat', 'T-Shirt', 'Gloves', 'Nail Clippers', 'Beef']",5,Debit Card,West Bradley,Middle-aged (50-64),Spring,BOGO (Buy One Get One),Yes,Morning,44.95
2023-04-01 10:04:41,Kristine Johnson,"['Dried Cranberries', 'Flip Flops', 'Duffel Bag', 'Markers', 'Socks']",5,Credit Card,South Cody,Middle-aged (50-64),Spring,BOGO (Buy One Get One),No,Midday,44.95
2023-04-01 10:10:47,Linda Bell,"['Cumin', 'Frozen Sausages', 'Glue', 'Briefcase', 'Sports Drinks']",5,Cash,Harrisshire,Adult (30-49),Fall,BOGO (Buy One Get One),Yes,Midday,44.95
2023-04-01 12:57:41,Preston Kemp,"['Bleach', 'Vegetable Oil', 'Messenger Bag']",3,Mobile Payment,North Ashley,Adult (30-49),Spring,Unknown Promotion,Yes,Midday,23.88
2023-04-01 14:28:38,Kylie York,"['Tomato Sauce', 'Lighter', 'Index Cards', 'Pants', 'Frozen Dinners']",5,Debit Card,Webbtown,Adult (30-49),Fall,BOGO (Buy One Get One),No,Midday,44.95
2023-04-01 15:09:50,Courtney Hutchinson,"['Beer', 'Bleach', 'Flashlight']",3,Credit Card,West Brianbury,Teenager (13-19),Spring,Unknown Promotion,Yes,Midday,23.88
2023-04-01 16:25:34,Austin Davis,"['Muffins', 'Razors', 'Markers']",3,Credit Card,West Denise,Adult (30-49),Summer,BOGO (Buy One Get One),No,Afternoon,23.88
2023-04-01 17:49:18,Donna Young,"['Picture Frames', 'Candles', 'Rowing Machine', 'Peanuts', 'Blouse', 'Protein Powder', 'T-Shirt']",7,Credit Card,New Kyle,Young Adult (20-29),Fall,BOGO (Buy One Get One),No,Afternoon,65.86
2023-04-01 18:06:00,William Clements,"['Barbecue Sauce', 'Detergent', 'Paprika', 'Frozen Pie']",4,Mobile Payment,Lake Bradleyside,Young Adult (20-29),Fall,BOGO (Buy One Get One),Yes,Afternoon,34.67
2023-04-01 19:31:57,Robin Harrington,"['Bubble Wrap', 'Slippers', 'Chicken', 'Construction Paper']",4,Credit Card,Lake Ronald,Adult (30-49),Fall,Discount on Selected Items,No,Evening,34.67
2023-04-01 21:06:29,Donald Hess,"['Scarf', 'Lemonade']",2,Credit Card,North Melissa,Middle-aged (50-64),Winter,BOGO (Buy One Get One),Yes,Evening,14.55
2023-04-02 07:00:47,Jennifer Kennedy,"['Picture Frames', 'Shampoo', 'Briefcase']",3,Debit Card,Port Mercedes,Teenager (13-19),Summer,Unknown Promotion,No,Morning,23.88
2023-04-02 09:06:36,Robert Barker,"['Thermometer', 'Cotton Balls', 'Pasta Sauce', 'Shelving', 'Vinegar', 'Socks', 'Syrup']",7,Credit Card,South Derrick,Middle-aged (50-64),Spring,Discount on Selected Items,No,Morning,65.86
2023-04-02 10:48:40,Alice Owens,"['Juice', 'Flip Flops', 'Bathrobe', 'Soy Sauce']",4,Credit Card,Morrisonfort,Adult (30-49),Fall,BOGO (Buy One Get One),No,Midday,34.67
2023-04-02 12:31:14,Linda Willis,"['Slippers', 'Cashews', 'Index Cards', 'Lollipops']",4,Debit Card,Markburgh,Middle-aged (50-64),Winter,Unknown Promotion,Yes,Midday,34.67
2023-04-02 14:08:47,Julia Young DDS,"['Sorbets', 'Envelopes', 'Chili Powder', 'Calculator']",4,Debit Card,North Stephen,Middle-aged (50-64),Winter,BOGO (Buy One Get One),Yes,Midday,34.67
2023-04-02 15:03:14,Patrick Smith,"['One-Piece Swimsuit', 'Fabric Softener', 'Gym Towel', 'Hangers', 'Cookies', 'Elliptical']",6,Cash,Turnerside,Young Adult (20-29),Summer,Discount on Selected Items,No,Midday,57.61
2023-04-02 16:34:35,Eddie Garrett,"['Frozen Cookies', 'Air Freshener', 'Pajamas']",3,Mobile Payment,Bethanyside,Adult (30-49),Summer,BOGO (Buy One Get One),No,Afternoon,23.88
2023-04-02 17:52:17,Amber Davis,"['Conditioner', 'Cumin', 'Lollipops', 'Canola Oil', 'Frozen Bread']",5,Cash,South Sharon,Adult (30-49),Spring,Discount on Selected Items,No,Afternoon,44.95
2023-04-02 17:54:31,Joseph Washington,"['Cold Medicine', 'Jam', 'Ice Cream Sandwiches', 'Photo Albums', 'Soda', 'Hairbrush', 'Nail Polish Remover', 'Winter Hat', 'Pull-up Bar']",9,Credit Card,Fergusonport,Senior (65+),Winter,Unknown Promotion,No,Afternoon,90.0
2023-04-02 18:12:32,Sarah Pugh,['Pretzels'],1,Credit Card,Shawntown,Teenager (13-19),Summer,Discount on Selected Items,Yes,Afternoon,5.14
2023-04-02 19:28:54,Dominic Collins,"['Wine', 'Dried Cranberries', 'Duffel Bag', 'Frozen Fruit', 'Boots', 'Flip Flops', 'Laptop Bag', 'Lip Balm']",8,Cash,Salashaven,Adult (30-49),Summer,Unknown Promotion,Yes,Evening,77.1
2023-04-02 19:30:32,Brandon Davis,"['Frozen Pizza', 'Body Wash', 'Raisins', 'Candy Bars', 'Coffee']",5,Credit Card,Davisstad,Young Adult (20-29),Fall,Discount on Selected Items,Yes,Evening,44.95
2023-04-02 20:23:41,Bradley Rodriguez,"['Disinfectant Wipes', 'Frozen Pancakes', 'Leggings', 'Sorbets', 'Storage Bins', 'T-Shirt']",6,Credit Card,Omarview,Middle-aged (50-64),Spring,Unknown Promotion,Yes,Evening,56.07
2023-04-02 21:39:26,Grant Todd,"['Purse', 'Aluminum Foil', 'Gym Towel', 'Yoga Pants', 'Body Wash', 'Floss', 'Pasta Sauce', 'Underwear', 'Instant Noodles']",9,Mobile Payment,South Elizabethshire,Middle-aged (50-64),Summer,BOGO (Buy One Get One),No,Evening,90.0
2023-04-02 22:53:37,Laura Knight,"['Shower Curtain', 'Instant Noodles', 'Pajamas', 'Canned Fruit', 'Snack Cakes', 'Toilet Paper', 'Laptop Bag', 'Floss', 'Duffel Bag']",9,Debit Card,Stevenstad,Middle-aged (50-64),Winter,Unknown Promotion,Yes,Late Night,90.0
2023-04-03 02:47:57,Gregory Schultz,"['Cheese', 'Tote Bag', 'Carry-on Bag', 'Shoes']",4,Cash,New Andrew,Adult (30-49),Spring,BOGO (Buy One Get One),Yes,Early Morning,34.67
2023-04-03 08:40:25,David Kaufman,"['Ice Cream Sandwiches', 'Purse', 'Crayons', 'Coffee', 'Pull-up Bar', 'Iced Tea', 'T-Shirt', 'Pasta Sauce']",8,Credit Card,Port Martinberg,Adult (30-49),Fall,BOGO (Buy One Get One),Yes,Morning,77.1
2023-04-03 09:28:21,Sheryl Pollard,"['Tweezers', 'Pain Relievers', 'Lemonade', 'Soap']",4,Cash,Lake Sara,Young Adult (20-29),Spring,Discount on Selected Items,Yes,Morning,34.67
2023-04-03 09:34:20,Michelle Hampton,"['Elliptical', 'Sports Drinks']",2,Mobile Payment,Taylorfort,Teenager (13-19),Fall,BOGO (Buy One Get One),Yes,Morning,14.55
2023-04-03 10:54:56,Stephanie Ray,"['Washcloths', 'Pencils']",2,Debit Card,North Andrewburgh,Middle-aged (50-64),Summer,Discount on Selected Items,No,Midday,14.55
2023-04-03 12:04:51,Carrie Anderson,"['Frozen Fish Sticks', 'Canned Vegetables', 'Ziploc Bags', 'Frozen Breakfast Sandwiches']",4,Mobile Payment,Jerryborough,Adult (30-49),Spring,Unknown Promotion,Yes,Midday,34.67
2023-04-03 12:53:00,Jeffrey Bailey,"['Toothbrush', 'Pretzels', 'Toilet Bowl Cleaner']",3,Debit Card,Patelhaven,Senior (65+),Spring,Unknown Promotion,No,Midday,23.88
2023-04-03 15:01:00,Sandra Wright,"['Sweatshirt', 'Onion Powder', 'Oats', 'Raincoat', 'Baking Powder', 'Pens', 'Colored Pencils', 'Pain Relievers']",8,Credit Card,Port Patriciastad,Young Adult (20-29),Fall,Discount on Selected Items,No,Midday,77.1
2023-04-03 15:05:51,Rodney Solomon,"['Exercise Bike', 'Plastic Cups', 'Jeans', 'Snack Cakes', 'Soy Sauce', 'Headbands', 'Rice']",7,Mobile Payment,Davidberg,Adult (30-49),Winter,BOGO (Buy One Get One),Yes,Midday,65.86
2023-04-03 16:03:44,Cheyenne Robinson,"['Washcloths', 'Leggings', 'Sunglasses', 'Lighter', 'Pain Relievers', 'Frozen Garlic Bread', 'Exercise Bike', 'Glue', 'Gym Towel']",9,Mobile Payment,West Joanburgh,Adult (30-49),Spring,Unknown Promotion,No,Afternoon,90.0
2023-04-03 17:49:45,Jason Sanchez,"['Shampoo', 'Beef', 'Ruler', 'Light Bulbs', 'Disinfectant Wipes', 'Floss']",6,Debit Card,Dunnbury,Middle-aged (50-64),Fall,Unknown Promotion,No,Afternoon,57.61
2023-04-03 18:46:44,Mark Fernandez,"['Juice', 'Raisins', 'Scrubbers', 'Shower Shoes']",4,Mobile Payment,Port Regina,Teenager (13-19),Fall,Unknown Promotion,No,Afternoon,34.67
2023-04-03 19:04:43,Monica Jackson,"['Facial Tissue', 'Briefcase', 'Ear Muffs', 'Markers', 'Canned Tuna', 'Flip Flops', 'Cookies', 'Slippers', 'Detergent', 'Disinfectant Wipes']",10,Debit Card,North Valerie,Adult (30-49),Summer,BOGO (Buy One Get One),Yes,Evening,102.2
2023-04-03 19:23:24,John Wagner,"['Chips', 'Flats', 'Beer', 'Pull-up Bar', 'Chili Powder']",5,Mobile Payment,Dyerborough,Senior (65+),Winter,Discount on Selected Items,No,Evening,44.95
2023-04-03 19:42:55,Laura Kirby,"['Pajamas', 'Frozen Pizza', 'Treadmill', 'Beef']",4,Debit Card,East Dylanport,Adult (30-49),Fall,Discount on Selected Items,Yes,Evening,34.67
2023-04-03 21:55:12,Tracy House,"['Nail Polish', 'Fabric Softener']",2,Credit Card,Johnsonview,Middle-aged (50-64),Summer,BOGO (Buy One Get One),Yes,Evening,14.55
2023-04-04 01:25:14,Dawn Huerta,"['Backpack', 'Body Wash', 'Cereal', 'Shelving']",4,Cash,Susanshire,Adult (30-49),Spring,BOGO (Buy One Get One),Yes,Early Morning,34.67
2023-04-04 06:45:24,Anthony James,"['Flip Flops', 'Donuts', 'Carry-on Bag', 'Colored Pencils', 'Umbrella', 'Stamps', 'Laundry Basket', 'Cough Drops', 'Winter Hat']",9,Cash,Bonnieberg,Senior (65+),Spring,Unknown Promotion,Yes,Morning,90.0
2023-04-04 07:25:24,Tiffany Roberts,"['Almonds', 'Vinegar', 'Paprika', 'Slippers', 'Crayons']",5,Mobile Payment,Jonesville,Adult (30-49),Fall,Discount on Selected Items,Yes,Morning,44.95
2023-04-04 08:06:04,Eric Roberts,"['Raincoat', 'Detergent', 'Wine', 'Jump Rope', 'Suitcase', 'Razors', 'Frozen Fish Sticks', 'Soda', 'Frozen Bagels', 'Conditioner', 'Energy Drinks']",11,Credit Card,Carolinehaven,Teenager (13-19),Summer,Unknown Promotion,Yes,Morning,113.03
2023-04-04 08:36:37,Sandra Thomas,"['Bath Salts', 'Hair Ties', 'Socks']",3,Cash,Suzannefurt,Middle-aged (50-64),Fall,Unknown Promotion,No,Morning,23.88
2023-04-04 10:09:58,Ryan Davis,"['Sandals', 'Toothpaste', 'Scissors', 'Rice', 'Ice Cream', 'Pants']",6,Cash,Jessicaton,Young Adult (20-29),Fall,BOGO (Buy One Get One),Yes,Midday,56.07
2023-04-04 10:38:01,Austin Jones,"['Shoes', 'Peanuts', 'Eggs', 'Coffee']",4,Debit Card,West Mary,Adult (30-49),Fall,Unknown Promotion,No,Midday,34.67
2023-04-04 12:26:03,Melissa Murray,"['Extension Cord', 'Shower Cap', 'Paper Towels']",3,Debit Card,Clarkshire,Adult (30-49),Fall,Discount on Selected Items,No,Midday,23.88
2023-04-04 15:32:00,Laurie Wright,"['Post-it Notes', 'Pepper', 'Detergent', 'Sneakers', 'Orange Juice']",5,Debit Card,Port Rebeccamouth,Adult (30-49),Winter,Discount on Selected Items,No,Midday,44.95
2023-04-04 16:07:13,Steven Weiss,"['Donuts', 'Sponges']",2,Credit Card,Lake Jenniferland,Middle-aged (50-64),Winter,BOGO (Buy One Get One),No,Afternoon,14.55
2023-04-04 16:58:10,Jennifer Ayala,"['Frozen Pie', 'Goggles', 'Paprika']",3,Debit Card,East Johnnybury,Adult (30-49),Fall,BOGO (Buy One Get One),Yes,Afternoon,23.88
2023-04-04 17:30:09,Krystal Myers,"['Deodorant', 'Protein Powder', 'Ice Cream Bars', 'Hoodie', 'Stain Remover']",5,Cash,Anthonyhaven,Adult (30-49),Winter,Discount on Selected Items,Yes,Afternoon,44.95
2023-04-04 21:03:48,Mark Thompson,"['Shaving Cream', 'Frozen Pancakes', 'Luggage']",3,Mobile Payment,West Joseph,Teenager (13-19),Fall,Unknown Promotion,Yes,Evening,23.88
2023-04-05 12:37:23,Daniel Adams,"['Ziploc Bags', 'Lighter', 'Ice Cream Cones', 'Chips', 'Frozen Fruit', 'Briefcase']",6,Mobile Payment,West Antonioborough,Adult (30-49),Winter,Unknown Promotion,No,Midday,57.61
2023-04-05 13:27:24,Daniel Quinn,"['Dried Cranberries', 'Gym Bag', 'Folders', 'Nail Clippers', 'Sweatshirt', 'Allergy Medicine', 'Shoes', 'Mints', 'Elliptical']",9,Debit Card,Richardton,Adult (30-49),Spring,Unknown Promotion,Yes,Midday,90.0
2023-04-05 14:23:23,Jessica Guerra,"['Cheese', 'Brown Sugar']",2,Debit Card,New Michael,Senior (65+),Winter,BOGO (Buy One Get One),Yes,Midday,14.55
2023-04-05 14:59:35,Kerry Foster,"['Lighter Fluid', 'Swim Cap', 'Matches', 'Frozen Sausages']",4,Credit Card,West Kevin,Middle-aged (50-64),Spring,Discount on Selected Items,Yes,Midday,34.67
2023-04-05 15:07:21,Kelsey Simpson,"['Washcloths', 'Hairbrush', 'Honey', 'Bread', 'Sunscreen', 'Band-Aids', 'Canned Soup']",7,Mobile Payment,Lawrenceborough,Adult (30-49),Fall,BOGO (Buy One Get One),No,Midday,65.86
2023-04-05 15:29:13,John Harris,"['Sunscreen', 'Thermometer', 'Shaving Cream', 'Jelly', 'Laundry Detergent']",5,Credit Card,Amberfurt,Adult (30-49),Winter,BOGO (Buy One Get One),Yes,Midday,44.95
2023-04-05 15:47:46,Calvin Barker,"['Sunscreen', 'Heels', 'Trail Mix', 'Jump Rope']",4,Cash,Brookstown,Middle-aged (50-64),Spring,Discount on Selected Items,No,Midday,34.67
2023-04-05 16:07:53,Joanne Cox,"['Storage Bins', 'Swim Trunks', 'Honey', 'Weight Bench', 'Jacket', 'Pain Relievers']",6,Debit Card,Jimmyborough,Teenager (13-19),Winter,Discount on Selected Items,No,Afternoon,57.61
2023-04-05 16:30:24,Cindy Lawrence,"['Paper Plates', 'Lip Balm', 'Polo Shirt']",3,Cash,Allisonstad,Senior (65+),Spring,BOGO (Buy One Get One),Yes,Afternoon,23.88
2023-04-05 16:32:16,Karen Knight,"['Shorts', 'Treadmill', 'Soda', 'Band-Aids', 'Syrup', 'Glass Cleaner']",6,Credit Card,East Christina,Adult (30-49),Summer,BOGO (Buy One Get One),Yes,Afternoon,56.07
2023-04-05 18:15:18,Ariel Wright,"['Elliptical', 'Suitcase', 'Cookies', 'Paper Cups', 'Mouthwash']",5,Debit Card,Port Whitney,Young Adult (20-29),Summer,Discount on Selected Items,No,Afternoon,44.95
2023-04-06 08:12:52,Robin Jones,"['Folders', 'Canned Soup', 'Ice Cream Sandwiches', 'Thermometer', 'Mints']",5,Cash,Lisaport,Senior (65+),Spring,Unknown Promotion,No,Morning,44.95
2023-04-06 08:18:35,Andrea Sherman,"['Honey', 'Crackers', 'Frozen Fish Sticks', 'Frozen Pancakes', 'Folders']",5,Debit Card,West Jessicaside,Young Adult (20-29),Winter,BOGO (Buy One Get One),No,Morning,44.95
2023-04-06 09:42:33,Mr. Steven Shepherd,"['Bleach', 'Facial Tissue', 'Orange Juice', 'Handbag', 'Fabric Softener', 'Duct Tape', 'Tote Bag']",7,Cash,Christyhaven,Young Adult (20-29),Spring,Discount on Selected Items,Yes,Morning,65.86
2023-04-06 12:07:24,Nathaniel Thomas,"['Dryer Sheets', 'Passport Holder']",2,Credit Card,Zimmermantown,Adult (30-49),Summer,Discount on Selected Items,Yes,Midday,14.55
2023-04-06 13:47:02,Catherine Jones,"['Workout Clothes', 'Jam', 'Notebook Paper', 'Pull-up Bar']",4,Cash,East Jonathanstad,Young Adult (20-29),Summer,BOGO (Buy One Get One),Yes,Midday,34.67
2023-04-06 14:17:39,Alexis Jackson,"['Cinnamon', 'Flashlight', 'Frozen Burritos', 'Hot Sauce', 'Aluminum Foil']",5,Debit Card,Port Jesse,Adult (30-49),Summer,BOGO (Buy One Get One),Yes,Midday,44.95
2023-04-06 14:42:48,Adam Thomas,"['Exercise Bike', 'Tomatoes', 'Charcoal', 'Pretzels']",4,Debit Card,North Timothyshire,Young Adult (20-29),Summer,Discount on Selected Items,No,Midday,34.67
2023-04-06 15:57:25,Stephen Garcia,"['Briefcase', 'Napkins', 'Body Wash', 'Lemonade', 'Apples', 'Hot Sauce', 'Allergy Medicine', 'Bathrobe', 'Pickles', 'Carry-on Bag']",10,Mobile Payment,Lake Amyside,Teenager (13-19),Summer,BOGO (Buy One Get One),No,Midday,102.2
2023-04-06 16:35:43,Tim Stevenson,"['First Aid Kit', 'Mints', 'Cough Syrup', 'Lotion', 'Honey', 'Eggs', 'Stamps', 'Batteries', 'Spaghetti']",9,Debit Card,Janetton,Middle-aged (50-64),Summer,BOGO (Buy One Get One),No,Afternoon,90.0
2023-04-06 17:14:17,Tracy Lee,"['Glue', 'Folders']",2,Debit Card,Tiffanyport,Middle-aged (50-64),Spring,BOGO (Buy One Get One),Yes,Afternoon,14.55
2023-04-06 17:15:56,Danielle Jones,"['Scrubbers', 'Canned Tuna', 'Messenger Bag', 'Pain Relievers', 'Instant Noodles', 'Cookies']",6,Mobile Payment,Caseymouth,Young Adult (20-29),Fall,Discount on Selected Items,No,Afternoon,57.61
2023-04-06 17:21:00,Sarah Lloyd,"['Pasta Sauce', 'Orange Juice', 'Heels']",3,Cash,Staffordton,Young Adult (20-29),Spring,Discount on Selected Items,No,Afternoon,23.88
2023-04-06 19:08:48,Angela Elliott,"['Rug', 'Sorbets', 'Bleach', 'Boots']",4,Credit Card,Shaneton,Adult (30-49),Fall,Discount on Selected Items,No,Evening,34.67
2023-04-06 19:32:07,Tyler York,"['Pull-up Bar', 'Dish Soap', 'Cashews', 'Tweezers', 'Deodorant', 'Vinegar', 'Glass Cleaner']",7,Debit Card,New Evan,Adult (30-49),Summer,BOGO (Buy One Get One),Yes,Evening,65.86
2023-04-06 19:51:59,Shane Walker,"['Paper Towels', 'Elliptical']",2,Credit Card,South Joshuafurt,Adult (30-49),Spring,Discount on Selected Items,No,Evening,14.55
2023-04-06 23:01:41,Julie Taylor,"['Frozen Garlic Bread', 'Comb', 'Canola Oil', 'Shower Cap', 'Frozen Burritos']",5,Cash,South Dianaton,Adult (30-49),Summer,Unknown Promotion,Yes,Late Night,44.95
2023-04-06 23:07:13,Brittany Webb,"['Sunglasses', 'Post-it Notes', 'Duct Tape', 'Ziploc Bags']",4,Mobile Payment,Bauerbury,Middle-aged (50-64),Fall,BOGO (Buy One Get One),No,Late Night,34.67
2023-04-07 01:58:31,Duane Sullivan,"['Napkins', 'Popcorn']",2,Mobile Payment,Mckenziechester,Adult (30-49),Spring,BOGO (Buy One Get One),No,Early Morning,14.55
2023-04-07 07:55:43,Danielle Graham,"['Backpack', 'Barbecue Sauce', 'Frozen Cake', 'Shelving', 'Bath Bombs']",5,Debit Card,East Connor,Adult (30-49),Spring,Discount on Selected Items,No,Morning,44.95
2023-04-07 08:58:44,Renee Conway,"['Shower Cap', 'Bathrobe', 'Exercise Bike', 'Pasta Sauce', 'Duct Tape', 'Rug', 'Pencils']",7,Mobile Payment,Perezbury,Young Adult (20-29),Fall,BOGO (Buy One Get One),Yes,Morning,65.86
2023-04-07 09:51:48,Chris Mendoza,"['Popcorn', 'Hangers', 'Candy Bars', 'Sugar', 'Socks']",5,Mobile Payment,Port Davidhaven,Senior (65+),Spring,BOGO (Buy One Get One),Yes,Morning,44.95
2023-04-07 10:02:48,Joshua Howell,"['Workout Clothes', 'Socks', 'Dish Soap', 'Comb']",4,Credit Card,Fullerton,Adult (30-49),Winter,Unknown Promotion,No,Midday,34.67
2023-04-07 10:59:55,Peter Bell,"['Bikini', 'Pepper', 'Plastic Wrap', 'Vinegar', 'Toilet Bowl Cleaner', 'Pretzels', 'Snack Cakes', 'Frozen Fries']",8,Credit Card,Samanthaland,Senior (65+),Summer,Unknown Promotion,No,Midday,77.1
2023-04-07 13:34:09,Zachary Oconnell IV,"['Binders', 'Briefcase']",2,Cash,South Michael,Middle-aged (50-64),Fall,Discount on Selected Items,No,Midday,14.55
2023-04-07 14:07:42,Matthew Boyd,"['Bra', 'Coat']",2,Mobile Payment,Cynthiaport,Adult (30-49),Winter,Unknown Promotion,No,Midday,14.55
2023-04-07 15:55:00,Lindsey Roberts,"['Chewing Gum', 'Workout Clothes', 'Frozen Fries', 'Butter', 'Allergy Medicine', 'Canola Oil']",6,Credit Card,Zimmermanport,Middle-aged (50-64),Spring,BOGO (Buy One Get One),No,Midday,57.61
2023-04-07 16:04:34,Marisa Williams,['Purse'],1,Cash,Kelleyside,Middle-aged (50-64),Summer,BOGO (Buy One Get One),No,Afternoon,5.14
2023-04-07 17:22:54,Mariah Vega,"['Nail Polish Remover', 'Wallet', 'Matches']",3,Debit Card,South Ashley,Adult (30-49),Fall,Discount on Selected Items,No,Afternoon,23.88
2023-04-07 20:47:34,Alison Vaughn,"['Frozen Pie', 'Toothbrush', 'Air Freshener', 'Frozen Pizza', 'Pencils', 'Backpack', 'Cotton Balls', 'Pickles', 'Markers']",9,Debit Card,South Adam,Teenager (13-19),Summer,Discount on Selected Items,No,Evening,90.0
2023-04-07 21:04:32,Ryan Garcia,"['Frozen Fish Sticks', 'Hairbrush', 'Heels', 'Jeans', 'Envelopes', 'Water']",6,Debit Card,Olsonhaven,Young Adult (20-29),Spring,Discount on Selected Items,No,Evening,57.61
2023-04-07 21:46:13,Kylie Ramirez,"['Frozen Burritos', 'Frozen Fries']",2,Mobile Payment,North Victoriafort,Middle-aged (50-64),Summer,BOGO (Buy One Get One),Yes,Evening,14.55
2023-04-07 23:47:47,Kathleen Bruce,"['Bobby Pins', 'Butter', 'Brownies', 'Beer', 'Bath Bombs']",5,Credit Card,South Tylerside,Middle-aged (50-64),Fall,Unknown Promotion,No,Late Night,44.95
2023-04-08 08:04:21,Melissa Butler,"['Hair Ties', 'Raincoat', 'Lemonade', 'Onion Powder', 'Peanut Butter', 'Insect Repellent']",6,Credit Card,South Sarahfort,Adult (30-49),Spring,Discount on Selected Items,No,Morning,57.61
2023-04-08 08:56:58,Jared Moore,"['Jacket', 'Super Glue']",2,Credit Card,Ramosville,Adult (30-49),Summer,BOGO (Buy One Get One),No,Morning,14.55
2023-04-08 09:26:52,Darrell Figueroa,"['Frozen Breakfast Sandwiches', 'Yogurt']",2,Cash,Rodriguezchester,Adult (30-49),Winter,Discount on Selected Items,No,Morning,14.55
2023-04-08 09:26:58,Mitchell Ponce,"['Socks', 'Tomato Sauce', 'Notebook Paper', 'Hair Ties', 'Bleach', 'Exercise Bike', 'Ketchup']",7,Cash,Lake Ashley,Young Adult (20-29),Winter,BOGO (Buy One Get One),No,Morning,65.86
2023-04-08 10:50:45,Randall Stone,['Scissors'],1,Credit Card,North James,Young Adult (20-29),Fall,BOGO (Buy One Get One),Yes,Midday,5.14
2023-04-08 11:15:34,Nicole Davis,"['Sweatshirt', 'Rug']",2,Debit Card,West Joshuahaven,Senior (65+),Spring,Unknown Promotion,Yes,Midday,14.55
2023-04-08 12:52:58,Rhonda Austin,"['Frozen Fruit', 'Trail Mix', 'Backpack', 'Scarf']",4,Credit Card,Anthonychester,Young Adult (20-29),Fall,Discount on Selected Items,No,Midday,34.67
2023-04-08 13:02:10,Sara Watson,"['Sunscreen', 'Frozen Breakfast Sandwiches']",2,Cash,North Brittney,Middle-aged (50-64),Fall,BOGO (Buy One Get One),Yes,Midday,14.55
2023-04-08 13:30:04,Angela Bass,"['Mac and Cheese', 'Oranges', 'Iced Tea', 'Belt']",4,Mobile Payment,Reginamouth,Adult (30-49),Fall,Unknown Promotion,Yes,Midday,34.67
2023-04-08 13:44:17,Marie Roth,"['Dumbbells', 'Cashews', 'Light Bulbs', 'Donuts', 'Canned Tuna', 'Trash Bags']",6,Debit Card,South Michelleborough,Young Adult (20-29),Winter,BOGO (Buy One Get One),No,Midday,57.61
2023-04-08 15:49:10,Casey Edwards,"['Ramen', 'Shampoo', 'Super Glue', 'Matches', 'Coffee', 'Passport Holder']",6,Credit Card,East Aprilton,Young Adult (20-29),Summer,Unknown Promotion,Yes,Midday,56.07
2023-04-08 17:16:36,Mrs. Shannon Evans,"['Deodorant', 'Frozen Pie', 'Skirt', 'Laptop Bag', 'Flour', 'Toilet Bowl Cleaner', 'Tea', 'Leggings', 'Pants', 'Yogurt', 'Hoodie']",11,Mobile Payment,Port Michael,Senior (65+),Fall,Discount on Selected Items,No,Afternoon,115.89
2023-04-08 17:53:08,Joanna Williams,"['Bikini', 'Sweater', 'Soap', 'Paprika', 'Purse', 'Ziploc Bags', 'Garlic Powder']",7,Credit Card,Ginaside,Young Adult (20-29),Fall,Unknown Promotion,Yes,Afternoon,65.86
2023-04-08 18:18:15,Danielle Christensen,"['Bubble Wrap', 'Tea', 'Luggage', 'Crayons', 'Sunscreen', 'Ice Cream Cones']",6,Mobile Payment,New Wayne,Adult (30-49),Fall,Discount on Selected Items,Yes,Afternoon,56.07
2023-04-08 18:41:04,Jillian Cook,"['Tape', 'Popcorn', 'Sunglasses']",3,Mobile Payment,Robertview,Adult (30-49),Spring,Discount on Selected Items,Yes,Afternoon,23.88
2023-04-08 19:14:13,John Anderson,"['Notebook Paper', 'Hat', 'Frozen Dinners', 'Air Freshener', 'Trash Bags', 'Olives', 'Pasta', 'Elliptical', 'Onion Powder']",9,Cash,Cardenastown,Young Adult (20-29),Summer,Unknown Promotion,No,Evening,90.0
2023-04-08 19:24:45,Mary Holden,"['Gym Bag', 'Fabric Softener', 'Blouse', 'Ice Cream Bars', 'Popsicles']",5,Credit Card,Port Erin,Middle-aged (50-64),Winter,Unknown Promotion,Yes,Evening,44.95
2023-04-08 20:22:43,William Wiley,"['Frozen Breakfast Sandwiches', 'Markers', 'Hand Sanitizer']",3,Cash,Lake Curtis,Adult (30-49),Winter,Unknown Promotion,Yes,Evening,23.88
2023-04-08 21:58:04,Alexander Lopez,"['Headbands', 'Ramen', 'Packing Tape', 'Glue', 'Pickles', 'Pens']",6,Debit Card,Lopezborough,Middle-aged (50-64),Spring,Unknown Promotion,Yes,Evening,56.07
2023-04-09 09:17:18,Michael Foster,"['Chips', 'Post-it Notes', 'Hairbrush']",3,Credit Card,Brittanyview,Middle-aged (50-64),Spring,BOGO (Buy One Get One),Yes,Morning,23.88
2023-04-09 09:36:36,Scott Mccullough,"['Envelopes', 'Polo Shirt', 'Boots', 'Rowing Machine', 'Soda', 'Resistance Bands']",6,Cash,Jaimefort,Adult (30-49),Winter,Unknown Promotion,Yes,Morning,56.07
2023-04-09 13:15:54,Kimberly Swanson,"['Charcoal', 'Lemonade']",2,Debit Card,Taylorton,Young Adult (20-29),Summer,Discount on Selected Items,No,Midday,14.55
2023-04-09 13:26:01,Julie Kelley,"['Lighter Fluid', 'Energy Drinks', 'Laptop Bag', 'Shoes']",4,Debit Card,Port Matthew,Adult (30-49),Spring,Discount on Selected Items,No,Midday,34.67
2023-04-09 13:47:30,Cassandra Carter,"['Oranges', 'Dried Cranberries', 'Ruler', 'Raincoat', 'Weight Bench']",5,Credit Card,Port Adammouth,Young Adult (20-29),Fall,Unknown Promotion,Yes,Midday,44.95
2023-04-09 14:13:25,Margaret Fitzgerald,"['Lighter', 'Ketchup']",2,Mobile Payment,Paulatown,Young Adult (20-29),Winter,Unknown Promotion,Yes,Midday,14.55
2023-04-09 16:10:06,Alexander Allen,"['Toilet Paper', 'Pretzels', 'Band-Aids', 'Toilet Bowl Cleaner']",4,Cash,Greenbury,Young Adult (20-29),Winter,Discount on Selected Items,No,Afternoon,34.67
2023-04-09 17:10:10,Ariel Rose,"['Mouthwash', 'Frozen Chicken Nuggets', 'Tweezers', 'Sandals', 'Onion Powder', 'Canned Vegetables', 'Lotion']",7,Cash,Smithmouth,Senior (65+),Spring,BOGO (Buy One Get One),Yes,Afternoon,65.86
2023-04-09 17:23:23,Susan Love,"['Glue', 'Exercise Bike', 'Goggles', 'Umbrella', 'Protein Shakes', 'Mouthwash', 'Raincoat', 'Lighter Fluid', 'Packing Tape']",9,Mobile Payment,Robertview,Middle-aged (50-64),Summer,Unknown Promotion,No,Afternoon,90.0
2023-04-09 18:43:38,Tim Gross,"['Water Bottle', 'Frozen Dinners', 'Extension Cord', 'Rowing Machine', 'Chips', 'Paper Plates', 'Syrup', 'Shampoo']",8,Cash,North Jasonfurt,Teenager (13-19),Summer,BOGO (Buy One Get One),Yes,Afternoon,77.1
2023-04-09 19:37:42,Amy Cantrell,"['Cough Syrup', 'Tomato Sauce', 'Bubble Bath', 'Protein Powder', 'Sunscreen']",5,Cash,North Robinport,Senior (65+),Summer,Discount on Selected Items,No,Evening,44.95
2023-04-09 21:30:35,Laura Allen,"['Soap', 'Charcoal', 'Briefcase', 'Dryer Sheets', 'Jacket']",5,Credit Card,Danielside,Adult (30-49),Spring,BOGO (Buy One Get One),Yes,Evening,44.95
2023-04-09 22:51:19,Luis Roach,"['Vegetable Oil', 'Hat', 'Canned Fruit', 'Goggles']",4,Credit Card,Gillton,Teenager (13-19),Winter,Discount on Selected Items,Yes,Late Night,34.67
2023-04-10 08:31:15,Todd Kennedy,"['Frozen Garlic Bread', 'Kettlebells', 'Muffins']",3,Cash,New John,Middle-aged (50-64),Fall,Discount on Selected Items,Yes,Morning,23.88
2023-04-10 09:55:14,Samuel Jefferson,"['Nail Polish', 'Capri Pants', 'Brown Sugar', 'Notebook Paper']",4,Debit Card,New Alexander,Teenager (13-19),Fall,Discount on Selected Items,No,Morning,34.67
2023-04-10 12:11:11,Summer White,"['Carry-on Bag', 'Shelving', 'Treadmill', 'Fabric Softener']",4,Credit Card,Nealburgh,Middle-aged (50-64),Fall,BOGO (Buy One Get One),Yes,Midday,34.67
2023-04-10 14:55:28,Jay George,['Hoodie'],1,Debit Card,Amandaland,Middle-aged (50-64),Summer,Unknown Promotion,Yes,Midday,5.14
2023-04-10 15:08:01,Linda Pierce,"['Peanut Butter', 'Sneakers', 'Peanuts', 'Flip Flops', 'Honey', 'Spaghetti', 'Sunscreen']",7,Credit Card,Gabrielburgh,Middle-aged (50-64),Summer,Unknown Promotion,No,Midday,65.86
2023-04-10 15:45:31,Scott Nicholson DDS,"['Dried Cranberries', 'Mayonnaise']",2,Mobile Payment,Port Edwardton,Young Adult (20-29),Winter,BOGO (Buy One Get One),No,Midday,14.55
2023-04-10 16:03:07,Mary Bowers,"['Chocolate', 'Frozen Pie', 'Flashlight', 'Paper Plates', 'Bath Bombs', 'Handbag', 'Honey', 'Tape']",8,Mobile Payment,Vazquezport,Adult (30-49),Fall,Unknown Promotion,No,Afternoon,77.1
2023-04-10 17:07:01,Tracy Palmer,"['Underwear', 'Lip Balm', 'Beer', 'Winter Hat', 'Hair Ties']",5,Mobile Payment,East Pamela,Adult (30-49),Winter,BOGO (Buy One Get One),Yes,Afternoon,44.95
2023-04-10 18:32:40,Amanda Hayes,"['Soap', 'Cumin']",2,Credit Card,South Christopher,Middle-aged (50-64),Winter,BOGO (Buy One Get One),Yes,Afternoon,14.55
2023-04-10 19:31:30,Brooke Perry,"['Bath Mat', 'Weight Bench', 'Tweezers', 'Granola Bars', 'Plastic Wrap']",5,Cash,Smithstad,Senior (65+),Spring,BOGO (Buy One Get One),Yes,Evening,44.95
2023-04-10 21:53:06,Michael Thompson,"['Moving Boxes', 'Heels']",2,Mobile Payment,Tiffanybury,Adult (30-49),Summer,Discount on Selected Items,Yes,Evening,14.55
2023-04-11 08:57:40,Jennifer Krause,"['Aluminum Foil', 'Gym Bag', 'Towels', 'Garlic Powder', 'Blouse', 'Frozen Bread', 'Dryer Sheets', 'Backpack', 'Scrubbers']",9,Mobile Payment,Lake Cory,Adult (30-49),Summer,Unknown Promotion,Yes,Morning,90.0
2023-04-11 09:59:57,Glen Roy,"['Olive Oil', 'Bobby Pins', 'Duffel Bag', 'Skirt']",4,Cash,New Christopher,Adult (30-49),Winter,Unknown Promotion,Yes,Morning,34.67
2023-04-11 10:07:06,Austin Ellis,"['Air Freshener', 'Frozen Fries', 'Envelopes', 'Wallet', 'Cream Cheese', 'Water', 'Cotton Balls', 'Washcloths', 'Donuts', 'Paper Towels', 'Picture Frames']",11,Credit Card,Monteshaven,Young Adult (20-29),Fall,Discount on Selected Items,No,Midday,115.89
2023-04-11 11:30:50,Lindsey Morris,"['Band-Aids', 'Oranges', 'Lemonade', 'Ruler', 'Mouthwash', 'Jam', 'Boots', 'Yoga Mat', 'Passport Holder']",9,Cash,North Christopher,Adult (30-49),Winter,BOGO (Buy One Get One),Yes,Midday,90.0
2023-04-11 11:59:31,Kim Gonzales,"['Pencils', 'Weight Bench', 'Crackers', 'Light Bulbs', 'Bug Spray', 'Binders', 'Lip Balm']",7,Mobile Payment,South Jason,Young Adult (20-29),Fall,Discount on Selected Items,No,Midday,65.86
2023-04-11 14:55:32,Alyssa Bennett,"['Duffel Bag', 'Allergy Medicine', 'Protein Powder', 'Thermometer', 'Swim Trunks', 'Dress', 'Onion Powder']",7,Debit Card,Lake Ryan,Young Adult (20-29),Summer,Unknown Promotion,No,Midday,65.86
2023-04-11 15:16:08,Angel Mccarthy,"['Air Freshener', 'Plastic Wrap', 'Pain Relievers']",3,Credit Card,Port Samantha,Middle-aged (50-64),Spring,BOGO (Buy One Get One),No,Midday,23.88
2023-04-11 15:16:08,Joseph Tucker,"['Notebooks', 'Canned Tuna', 'Tank Top', 'Index Cards', 'Frozen Cookies']",5,Mobile Payment,Lake Kim,Middle-aged (50-64),Winter,Discount on Selected Items,No,Midday,44.95
2023-04-11 16:54:53,Jonathan Brown,"['Gloves', 'Canned Vegetables']",2,Mobile Payment,Kyliechester,Senior (65+),Spring,Discount on Selected Items,Yes,Afternoon,14.55
2023-04-11 17:16:10,Brianna Irwin,"['Bathrobe', 'Sports Bra', 'First Aid Kit', 'Wine']",4,Debit Card,Chavezstad,Middle-aged (50-64),Spring,BOGO (Buy One Get One),Yes,Afternoon,34.67
2023-04-11 20:48:08,Karen Johnson,"['Ice Cream', 'Raincoat', 'Nail Clippers']",3,Cash,South Roberttown,Middle-aged (50-64),Summer,Unknown Promotion,No,Evening,23.88
2023-04-12 05:24:14,Matthew Nielsen,"['Headbands', 'Shoes']",2,Debit Card,Williamland,Teenager (13-19),Summer,Unknown Promotion,No,Morning,14.55
2023-04-12 06:23:27,Lisa Thomas,"['Charcoal', 'Treadmill', 'Yoga Mat', 'Jump Rope', 'Shelving', 'Scrubbers']",6,Debit Card,Lake Kimberly,Young Adult (20-29),Spring,BOGO (Buy One Get One),Yes,Morning,56.07
2023-04-12 08:19:18,Robert Anderson,"['Cotton Balls', 'Washcloths', 'Frozen Breakfast Sandwiches', 'Instant Noodles', 'Lip Balm', 'Bobby Pins']",6,Mobile Payment,North Timothyville,Middle-aged (50-64),Summer,Discount on Selected Items,No,Morning,57.61
2023-04-12 10:03:19,John Cook,"['One-Piece Swimsuit', 'Toothpaste']",2,Debit Card,West Ashley,Adult (30-49),Summer,BOGO (Buy One Get One),Yes,Midday,14.55
2023-04-12 11:14:21,Christopher Martin,"['T-Shirt', 'Hoodie']",2,Cash,Lake Georgeport,Adult (30-49),Winter,BOGO (Buy One Get One),Yes,Midday,14.55
2023-04-12 12:57:35,Dr. Jennifer Scott DDS,"['Pickles', 'Flats', 'Paper Towels']",3,Cash,Timothyberg,Adult (30-49),Summer,BOGO (Buy One Get One),No,Midday,23.88
2023-04-12 13:23:32,Ricardo Lee,"['Wine', 'Sandals']",2,Debit Card,Lake Christopher,Middle-aged (50-64),Fall,Discount on Selected Items,No,Midday,14.55
2023-04-12 13:50:57,Cindy Gallagher,['Frozen Fruit'],1,Cash,Flemingbury,Middle-aged (50-64),Fall,Unknown Promotion,Yes,Midday,5.14
2023-04-12 14:45:37,Bryan Rodriguez,"['Water', 'Towels', 'Swim Cap']",3,Credit Card,Parkstown,Senior (65+),Fall,Unknown Promotion,No,Midday,23.88
2023-04-12 16:21:58,Alexander Sims,"['Flashlight', 'Pens', 'Mints', 'Tomato Sauce', 'Markers', 'Nail Polish']",6,Mobile Payment,Matthewport,Adult (30-49),Summer,Discount on Selected Items,No,Afternoon,57.61
2023-04-12 17:54:02,Ashley Vasquez,"['Gym Towel', 'Cotton Swabs', 'Wallet', 'Storage Bins', 'Paper Towels', 'Mustard', 'Briefcase', 'Pain Relievers']",8,Mobile Payment,Carlachester,Adult (30-49),Winter,Discount on Selected Items,Yes,Afternoon,77.1
2023-04-12 17:58:53,Hector Martinez,"['Shower Curtain', 'Colored Pencils', 'Vegetable Oil', 'Frozen Waffles', 'Yoga Mat']",5,Mobile Payment,South Daniellemouth,Young Adult (20-29),Spring,BOGO (Buy One Get One),Yes,Afternoon,44.95
2023-04-12 22:03:11,Mark Shaw,['Soda'],1,Credit Card,Codyfurt,Young Adult (20-29),Winter,Unknown Promotion,No,Late Night,5.14
2023-04-13 09:10:24,Beverly Smith,"['Peanuts', 'Glue', 'Shaving Cream', 'Toothpaste']",4,Mobile Payment,Tiffanymouth,Young Adult (20-29),Winter,Discount on Selected Items,No,Morning,34.67
2023-04-13 10:38:11,Elizabeth Carroll,['Apples'],1,Mobile Payment,Paulland,Teenager (13-19),Spring,Discount on Selected Items,No,Midday,5.14
2023-04-13 12:38:00,Joshua Holland,"['Napkins', 'Shower Shoes', 'Honey']",3,Debit Card,Jasmineburgh,Adult (30-49),Spring,BOGO (Buy One Get One),No,Midday,23.88
2023-04-13 14:10:25,Charles Brown,"['Ramen', 'Cotton Balls', 'Ice Cream Sandwiches']",3,Mobile Payment,Brownbury,Adult (30-49),Summer,Unknown Promotion,No,Midday,23.88
2023-04-13 14:46:19,Allison Brown,"['Towels', 'Leggings', 'Sweater', 'Soda', 'Frozen Burritos', 'Colored Pencils', 'Plastic Utensils', 'Frozen Pancakes', 'Bikini', 'Jam']",10,Debit Card,Nathanielbury,Young Adult (20-29),Spring,BOGO (Buy One Get One),No,Midday,102.2
2023-04-13 14:54:16,Bethany Stevenson,"['Lip Balm', 'Donuts', 'Sponges', 'Hair Ties', 'Lemonade', 'Cucumber']",6,Cash,East Jimmychester,Adult (30-49),Fall,Discount on Selected Items,No,Midday,57.61
2023-04-13 15:08:20,Rhonda Baker,"['Candles', 'Chicken', 'Almonds', 'Granola Bars', 'Bra']",5,Cash,Port Danielle,Middle-aged (50-64),Summer,Unknown Promotion,Yes,Midday,44.95
2023-04-13 16:09:01,Lisa Sutton,"['Toilet Paper', 'Tote Bag', 'Gym Bag', 'Chips', 'Packing Tape', 'Foam Roller', 'Headbands', 'Pasta', 'Conditioner']",9,Mobile Payment,Cindyborough,Young Adult (20-29),Spring,Discount on Selected Items,No,Afternoon,90.0
2023-04-13 17:26:24,Latoya Morales,"['Gym Towel', 'Trail Mix', 'Canned Soup', 'Olive Oil']",4,Credit Card,Lake Joshua,Middle-aged (50-64),Fall,Unknown Promotion,No,Afternoon,34.67
2023-04-13 17:42:54,Katie Hill,"['Mints', 'Tape', 'Calculator', 'Butter']",4,Cash,West Ryanburgh,Young Adult (20-29),Spring,Discount on Selected Items,No,Afternoon,34.67
2023-04-13 18:01:40,James Mendoza,"['Calculator', 'Tomato Sauce']",2,Cash,Davismouth,Adult (30-49),Winter,Unknown Promotion,Yes,Afternoon,14.55
2023-04-13 18:25:19,Sara Li,"['Rice', 'Duct Tape', 'Brown Sugar', 'Picture Frames', 'Frozen Waffles', 'Shower Cap']",6,Credit Card,Cliffordfort,Adult (30-49),Summer,BOGO (Buy One Get One),Yes,Afternoon,56.07
2023-04-14 06:24:51,Fernando Myers,"['Iced Tea', 'Frozen Fries']",2,Cash,Lake Chad,Senior (65+),Fall,Discount on Selected Items,No,Morning,14.55
2023-04-14 08:34:52,Austin King MD,"['Bagels', 'Napkins', 'Frozen Pizza']",3,Cash,Keithview,Middle-aged (50-64),Spring,Unknown Promotion,No,Morning,23.88
2023-04-14 12:08:14,Stuart Powell,"['Energy Drinks', 'Duct Tape', 'Super Glue', 'Suitcase']",4,Mobile Payment,West Lisafurt,Adult (30-49),Summer,Unknown Promotion,No,Midday,34.67
2023-04-14 13:13:07,Dylan White,"['Photo Albums', 'Frozen Bread', 'Pajamas', 'Messenger Bag', 'Calculator']",5,Cash,Kaitlinmouth,Adult (30-49),Summer,Unknown Promotion,No,Midday,44.95
2023-04-14 13:13:19,Nancy Gomez PhD,"['Hand Sanitizer', 'Bathrobe', 'Sunscreen', 'Jump Rope', 'Frozen Meatballs', 'Sunscreen', 'Napkins']",7,Mobile Payment,Craigborough,Adult (30-49),Spring,Discount on Selected Items,Yes,Midday,65.86
2023-04-14 13:35:10,Edward Mcintosh,"['Sports Drinks', 'Chips', 'Chocolate', 'Shaving Cream', 'Envelopes']",5,Cash,Ronaldmouth,Adult (30-49),Spring,Discount on Selected Items,Yes,Midday,44.95
2023-04-14 13:54:54,Frank Lopez,"['Sports Bra', 'Cotton Balls', 'Wallet', 'Trash Bags', 'Iced Tea', 'Cucumber', 'Belt', 'Bubble Wrap']",8,Credit Card,Olsonmouth,Adult (30-49),Spring,BOGO (Buy One Get One),Yes,Midday,77.1
2023-04-14 14:41:11,John Vincent,"['Briefcase', 'Cotton Balls', 'Floss', 'Hat']",4,Debit Card,Michaelville,Young Adult (20-29),Summer,Unknown Promotion,No,Midday,34.67
2023-04-14 14:42:25,Amy Jones,"['Stamps', 'Sneakers', 'Tank Top', 'Popsicles', 'Crackers', 'Laptop Bag', 'Juice', 'Tweezers']",8,Debit Card,Andersonmouth,Adult (30-49),Winter,Discount on Selected Items,No,Midday,77.1
2023-04-14 15:05:28,Zachary Harrington,"['Butter', 'Frozen Bread']",2,Cash,North Lynn,Middle-aged (50-64),Fall,BOGO (Buy One Get One),Yes,Midday,14.55
2023-04-14 15:09:57,Deborah Mcdowell,"['Crayons', 'Muffins', 'Beach Towel', 'Chocolate', 'Jeans', 'Passport Holder', 'Lighter Fluid', 'Ice Cream', 'Lip Balm']",9,Cash,Garrettshire,Teenager (13-19),Summer,BOGO (Buy One Get One),No,Midday,90.0
2023-04-14 16:08:23,Kathleen Bailey,"['Onion Powder', 'Cotton Balls', 'Eggs', 'Juice']",4,Cash,Myersville,Teenager (13-19),Spring,Discount on Selected Items,Yes,Afternoon,34.67
2023-04-14 16:25:48,Ryan Flynn,"['Frozen Pizza', 'Pasta Sauce', 'Vegetable Oil', 'Frozen Pancakes', 'Facial Tissue']",5,Credit Card,Palmerberg,Adult (30-49),Fall,BOGO (Buy One Get One),Yes,Afternoon,44.95
2023-04-14 16:48:38,Sean Davenport,"['Dryer Sheets', 'Duct Tape', 'Pens', 'Trash Bags']",4,Credit Card,Charlestown,Adult (30-49),Spring,Discount on Selected Items,No,Afternoon,34.67
2023-04-14 17:01:02,Christopher Cooper,"['Sugar', 'Tote Bag']",2,Cash,Munozborough,Senior (65+),Summer,Discount on Selected Items,No,Afternoon,14.55
2023-04-14 17:07:47,Scott Rodriguez,"['Hat', 'Dress', 'Paper Towels', 'Gloves', 'Frozen Cake', 'Umbrella']",6,Cash,Davisfurt,Adult (30-49),Summer,Discount on Selected Items,Yes,Afternoon,56.07
2023-04-14 18:37:57,Laura Morris,"['Ketchup', 'Energy Drinks', 'Frozen Cake', 'Bug Spray']",4,Debit Card,East Sheliabury,Adult (30-49),Fall,Discount on Selected Items,No,Afternoon,34.67
2023-04-14 18:39:10,Elizabeth Cole,"['Binders', 'Trash Bags', 'Cough Drops', 'Nail Polish', 'Storage Bins', 'Orange Juice', 'Bath Bombs']",7,Credit Card,East Pamela,Middle-aged (50-64),Spring,Unknown Promotion,Yes,Afternoon,65.86
2023-04-14 18:53:28,Edward Leon,"['Candles', 'Towels', 'Hoodie', 'Laptop Bag', 'Lemonade', 'Bubble Wrap', 'Razors', 'Bagels', 'Juice']",9,Cash,Sarahland,Adult (30-49),Spring,Unknown Promotion,Yes,Afternoon,90.0
2023-04-14 19:15:07,Christopher Griffin,"['Deodorant', 'Exercise Bike', 'Dryer Sheets', 'Kettlebells', 'Ice Cream Sandwiches', 'Raincoat']",6,Credit Card,Andrewborough,Senior (65+),Summer,Unknown Promotion,No,Evening,57.61
2023-04-14 19:42:53,Katherine Barton,"['Exercise Ball', 'Disinfectant Wipes', 'Syrup', 'Frozen Dinners', 'Paprika']",5,Cash,West Randall,Middle-aged (50-64),Spring,Discount on Selected Items,Yes,Evening,44.95
2023-04-14 21:16:19,Stacy Rodriguez,"['Juice', 'Bleach', 'Band-Aids', 'Batteries']",4,Debit Card,Lake Diane,Adult (30-49),Winter,Discount on Selected Items,Yes,Evening,34.67
2023-04-14 21:26:54,Richard Taylor,"['Capri Pants', 'Gym Towel', 'Shower Cap', 'Rowing Machine']",4,Mobile Payment,New Jasonstad,Senior (65+),Winter,Unknown Promotion,Yes,Evening,34.67
2023-04-14 21:55:14,Michael Nunez,"['Trash Bags', 'Jeans', 'Chili Powder', 'First Aid Kit']",4,Credit Card,Port Daniel,Teenager (13-19),Summer,BOGO (Buy One Get One),No,Evening,34.67
2023-04-15 06:46:56,Lori Cameron,"['Shorts', 'Scarf', 'Coffee', 'Hairbrush']",4,Mobile Payment,Port Emmaton,Middle-aged (50-64),Spring,BOGO (Buy One Get One),Yes,Morning,34.67
2023-04-15 09:09:14,Shelly King,"['Beer', 'Sugar', 'Gym Bag', 'Hat', 'Frozen Breakfast Sandwiches', 'Peanut Butter']",6,Cash,Davishaven,Middle-aged (50-64),Spring,Discount on Selected Items,No,Morning,57.61
2023-04-15 09:22:07,Charles Tucker,"['Spaghetti', 'Mustard', 'Passport Holder', 'Baking Powder']",4,Cash,North Hunterside,Young Adult (20-29),Fall,Unknown Promotion,Yes,Morning,34.67
2023-04-15 09:45:26,Sharon Randall,"['Suitcase', 'Beach Towel', 'Luggage', 'Garlic Powder', 'Mints', 'Ziploc Bags']",6,Debit Card,Leslieberg,Adult (30-49),Winter,BOGO (Buy One Get One),No,Morning,57.61
2023-04-15 10:36:01,Anthony Cook,"['Backpack', 'Index Cards', 'Aluminum Foil', 'Butter', 'Picture Frames']",5,Mobile Payment,New Alyssa,Young Adult (20-29),Fall,BOGO (Buy One Get One),No,Midday,44.95
2023-04-15 11:08:08,Michael Ibarra,"['Eggs', 'Chocolate']",2,Credit Card,Morganport,Young Adult (20-29),Summer,Discount on Selected Items,Yes,Midday,14.55
2023-04-15 12:43:43,Elizabeth Farley,"['Laundry Basket', 'Bath Mat', 'Band-Aids', 'Pasta Sauce', 'Stamps', 'Frozen Bagels']",6,Debit Card,Webershire,Young Adult (20-29),Winter,Unknown Promotion,Yes,Midday,56.07
2023-04-15 15:24:26,John Schneider,"['Frozen Bread', 'Tomatoes', 'Underwear']",3,Debit Card,Olsonview,Senior (65+),Summer,Unknown Promotion,No,Midday,23.88
2023-04-15 17:25:50,Thomas Williams,"['Carry-on Bag', 'Stamps', 'Juice', 'Passport Holder', 'Kettlebells', 'Mouthwash', 'Blouse', 'Frozen Fruit', 'Detergent']",9,Cash,North Rebecca,Adult (30-49),Spring,BOGO (Buy One Get One),Yes,Afternoon,90.0
2023-04-15 17:54:06,Rhonda Lang,"['Cinnamon', 'Oranges', 'Jam']",3,Credit Card,North Mark,Adult (30-49),Fall,Unknown Promotion,Yes,Afternoon,23.88
2023-04-15 19:47:25,Raymond Wilson,"['Leggings', 'Heels']",2,Debit Card,North Rhondamouth,Young Adult (20-29),Fall,Unknown Promotion,No,Evening,14.55
2023-04-15 21:02:37,Timothy Graham,"['Cashews', 'Bubble Bath']",2,Mobile Payment,New Anthony,Teenager (13-19),Summer,BOGO (Buy One Get One),No,Evening,14.55
2023-04-15 21:04:55,Zachary Haley,"['Goggles', 'Chips', 'Passport Holder', 'Lemonade']",4,Mobile Payment,North Markburgh,Young Adult (20-29),Fall,BOGO (Buy One Get One),Yes,Evening,34.67
2023-04-16 04:35:26,Thomas Bailey,"['Sweatshirt', 'Plastic Cups', 'Frozen Fruit', 'Almonds', 'Dish Soap']",5,Debit Card,Kristinville,Senior (65+),Winter,Discount on Selected Items,Yes,Morning,44.95
2023-04-16 05:23:26,Maria Larson,"['Weight Bench', 'Frozen Bread', 'Umbrella', 'Onion Powder', 'Frozen Bagels', 'Photo Albums']",6,Mobile Payment,Wernershire,Senior (65+),Fall,Discount on Selected Items,Yes,Morning,56.07
2023-04-16 10:10:45,Lisa Cobb,"['Frozen Pie', 'Pepper', 'Energy Drinks', 'Frozen Vegetables', 'Ruler', 'Multi-Surface Cleaner', 'Frozen Burritos']",7,Cash,New Andrea,Adult (30-49),Summer,Unknown Promotion,No,Midday,65.86
2023-04-16 10:24:29,William Gillespie,"['Oats', 'Lollipops', 'Frozen Bagels', 'Chewing Gum']",4,Credit Card,Port Trevor,Adult (30-49),Winter,Unknown Promotion,Yes,Midday,34.67
2023-04-16 10:51:40,Elizabeth Watson,['Allergy Medicine'],1,Cash,Port Thomas,Adult (30-49),Spring,BOGO (Buy One Get One),No,Midday,5.14
2023-04-16 12:16:08,Samantha Jones,"['Scrubbers', 'Polo Shirt', 'Matches', 'Lemonade']",4,Mobile Payment,Jenkinsland,Young Adult (20-29),Fall,BOGO (Buy One Get One),Yes,Midday,34.67
2023-04-16 12:52:42,Joy Hill,"['Yogurt', 'Hand Sanitizer']",2,Cash,South Susanstad,Middle-aged (50-64),Fall,BOGO (Buy One Get One),Yes,Midday,14.55
2023-04-16 13:33:43,Danielle Fritz,"['Pickles', 'Cinnamon', 'Paper Cups', 'Ice Cream Sandwiches', 'Bread', 'Moving Boxes', 'Cotton Swabs', 'Skirt']",8,Mobile Payment,Tommymouth,Middle-aged (50-64),Spring,Discount on Selected Items,No,Midday,77.1
2023-04-16 14:40:57,Scott Lamb,"['Cashews', 'Bath Salts', 'Beer', 'Hat']",4,Mobile Payment,West Deborahberg,Adult (30-49),Winter,Discount on Selected Items,Yes,Midday,34.67
2023-04-16 17:11:33,Vanessa Weber,"['Dumbbells', 'Body Wash', 'Pants', 'Carry-on Bag']",4,Debit Card,Nelsonmouth,Middle-aged (50-64),Spring,BOGO (Buy One Get One),No,Afternoon,34.67
2023-04-16 17:20:11,Jill Fisher,"['Light Bulbs', 'Hair Ties', 'Snack Cakes', 'Cream Cheese', 'Slippers', 'Frozen Waffles', 'Nail Polish Remover', 'Vegetable Oil', 'Frozen Fries', 'Yogurt', 'Dryer Sheets']",11,Debit Card,East Matthewberg,Young Adult (20-29),Winter,Unknown Promotion,Yes,Afternoon,113.03
2023-04-16 19:01:08,Jamie Ortega,"['Yoga Pants', 'Messenger Bag', 'Bubble Wrap', 'Jacket', 'Water Bottle', 'Frozen Chicken Nuggets']",6,Credit Card,New Frederick,Middle-aged (50-64),Spring,BOGO (Buy One Get One),No,Evening,57.61
2023-04-16 20:05:03,Krystal Schaefer,"['Passport Holder', 'Tea', 'Photo Albums', 'Salt', 'Pull-up Bar']",5,Mobile Payment,North Michelle,Young Adult (20-29),Spring,Unknown Promotion,No,Evening,44.95
2023-04-16 20:34:34,Terri Dean,"['Brown Sugar', 'Frozen Garlic Bread', 'T-Shirt', 'Exercise Ball']",4,Credit Card,Payneview,Young Adult (20-29),Summer,Unknown Promotion,Yes,Evening,34.67
2023-04-17 06:51:52,Joshua Vasquez,"['Protein Bars', 'Bubble Wrap', 'Cheese', 'Elliptical', 'Canola Oil']",5,Mobile Payment,Taylorborough,Adult (30-49),Summer,Unknown Promotion,No,Morning,44.95
2023-04-17 07:19:01,Emily Allen,['Light Bulbs'],1,Mobile Payment,New Jasonstad,Teenager (13-19),Winter,BOGO (Buy One Get One),No,Morning,5.14
2023-04-17 07:22:10,Barbara Lucas,['Heels'],1,Credit Card,Fernandoberg,Middle-aged (50-64),Spring,BOGO (Buy One Get One),Yes,Morning,5.14
2023-04-17 08:44:25,Jeffrey Kelly,"['Bug Spray', 'Chips', 'Resistance Bands', 'Underwear', 'Pajamas', 'Tomatoes', 'Jeans', 'Sneakers', 'Detergent', 'Flats', 'Eggs']",11,Debit Card,Joshuamouth,Teenager (13-19),Fall,Unknown Promotion,Yes,Morning,113.03
2023-04-17 09:22:08,Marcia Guzman,"['Bleach', 'Jacket', 'Cookies', 'Skirt']",4,Debit Card,Port Michaelberg,Young Adult (20-29),Spring,BOGO (Buy One Get One),No,Morning,34.67
2023-04-17 11:09:29,Leonard Edwards,"['Plastic Utensils', 'Muffins', 'Frozen Pizza', 'Ice Cream Cones']",4,Cash,Erinbury,Young Adult (20-29),Spring,Unknown Promotion,Yes,Midday,34.67
2023-04-17 12:43:34,Lindsay Gibson,"['Scissors', 'Mustard', 'Swim Cap', 'Umbrella', 'Onion Powder', 'Laundry Detergent']",6,Mobile Payment,North Jasminebury,Middle-aged (50-64),Summer,BOGO (Buy One Get One),No,Midday,57.61
2023-04-17 12:45:27,Danielle Rodriguez,"['Trash Bags', 'Boots', 'Juice', 'Water Bottle', 'Resistance Bands', 'Sweater', 'Frozen Sausages']",7,Credit Card,Lake Timothy,Teenager (13-19),Winter,BOGO (Buy One Get One),No,Midday,65.86
2023-04-17 12:51:37,Raymond Smith,"['Brown Sugar', 'Paper Towels', 'Ruler', 'Markers', 'Weight Bench', 'Pepper', 'Laundry Detergent', 'Ketchup', 'Goggles']",9,Debit Card,West Patriciaport,Teenager (13-19),Winter,Unknown Promotion,Yes,Midday,90.0
2023-04-17 13:16:07,Bradley Smith,"['Multi-Surface Cleaner', 'Notebooks', 'Luggage']",3,Cash,Moorebury,Teenager (13-19),Spring,Discount on Selected Items,No,Midday,23.88
2023-04-17 15:19:24,George Moore,"['Swim Trunks', 'Sorbets', 'Storage Bins', 'Ziploc Bags']",4,Credit Card,Brittneystad,Middle-aged (50-64),Spring,Unknown Promotion,Yes,Midday,34.67
2023-04-17 15:40:17,Kevin Smith,"['Coat', 'Wallet', 'Blouse', 'Hoodie']",4,Cash,Ingramfort,Young Adult (20-29),Fall,Unknown Promotion,Yes,Midday,34.67
2023-04-17 16:20:26,Brenda Merritt,"['Treadmill', 'Cookies', 'Markers']",3,Cash,East John,Teenager (13-19),Spring,BOGO (Buy One Get One),Yes,Afternoon,23.88
2023-04-17 16:26:05,Juan Herman,"['Scissors', 'Paprika', 'Frozen Burritos', 'Polo Shirt', 'Wallet', 'Jelly']",6,Credit Card,Everettburgh,Adult (30-49),Summer,Discount on Selected Items,Yes,Afternoon,56.07
2023-04-17 18:08:26,Mark Harris,"['Washcloths', 'Olives', 'Jeans', 'Cough Syrup']",4,Mobile Payment,Martinezshire,Adult (30-49),Winter,Unknown Promotion,No,Afternoon,34.67
2023-04-17 18:32:19,Rebecca Rhodes,"['Sports Bra', 'Post-it Notes', 'Extension Cord', 'Shaving Cream', 'Envelopes', 'Cinnamon', 'Skirt', 'Blouse']",8,Mobile Payment,Joshuaton,Young Adult (20-29),Winter,Discount on Selected Items,Yes,Afternoon,77.1
2023-04-18 08:25:49,Andrew Hill,"['Mouthwash', 'Stain Remover', 'Flour']",3,Credit Card,Hammondview,Adult (30-49),Spring,Discount on Selected Items,Yes,Morning,23.88
2023-04-18 08:38:54,Kelly Anderson,"['Folders', 'Butter', 'Bubble Wrap', 'Air Freshener', 'Mayonnaise', 'Beer', 'Cough Drops', 'Notebook Paper']",8,Mobile Payment,East Erinchester,Young Adult (20-29),Spring,Discount on Selected Items,Yes,Morning,77.1
2023-04-18 09:44:51,Andrea Hernandez,"['Hoodie', 'Pepper', 'Honey', 'Conditioner', 'Frozen Waffles']",5,Mobile Payment,Lake Bradley,Adult (30-49),Fall,BOGO (Buy One Get One),Yes,Morning,44.95
2023-04-18 14:30:19,Audrey West,"['Towels', 'Laptop Bag', 'Gum', 'Batteries']",4,Debit Card,South Matthew,Teenager (13-19),Winter,Discount on Selected Items,No,Midday,34.67
2023-04-18 15:01:33,Thomas Robinson,"['Energy Drinks', 'Snack Cakes', 'Flashlight', 'Yogurt', 'Nail Polish', 'Socks', 'Aluminum Foil']",7,Debit Card,Lake Ericmouth,Young Adult (20-29),Summer,BOGO (Buy One Get One),Yes,Midday,65.86
2023-04-18 15:08:20,Erika Jones,"['Shaving Cream', 'Toothpaste', 'Vegetable Oil', 'Bananas', 'Spaghetti', 'Blouse']",6,Debit Card,North Kaitlyn,Young Adult (20-29),Summer,Unknown Promotion,No,Midday,57.61
2023-04-18 15:18:05,Adam Brooks,"['Tweezers', 'Hat', 'Raincoat', 'Popcorn']",4,Mobile Payment,East Teresaland,Senior (65+),Spring,Unknown Promotion,No,Midday,34.67
2023-04-18 15:21:38,Stephanie Schneider,"['Toilet Paper', 'Yogurt', 'Tomatoes', 'Baking Soda', 'Nail Polish Remover', 'Baking Powder', 'Bath Salts', 'Scrubbers', 'Sunglasses', 'Bathrobe', 'Foam Roller', 'One-Piece Swimsuit']",12,Debit Card,West Emily,Young Adult (20-29),Spring,BOGO (Buy One Get One),No,Midday,124.9
2023-04-18 16:44:29,Jennifer Jones,"['Frozen Pie', 'Air Freshener', 'Cream Cheese', 'Stain Remover', 'Raincoat', 'Canned Soup']",6,Credit Card,South Thomasfort,Adult (30-49),Spring,Unknown Promotion,Yes,Afternoon,56.07
2023-04-18 16:47:31,Ryan Howard,"['Paper Towels', 'Candles']",2,Debit Card,New John,Adult (30-49),Spring,Discount on Selected Items,Yes,Afternoon,14.55
2023-04-18 18:43:41,Susan Young,"['Eggs', 'Skirt']",2,Debit Card,Mendozaberg,Adult (30-49),Spring,Unknown Promotion,Yes,Afternoon,14.55
2023-04-18 20:33:08,Kevin Henderson,"['Detergent', 'Thermometer']",2,Debit Card,West Ashley,Middle-aged (50-64),Summer,Unknown Promotion,No,Evening,14.55
2023-04-18 21:08:36,Gregory Maldonado Jr.,"['Swim Trunks', 'Paprika', 'Treadmill', 'Coffee', 'Glass Cleaner']",5,Cash,Grantville,Adult (30-49),Summer,Unknown Promotion,Yes,Evening,44.95
2023-04-18 22:42:16,Natasha Holmes,"['Popcorn', 'Kettlebells']",2,Debit Card,Josephfort,Adult (30-49),Summer,BOGO (Buy One Get One),Yes,Late Night,14.55
2023-04-19 08:33:00,Autumn Murphy,"['Stain Remover', 'Barbecue Sauce', 'One-Piece Swimsuit', 'Brownies', 'Jacket', 'Tomato Sauce', 'Syrup', 'Exercise Ball']",8,Mobile Payment,Port Elizabeth,Senior (65+),Winter,BOGO (Buy One Get One),No,Morning,77.1
2023-04-19 08:39:02,William Kennedy,"['Bathrobe', 'Foam Roller', 'Toilet Paper']",3,Credit Card,New April,Adult (30-49),Summer,Unknown Promotion,No,Morning,23.88
2023-04-19 09:28:20,Adrian Fischer,"['Raincoat', 'Garlic Powder', 'Binders', 'Tape', 'Exercise Bike']",5,Cash,East Brianaland,Adult (30-49),Summer,Unknown Promotion,No,Morning,44.95
2023-04-19 10:41:24,Wayne Jones,"['Dryer Sheets', 'Markers', 'Raisins', 'Shaving Cream']",4,Credit Card,Williamstad,Teenager (13-19),Spring,BOGO (Buy One Get One),Yes,Midday,34.67
2023-04-19 12:39:13,Hector Mckinney,"['Beer', 'Frozen Cookies', 'Super Glue', 'Raincoat']",4,Cash,West Elizabeth,Adult (30-49),Summer,Discount on Selected Items,Yes,Midday,34.67
2023-04-19 12:45:30,Heather Johnson,"['Bananas', 'Pencils']",2,Cash,Hayesshire,Young Adult (20-29),Summer,Unknown Promotion,No,Midday,14.55
2023-04-19 12:51:00,Diana Robinson,"['Wine', 'Blouse', 'Swim Trunks', 'Paper Towels']",4,Cash,West Cynthia,Teenager (13-19),Winter,BOGO (Buy One Get One),No,Midday,34.67
2023-04-19 13:21:05,Mr. Thomas Blake,"['Barbecue Sauce', 'Tote Bag', 'Plastic Cups', 'Lighter Fluid', 'Yogurt', 'Matches', 'Weight Bench']",7,Credit Card,North Jessestad,Young Adult (20-29),Spring,Unknown Promotion,No,Midday,65.86
2023-04-19 14:10:43,Charles Hicks,"['Trail Mix', 'Beach Towel', 'Cheese', 'Air Freshener', 'Stain Remover', 'Leggings']",6,Credit Card,Gonzalezfurt,Adult (30-49),Spring,Discount on Selected Items,Yes,Midday,56.07
2023-04-19 15:33:06,Diana Chapman,"['Frozen Vegetables', 'Swim Cap', 'Extension Cord', 'Raisins', 'Barbecue Sauce', 'Frozen Bread']",6,Cash,Ashleyview,Young Adult (20-29),Fall,Unknown Promotion,Yes,Midday,56.07
2023-04-19 15:45:21,Darren Dixon,"['Gloves', 'Canned Soup', 'Ear Muffs', 'Frozen Bagels']",4,Mobile Payment,East Anthony,Adult (30-49),Summer,Unknown Promotion,No,Midday,34.67
2023-04-19 16:17:40,Kenneth Taylor,"['Flats', 'Shoes', 'Protein Bars']",3,Debit Card,Hudsonton,Young Adult (20-29),Fall,BOGO (Buy One Get One),Yes,Afternoon,23.88
2023-04-19 17:50:01,Gail Bridges,"['Cinnamon', 'Rug']",2,Mobile Payment,Sosaview,Adult (30-49),Summer,Unknown Promotion,No,Afternoon,14.55
2023-04-19 19:32:37,Brandon Moore,"['Instant Noodles', 'Envelopes', 'Wine', 'Raisins']",4,Debit Card,West Elizabeth,Young Adult (20-29),Spring,Discount on Selected Items,Yes,Evening,34.67
2023-04-19 20:29:06,Nicole Whitaker,"['Pull-up Bar', 'Bleach', 'Binders', 'Capri Pants', 'Heels']",5,Cash,Sandersview,Adult (30-49),Winter,BOGO (Buy One Get One),No,Evening,44.95
2023-04-20 04:55:56,Brian Parsons,"['Moving Boxes', 'Insect Repellent']",2,Cash,Kellerhaven,Adult (30-49),Winter,Discount on Selected Items,Yes,Morning,14.55
2023-04-20 08:14:22,Jason Bautista,"['Cashews', 'Water', 'Paprika', 'Facial Tissue', 'Beef']",5,Debit Card,North Zachary,Adult (30-49),Summer,BOGO (Buy One Get One),Yes,Morning,44.95
2023-04-20 09:10:45,Meghan Friedman,"['Frozen Cake', 'Candy Bars', 'Bubble Wrap', 'Shower Cap', 'Exercise Bike']",5,Debit Card,North Michaelhaven,Young Adult (20-29),Spring,Discount on Selected Items,No,Morning,44.95
2023-04-20 11:00:01,Matthew Gonzalez,"['Deodorant', 'Jump Rope', 'Moving Boxes', 'Water Bottle', 'Colored Pencils', 'Pepper', 'Bath Bombs']",7,Cash,Hernandezborough,Adult (30-49),Fall,Discount on Selected Items,Yes,Midday,65.86
2023-04-20 11:46:34,Brandon Hatfield,"['Chili Powder', 'Capri Pants', 'Butter', 'Swim Trunks', 'Dish Soap', 'Colored Pencils', 'Exercise Ball', 'Frozen Fries']",8,Mobile Payment,Lake Jose,Young Adult (20-29),Fall,BOGO (Buy One Get One),No,Midday,77.1
2023-04-20 13:16:00,Catherine Lee,"['Toilet Bowl Cleaner', 'Paper Cups']",2,Cash,Lake Elizabethtown,Young Adult (20-29),Fall,BOGO (Buy One Get One),Yes,Midday,14.55
2023-04-20 16:09:36,Emily Walls,"['Leggings', 'Frozen Fruit', 'Milk', 'Tank Top', 'Gelato']",5,Cash,North Troy,Senior (65+),Fall,Discount on Selected Items,No,Afternoon,44.95
2023-04-20 20:52:35,Mark Williams,"['Belt', 'Pasta Sauce', 'Yoga Pants', 'Frozen Fruit', 'Multi-Surface Cleaner']",5,Debit Card,Gomezmouth,Adult (30-49),Fall,BOGO (Buy One Get One),Yes,Evening,44.95
2023-04-20 23:06:00,Shannon Wilson,"['Scrubbers', 'Bug Spray', 'Soy Sauce', 'Oranges', 'Brown Sugar']",5,Debit Card,West Jennifershire,Adult (30-49),Spring,Unknown Promotion,No,Late Night,44.95
2023-04-21 00:46:35,Michael Barnes,"['Nail Polish Remover', 'Sunscreen', 'Luggage', 'Frozen Dinners']",4,Credit Card,Port Jason,Adult (30-49),Fall,Unknown Promotion,Yes,Early Morning,34.67
2023-04-21 09:09:50,Lisa Scott,"['Wine', 'Snack Cakes', 'Jam']",3,Cash,Lake Julie,Middle-aged (50-64),Winter,BOGO (Buy One Get One),Yes,Morning,23.88
2023-04-21 09:20:44,Michael Robinson,"['Boots', 'Ruler', 'Hangers', 'Nail Clippers', 'Dryer Sheets']",5,Cash,East Elizabeth,Adult (30-49),Summer,Discount on Selected Items,No,Morning,44.95
2023-04-21 09:22:22,Mark Smith,"['Baking Soda', 'Tweezers', 'Coffee', 'Dumbbells', 'Umbrella', 'Suitcase', 'Water']",7,Mobile Payment,Lake Kent,Young Adult (20-29),Summer,BOGO (Buy One Get One),No,Morning,65.86
2023-04-21 11:02:59,Walter Gray,"['Hand Sanitizer', 'Sponges']",2,Credit Card,Margaretbury,Adult (30-49),Spring,Unknown Promotion,No,Midday,14.55
2023-04-21 11:53:17,Adam Stafford,"['Mints', 'Towels', 'Lollipops', 'Air Freshener', 'Lighter Fluid', 'Olives']",6,Credit Card,Lake Chelseyburgh,Teenager (13-19),Winter,BOGO (Buy One Get One),No,Midday,57.61
2023-04-21 11:54:18,Linda Mcdaniel,"['Peanuts', 'Ice Cream Bars', 'Floss', 'Trail Mix', 'Beer', 'Markers', 'Frozen Bagels', 'Paper Towels']",8,Cash,South Markchester,Senior (65+),Fall,Discount on Selected Items,No,Midday,77.1
2023-04-21 13:43:00,Robert Hall,"['Index Cards', 'Sneakers', 'Toilet Bowl Cleaner']",3,Credit Card,Wongbury,Young Adult (20-29),Fall,BOGO (Buy One Get One),Yes,Midday,23.88
2023-04-21 14:14:08,Eugene Johnson,"['Pretzels', 'Paper Plates', 'Candy Bars', 'Ramen', 'Mustard', 'Cold Medicine', 'Shower Shoes']",7,Debit Card,Davidstad,Adult (30-49),Summer,Unknown Promotion,No,Midday,65.86
2023-04-21 16:04:31,Tammy Chang,"['Boots', 'Garlic Powder', 'Almonds', 'Baking Soda', 'Dryer Sheets']",5,Credit Card,Port Samuel,Teenager (13-19),Fall,Discount on Selected Items,No,Afternoon,44.95
2023-04-21 18:46:20,Jacob Warren,"['Vinegar', 'Shorts', 'Baking Powder']",3,Cash,South Pamelatown,Middle-aged (50-64),Fall,BOGO (Buy One Get One),Yes,Afternoon,23.88
2023-04-21 18:59:06,Ricardo Anderson,"['Sugar', 'Bathrobe', 'Body Wash', 'Donuts']",4,Mobile Payment,Annaburgh,Senior (65+),Fall,BOGO (Buy One Get One),Yes,Afternoon,34.67
2023-04-21 19:14:10,Curtis Gomez,"['Olive Oil', 'Mouthwash', 'Deodorant', 'Air Freshener']",4,Debit Card,South Edward,Young Adult (20-29),Fall,Discount on Selected Items,No,Evening,34.67
2023-04-22 04:38:54,Derrick White,"['Sunglasses', 'Duct Tape', 'Exercise Ball', 'Dried Cranberries']",4,Credit Card,Sanchezville,Adult (30-49),Spring,Discount on Selected Items,Yes,Morning,34.67
2023-04-22 09:55:54,Steven Martin,"['Purse', 'Butter', 'Cashews', 'Toilet Bowl Cleaner', 'Backpack', 'Heels', 'Granola Bars', 'Raincoat']",8,Debit Card,Stephenton,Adult (30-49),Summer,Discount on Selected Items,No,Morning,77.1
2023-04-22 10:21:26,Amber Sawyer,"['Messenger Bag', 'Sports Bra', 'Sweater', 'Raisins']",4,Credit Card,Laurenburgh,Teenager (13-19),Spring,Unknown Promotion,Yes,Midday,34.67
2023-04-22 13:00:11,Gregory Torres,"['Sweatshirt', 'Notebooks', 'Bobby Pins', 'Carry-on Bag', 'Comb', 'Elliptical', 'Brown Sugar', 'Baking Soda', 'Sandals', 'Frozen Fruit', 'Frozen Sausages']",11,Mobile Payment,East Timothychester,Young Adult (20-29),Spring,BOGO (Buy One Get One),No,Midday,115.89
2023-04-22 16:29:42,Amy Miller,"['Beef', 'T-Shirt', 'Canned Soup', 'Tea', 'Cashews', 'Notebooks', 'Honey', 'Bubble Wrap', 'Bath Mat']",9,Credit Card,West Margaret,Teenager (13-19),Fall,Discount on Selected Items,No,Afternoon,90.0
2023-04-22 17:04:58,Adam Cruz,['Paprika'],1,Mobile Payment,Careyhaven,Young Adult (20-29),Spring,Discount on Selected Items,Yes,Afternoon,5.14
2023-04-22 18:11:48,Catherine Kennedy,"['Tote Bag', 'Protein Bars', 'Razors']",3,Cash,Ryanville,Adult (30-49),Fall,Unknown Promotion,No,Afternoon,23.88
2023-04-22 20:09:52,Cory Thomas,"['Shower Curtain', 'Chicken', 'Bobby Pins', 'Gloves']",4,Cash,Mcbridetown,Teenager (13-19),Spring,Discount on Selected Items,Yes,Evening,34.67
2023-04-22 22:30:02,Anthony Williams,"['Belt', 'Blouse', 'Shaving Cream']",3,Credit Card,New Michaelmouth,Adult (30-49),Fall,Unknown Promotion,Yes,Late Night,23.88
2023-04-23 02:47:26,Christopher Cook,"['Air Freshener', 'Cucumber', 'Ramen', 'Tomato Sauce', 'Dumbbells']",5,Credit Card,Morrisside,Young Adult (20-29),Winter,Discount on Selected Items,No,Early Morning,44.95
2023-04-23 13:25:41,Christopher Flores,"['Sports Drinks', 'Wallet', 'Tea', 'Mustard', 'Disinfectant Wipes']",5,Cash,Odommouth,Adult (30-49),Fall,Unknown Promotion,Yes,Midday,44.95
2023-04-23 15:48:16,Patrick Jimenez,"['Frozen Cookies', 'Weight Bench', 'Toothpaste', 'Disinfectant Wipes']",4,Cash,Williamfurt,Adult (30-49),Summer,Unknown Promotion,Yes,Midday,34.67
2023-04-23 16:22:59,Joseph Matthews,"['Pajamas', 'Peanut Butter', 'Conditioner', 'Coat', 'Scrubbers']",5,Mobile Payment,East Josephshire,Teenager (13-19),Spring,Unknown Promotion,No,Afternoon,44.95
2023-04-23 17:06:37,Jessica Thomas,"['Mouthwash', 'Frozen Dinners', 'Iced Tea', 'Beach Towel', 'Cheese', 'Calculator', 'Mayonnaise', 'Handbag', 'Hot Sauce']",9,Credit Card,Gutierrezland,Adult (30-49),Summer,BOGO (Buy One Get One),Yes,Afternoon,90.0
2023-04-23 17:27:07,Samuel Foley,"['Frozen Garlic Bread', 'Capri Pants', 'Cheese', 'Honey', 'Toothpaste', 'Salt', 'Envelopes', 'Index Cards', 'Band-Aids', 'Ruler', 'Oats']",11,Cash,New Georgehaven,Middle-aged (50-64),Spring,BOGO (Buy One Get One),No,Afternoon,115.89
2023-04-23 17:49:40,Debbie Henry,"['Honey', 'Leggings', 'Treadmill']",3,Cash,Scottland,Young Adult (20-29),Summer,BOGO (Buy One Get One),No,Afternoon,23.88
2023-04-23 18:43:22,Scott Mendez,"['First Aid Kit', 'Shoes', 'Bubble Bath', 'Nail Clippers', 'Shelving', 'Coffee', 'Beach Towel']",7,Cash,Maciaston,Adult (30-49),Fall,Unknown Promotion,No,Afternoon,65.86
2023-04-23 18:43:24,Kimberly Forbes,"['Popcorn', 'Allergy Medicine', 'Sandals', 'Cough Syrup']",4,Cash,Lake Tyler,Young Adult (20-29),Fall,Discount on Selected Items,Yes,Afternoon,34.67
2023-04-23 20:57:22,Jacob Hernandez,"['Vinegar', 'Coat', 'Suitcase', 'Detergent', 'Binders', 'Beer', 'Onion Powder', 'Frozen Vegetables']",8,Debit Card,West Matthewchester,Middle-aged (50-64),Winter,Unknown Promotion,Yes,Evening,77.1
2023-04-24 07:20:57,Chad Nolan,"['Gym Towel', 'Winter Hat', 'Cough Syrup', 'Lighter Fluid']",4,Debit Card,South Joanneton,Young Adult (20-29),Winter,Discount on Selected Items,No,Morning,34.67
2023-04-24 07:40:01,Cathy Wells,"['Underwear', 'Soy Sauce', 'Yogurt', 'Air Freshener']",4,Cash,Bradleyside,Young Adult (20-29),Winter,Unknown Promotion,No,Morning,34.67
2023-04-24 08:05:51,Chris Nash,"['Sports Drinks', 'Boots', 'Toilet Bowl Cleaner']",3,Cash,Jacksonstad,Teenager (13-19),Summer,BOGO (Buy One Get One),No,Morning,23.88
2023-04-24 10:12:56,Summer Oliver,"['Canned Tuna', 'Rug', 'Toilet Bowl Cleaner', 'Cotton Balls', 'Frozen Pancakes']",5,Mobile Payment,Wallaceton,Young Adult (20-29),Winter,BOGO (Buy One Get One),No,Midday,44.95
2023-04-24 10:38:03,Scott Bond,"['One-Piece Swimsuit', 'Chips', 'Sunscreen', 'Super Glue', 'Hair Ties', 'Passport Holder', 'Detergent', 'Belt', 'Rice']",9,Debit Card,Jerryport,Adult (30-49),Fall,Unknown Promotion,Yes,Midday,90.0
2023-04-24 12:51:14,Adrian Stein,"['Batteries', 'Olives', 'Frozen Pie', 'Insect Repellent', 'Shelving', 'Sunscreen']",6,Debit Card,North Monica,Adult (30-49),Summer,Discount on Selected Items,Yes,Midday,56.07
2023-04-24 13:00:35,Melissa Miller,"['Canned Fruit', 'Soap', 'Cereal']",3,Credit Card,Brittanyport,Middle-aged (50-64),Summer,Discount on Selected Items,No,Midday,23.88
2023-04-24 13:15:19,Jacob Hale,"['Crackers', 'One-Piece Swimsuit', 'Nail Polish', 'Frozen Burritos', 'Deodorant', 'Capri Pants', 'Shaving Cream', 'Pants', 'Swim Trunks', 'Jacket']",10,Cash,West Mary,Adult (30-49),Winter,BOGO (Buy One Get One),Yes,Midday,102.2
2023-04-24 14:33:20,Elizabeth Robinson,"['Brownies', 'Frozen Bagels', 'Water Bottle', 'Lighter', 'Frozen Pizza Rolls', 'Underwear']",6,Mobile Payment,East Thomasberg,Senior (65+),Summer,Unknown Promotion,Yes,Midday,56.07
2023-04-24 15:35:33,Lauren Cook,"['Napkins', 'Spaghetti', 'Frozen Cake', 'Weight Bench', 'Lighter Fluid']",5,Mobile Payment,South Anne,Young Adult (20-29),Summer,Unknown Promotion,Yes,Midday,44.95
2023-04-24 15:54:57,David Weaver,"['Frozen Chicken Nuggets', 'Ice Cream', 'Vinegar', 'Soda', 'Plastic Cups', 'Gym Bag']",6,Credit Card,Evansmouth,Young Adult (20-29),Spring,BOGO (Buy One Get One),Yes,Midday,56.07
2023-04-24 16:39:29,Virginia Evans,"['Brownies', 'Garlic Powder']",2,Mobile Payment,New Meredithberg,Adult (30-49),Winter,Unknown Promotion,Yes,Afternoon,14.55
2023-04-24 16:47:00,Mr. Ryan Price,"['Duct Tape', 'Detergent', 'Workout Clothes']",3,Debit Card,Davismouth,Adult (30-49),Winter,BOGO (Buy One Get One),No,Afternoon,23.88
2023-04-24 18:30:00,Bryan White,"['Chicken', 'Frozen Cake', 'Toilet Paper', 'Sandals', 'Nail Polish Remover']",5,Credit Card,West Denise,Adult (30-49),Winter,Discount on Selected Items,No,Afternoon,44.95
2023-04-24 18:33:53,Joseph Le,"['Protein Powder', 'Cotton Swabs', 'Canned Soup']",3,Debit Card,Petershaven,Adult (30-49),Winter,Discount on Selected Items,No,Afternoon,23.88
2023-04-24 22:19:54,Carl Holden,"['Crackers', 'Frozen Waffles', 'Scissors', 'Paper Cups', 'Detergent']",5,Debit Card,East Marissaton,Adult (30-49),Spring,Discount on Selected Items,Yes,Late Night,44.95
2023-04-25 09:00:01,Sarah Rollins,"['Pens', 'Candles']",2,Cash,Melvinfurt,Senior (65+),Spring,Unknown Promotion,No,Morning,14.55
2023-04-25 10:36:35,David Kelly,"['Capri Pants', 'Glue', 'Picture Frames']",3,Credit Card,Port Sarah,Young Adult (20-29),Winter,BOGO (Buy One Get One),Yes,Midday,23.88
2023-04-25 11:16:59,Jessica Mcdonald,"['Cereal', 'Suitcase']",2,Credit Card,Whitneychester,Adult (30-49),Spring,BOGO (Buy One Get One),Yes,Midday,14.55
2023-04-25 15:27:25,Aaron Bruce,"['Butter', 'Handbag', 'Wine', 'Dumbbells', 'Jam']",5,Cash,Dennisburgh,Adult (30-49),Spring,Unknown Promotion,Yes,Midday,44.95
2023-04-25 16:09:02,Richard Buckley,"['Bagels', 'Jelly', 'Yoga Pants', 'Dish Soap', 'Weight Bench']",5,Debit Card,West Jeffery,Young Adult (20-29),Spring,Unknown Promotion,Yes,Afternoon,44.95
2023-04-25 17:30:06,Kevin Morse,['Crayons'],1,Debit Card,Paigeburgh,Middle-aged (50-64),Summer,BOGO (Buy One Get One),Yes,Afternoon,5.14
2023-04-25 18:40:26,Brad Chapman,"['Syrup', 'Gelato', 'Raincoat', 'Oranges', 'Toilet Bowl Cleaner', 'Lemonade']",6,Debit Card,Wilsonborough,Adult (30-49),Spring,BOGO (Buy One Get One),Yes,Afternoon,56.07
2023-04-25 18:43:53,Todd Barnett,"['Ice Cream Sandwiches', 'Swim Trunks', 'Skirt', 'Paprika', 'Envelopes', 'Frozen Fish Sticks', 'Briefcase', 'Milk', 'Bug Spray', 'Shoes', 'Workout Clothes']",11,Debit Card,Bullockfurt,Middle-aged (50-64),Fall,Discount on Selected Items,Yes,Afternoon,113.03
2023-04-25 22:45:10,Ashley Knight,['Sweater'],1,Debit Card,Christopherville,Young Adult (20-29),Spring,BOGO (Buy One Get One),Yes,Late Night,5.14
2023-04-26 02:55:00,Melanie Raymond,"['Paper Towels', 'Frozen Pizza Rolls', 'Jelly', 'Ruler', 'Markers']",5,Debit Card,Port Micheleville,Middle-aged (50-64),Fall,Unknown Promotion,No,Early Morning,44.95
2023-04-26 09:42:46,Joshua Glover,"['Frozen Pancakes', 'Bath Salts']",2,Mobile Payment,Karentown,Adult (30-49),Winter,BOGO (Buy One Get One),Yes,Morning,14.55
2023-04-26 09:51:01,Amanda Long,"['Shower Curtain', 'Sugar', 'Gelato', 'Jelly', 'Frozen Breakfast Sandwiches', 'Gloves', 'Hangers', 'Syrup', 'Bubble Bath', 'Crackers']",10,Cash,Hollyland,Middle-aged (50-64),Spring,Discount on Selected Items,Yes,Morning,102.2
2023-04-26 14:14:53,Brian Gilbert,"['Pull-up Bar', 'Sunscreen', 'Ice Cream Sandwiches', 'Ear Muffs', 'Granola Bars', 'Rowing Machine']",6,Cash,East Christopher,Teenager (13-19),Spring,Discount on Selected Items,No,Midday,57.61
2023-04-26 14:52:13,Daniel Anthony,"['Slippers', 'Sweatshirt', 'Wallet', 'Frozen Pie', 'Bobby Pins']",5,Mobile Payment,New Anthony,Senior (65+),Winter,Unknown Promotion,No,Midday,44.95
2023-04-26 15:08:10,Courtney Foster,"['Sponges', 'Nail Clippers', 'Dried Cranberries', 'Storage Bins', 'Fabric Softener', 'Batteries', 'Paper Towels', 'Dish Soap']",8,Mobile Payment,Jenniferstad,Middle-aged (50-64),Spring,BOGO (Buy One Get One),No,Midday,77.1
2023-04-26 18:20:55,Monica Reed,"['Frozen Cake', 'Vinegar', 'Frozen Garlic Bread', 'Cashews']",4,Mobile Payment,Johnsmouth,Adult (30-49),Fall,BOGO (Buy One Get One),Yes,Afternoon,34.67
2023-04-26 18:49:32,Victoria West,"['Sorbets', 'Iced Tea', 'Lollipops', 'Polo Shirt']",4,Cash,New Barbara,Adult (30-49),Fall,Unknown Promotion,Yes,Afternoon,34.67
2023-04-26 18:58:41,Thomas Alexander,"['Winter Hat', 'Frozen Pie', 'Canola Oil', 'Handbag', 'Frozen Pizza']",5,Debit Card,Port Marcuschester,Adult (30-49),Summer,Unknown Promotion,Yes,Afternoon,44.95
2023-04-26 19:59:42,Richard Hill,"['Band-Aids', 'Butter', 'Extension Cord', 'Hairbrush', 'Belt', 'Jelly', 'Gum']",7,Cash,Carolineview,Young Adult (20-29),Winter,BOGO (Buy One Get One),No,Evening,65.86
2023-04-26 20:24:13,Lisa Boyer,"['Slippers', 'Hand Sanitizer', 'Nail Polish', 'Stain Remover']",4,Credit Card,Austinstad,Adult (30-49),Spring,Discount on Selected Items,Yes,Evening,34.67
2023-04-27 04:27:59,Robin Benton,"['Kettlebells', 'Pepper', 'Deodorant', 'Plastic Wrap', 'Frozen Fries', 'Photo Albums']",6,Debit Card,Bennettborough,Young Adult (20-29),Spring,Unknown Promotion,Yes,Morning,56.07
2023-04-27 07:32:57,Mrs. Sharon Cole,"['Gym Bag', 'Water Bottle', 'Batteries', 'Flashlight']",4,Credit Card,Lake April,Adult (30-49),Summer,Discount on Selected Items,No,Morning,34.67
2023-04-27 11:36:12,Jose Anderson,"['Paprika', 'Allergy Medicine', 'Shoes', 'Conditioner', 'Bug Spray']",5,Mobile Payment,South Dustinmouth,Young Adult (20-29),Spring,Unknown Promotion,No,Midday,44.95
2023-04-27 12:48:17,Robert Hill,"['Soy Sauce', 'Carry-on Bag', 'Shelving', 'Bug Spray', 'Yoga Pants', 'Vinegar']",6,Mobile Payment,Gloverville,Adult (30-49),Fall,BOGO (Buy One Get One),Yes,Midday,56.07
2023-04-27 13:03:51,Cristian Knapp,"['Colored Pencils', 'Candy Bars', 'Mac and Cheese', 'Bananas']",4,Credit Card,New Jocelyn,Young Adult (20-29),Summer,Unknown Promotion,No,Midday,34.67
2023-04-27 13:20:28,Alexander Williams,"['Sunscreen', 'Toilet Bowl Cleaner', 'Conditioner', 'Ice Cream']",4,Cash,South Matthewchester,Young Adult (20-29),Spring,BOGO (Buy One Get One),Yes,Midday,34.67
2023-04-27 14:55:28,Ryan Davidson,"['Handbag', 'Weight Bench', 'Pepper', 'Cough Syrup']",4,Mobile Payment,Shannonmouth,Middle-aged (50-64),Winter,Discount on Selected Items,No,Midday,34.67
2023-04-27 14:57:48,Gabrielle Levine,"['Eggs', 'Ear Muffs', 'Dryer Sheets', 'Air Freshener', 'Handbag', 'Vegetable Oil']",6,Credit Card,Meyersmouth,Senior (65+),Spring,BOGO (Buy One Get One),Yes,Midday,56.07
2023-04-27 16:28:49,Molly Porter,"['Tank Top', 'Calculator', 'Paper Towels', 'Gym Towel', 'Popsicles', 'Passport Holder', 'Mac and Cheese', 'Conditioner']",8,Credit Card,Port Kevinton,Teenager (13-19),Winter,Unknown Promotion,Yes,Afternoon,77.1
2023-04-27 17:29:03,Danielle Bennett,"['Laundry Basket', 'Pens']",2,Debit Card,North Heidi,Adult (30-49),Fall,Discount on Selected Items,No,Afternoon,14.55
2023-04-27 20:32:46,Jamie Porter,"['Beer', 'Exercise Ball', 'Ramen', 'Shaving Cream', 'Storage Bins']",5,Debit Card,New Frank,Teenager (13-19),Fall,Unknown Promotion,No,Evening,44.95
2023-04-28 10:16:54,Harry Wilkerson,"['Frozen Fruit', 'Jump Rope']",2,Debit Card,North Anthony,Teenager (13-19),Fall,Unknown Promotion,Yes,Midday,14.55
2023-04-28 10:39:41,Jeffrey Davis,"['Cookies', 'Dryer Sheets', 'Sweater', 'Canned Soup', 'Foam Roller']",5,Credit Card,Beckermouth,Young Adult (20-29),Summer,Discount on Selected Items,Yes,Midday,44.95
2023-04-28 10:58:22,Brandon Walker,"['Super Glue', 'Frozen Pizza', 'Baking Powder', 'Post-it Notes', 'T-Shirt', 'Lemonade', 'Plastic Wrap', 'Sugar']",8,Debit Card,Lake Kimberly,Adult (30-49),Winter,Discount on Selected Items,No,Midday,77.1
2023-04-28 11:09:51,Tamara Murray,"['Almonds', 'Bra', 'Weight Bench', 'Winter Hat', 'Pencils', 'Shampoo', 'Razors', 'Beach Towel', 'Body Wash', 'Ruler', 'Jam', 'Candy Bars']",12,Mobile Payment,Charlesshire,Senior (65+),Winter,BOGO (Buy One Get One),No,Midday,124.9
2023-04-28 13:01:01,Christine Hernandez,"['Photo Albums', 'Pasta Sauce']",2,Credit Card,South Sarashire,Adult (30-49),Fall,Unknown Promotion,No,Midday,14.55
2023-04-28 14:47:54,Linda Bell,"['Laptop Bag', 'Trail Mix', 'Bikini', 'Yoga Mat', 'Light Bulbs', 'Almonds', 'Oranges']",7,Cash,Brownborough,Senior (65+),Spring,Discount on Selected Items,Yes,Midday,65.86
2023-04-28 15:20:02,Kenneth Watson,"['Vegetable Oil', 'Pepper']",2,Credit Card,North Jenniferhaven,Adult (30-49),Fall,Discount on Selected Items,No,Midday,14.55
2023-04-28 16:20:44,Dorothy Hudson,"['Bananas', 'Passport Holder']",2,Cash,Michaelberg,Adult (30-49),Spring,Unknown Promotion,Yes,Afternoon,14.55
2023-04-28 17:33:56,Leslie Copeland,"['Scrubbers', 'Yogurt', 'Vegetable Oil', 'Sugar', 'Frozen Vegetables', 'Passport Holder']",6,Cash,Mariaburgh,Young Adult (20-29),Fall,BOGO (Buy One Get One),No,Afternoon,57.61
2023-04-28 18:34:25,Tammy Adams,"['Carry-on Bag', 'Floss']",2,Cash,New Richard,Young Adult (20-29),Winter,BOGO (Buy One Get One),No,Afternoon,14.55
2023-04-28 19:46:34,Ian Clark,"['Shaving Cream', 'Ice Cream Cones', 'Hangers', 'Sponges', 'Cold Medicine']",5,Credit Card,Lake Ryan,Senior (65+),Fall,Discount on Selected Items,No,Evening,44.95
2023-04-28 20:19:13,Rhonda Ruiz,"['Dress', 'Photo Albums', 'Popcorn', 'Dumbbells']",4,Credit Card,Hollandburgh,Middle-aged (50-64),Summer,Unknown Promotion,No,Evening,34.67
2023-04-28 21:09:48,Richard Stewart,"['Frozen Cookies', 'Gelato', 'Mints', 'Canola Oil', 'Pull-up Bar']",5,Credit Card,Port Alexa,Senior (65+),Fall,Unknown Promotion,No,Evening,44.95
2023-04-29 09:27:03,Jacob Huang,"['Comb', 'Shower Curtain', 'Shower Shoes', 'Ear Muffs', 'Weight Bench', 'Slippers', 'Apples', 'Dish Soap']",8,Debit Card,East Jonbury,Adult (30-49),Summer,Unknown Promotion,No,Morning,77.1
2023-04-29 09:52:47,Alexandra Scott,"['Tomato Sauce', 'Shorts', 'Skirt', 'Brownies', 'Glue', 'Crackers', 'Boots', 'Bathrobe']",8,Debit Card,Oscarfurt,Young Adult (20-29),Spring,BOGO (Buy One Get One),No,Morning,77.1
2023-04-29 10:34:08,Emily Baldwin,"['Hand Sanitizer', 'Flashlight', 'Glue']",3,Credit Card,New Christopher,Adult (30-49),Winter,BOGO (Buy One Get One),Yes,Midday,23.88
2023-04-29 11:20:55,Andrea Terry,"['Yoga Mat', 'Bread', 'Popsicles', 'Treadmill', 'Cold Medicine', 'Tweezers', 'Vinegar']",7,Mobile Payment,North Kristenview,Middle-aged (50-64),Fall,Discount on Selected Items,Yes,Midday,65.86
2023-04-29 15:17:17,Troy Erickson,"['Vegetable Oil', 'Colored Pencils', 'Shower Shoes', 'Eggs', 'Apples', 'Mustard']",6,Debit Card,Georgemouth,Adult (30-49),Winter,Discount on Selected Items,No,Midday,57.61
2023-04-29 15:39:58,Christopher Sullivan,"['Tweezers', 'Rice', 'Backpack', 'Ramen', 'Frozen Cake', 'Apples']",6,Cash,Kathrynburgh,Adult (30-49),Spring,Discount on Selected Items,Yes,Midday,56.07
2023-04-29 16:31:31,Omar Mckinney,"['Frozen Meatballs', 'Salt', 'Rice', 'Frozen Garlic Bread', 'Photo Albums', 'Slippers']",6,Mobile Payment,Lake Stevenside,Young Adult (20-29),Spring,Unknown Promotion,Yes,Afternoon,56.07
2023-04-29 21:02:06,Timothy Fox,"['Butter', 'Moving Boxes', 'Aluminum Foil', 'Ruler', 'Flats', 'Gym Bag', 'Air Freshener', 'Protein Powder', 'Toothpaste']",9,Credit Card,Port Jessica,Adult (30-49),Fall,Discount on Selected Items,No,Evening,90.0
2023-04-29 21:33:59,Michael Gould,"['Sugar', 'Briefcase', 'Toothbrush']",3,Credit Card,Torreshaven,Senior (65+),Summer,Unknown Promotion,Yes,Evening,23.88
2023-04-30 09:07:26,James Mack,"['Laptop Bag', 'Sneakers', 'Nail Clippers', 'Protein Powder']",4,Mobile Payment,Johnstad,Young Adult (20-29),Fall,Discount on Selected Items,Yes,Morning,34.67
2023-04-30 11:31:22,Richard Crawford,"['Rice', 'Frozen Cookies', 'Cough Drops', 'Gloves', 'Brownies']",5,Cash,Port Alexander,Middle-aged (50-64),Summer,BOGO (Buy One Get One),No,Midday,44.95
2023-04-30 14:42:55,Jeffrey Garcia,"['Hairbrush', 'Scrubbers', 'Crackers']",3,Cash,Englishmouth,Middle-aged (50-64),Winter,Discount on Selected Items,No,Midday,23.88
2023-04-30 15:33:47,Ashley Lee,"['Frozen Fruit', 'Stamps', 'Butter', 'Sunscreen', 'Shoes', 'Flour', 'Hot Sauce', 'Shelving']",8,Debit Card,New Stacey,Middle-aged (50-64),Winter,BOGO (Buy One Get One),Yes,Midday,77.1
2023-04-30 15:53:42,Jake Johnson,"['Beer', 'Soy Sauce', 'Hangers', 'Mac and Cheese', 'First Aid Kit', 'Winter Hat', 'Foam Roller']",7,Mobile Payment,Cathyburgh,Senior (65+),Spring,Unknown Promotion,Yes,Midday,65.86
2023-04-30 16:13:17,Sean Kelly,"['Umbrella', 'Pretzels', 'Washcloths', 'Lighter', 'Plastic Wrap']",5,Debit Card,North Michael,Young Adult (20-29),Summer,Discount on Selected Items,Yes,Afternoon,44.95
2023-04-30 16:21:43,Madison Johnson,"['Foam Roller', 'Gelato', 'Oats', 'Ice Cream Sandwiches', 'Shampoo']",5,Credit Card,Morganborough,Adult (30-49),Winter,Unknown Promotion,No,Afternoon,44.95
2023-04-30 19:12:40,Daniel Anderson,"['Pajamas', 'Frozen Fries', 'Chili Powder', 'Paper Towels', 'Beef', 'Onion Powder', 'Water']",7,Credit Card,East Elizabethhaven,Young Adult (20-29),Spring,Discount on Selected Items,Yes,Evening,65.86
2023-04-30 22:15:39,Jeremiah Lynch,"['Body Wash', 'Ruler', 'Muffins']",3,Cash,Aaronport,Adult (30-49),Summer,Discount on Selected Items,No,Late Night,23.88
2023-05-01 08:26:45,Rodney Black,"['Photo Albums', 'Toilet Bowl Cleaner']",2,Debit Card,Haasburgh,Middle-aged (50-64),Summer,Discount on Selected Items,Yes,Morning,14.55
2023-05-01 09:13:04,Richard Hall,['Frozen Garlic Bread'],1,Cash,Smithville,Young Adult (20-29),Summer,BOGO (Buy One Get One),Yes,Morning,5.14
2023-05-01 13:04:01,Bruce Lane,"['Plastic Cups', 'Hairbrush']",2,Credit Card,Port Sarah,Young Adult (20-29),Winter,BOGO (Buy One Get One),Yes,Midday,14.55
2023-05-01 13:45:46,Dustin Smith,"['Pasta', 'Photo Albums', 'Lemonade', 'Nail Clippers', 'Blouse']",5,Cash,South Nicholas,Teenager (13-19),Summer,Discount on Selected Items,Yes,Midday,44.95
2023-05-01 15:27:29,Angela Mcfarland,"['Razors', 'Nail Clippers', 'Shampoo', 'Calculator', 'Beer', 'Nail Polish Remover', 'Plastic Cups']",7,Debit Card,New Wendyshire,Middle-aged (50-64),Fall,Discount on Selected Items,Yes,Midday,65.86
2023-05-01 15:37:37,Alexandra Hahn,"['Energy Drinks', 'Insect Repellent', 'Bath Mat', 'Skirt', 'Onion Powder', 'Moving Boxes', 'Paper Towels']",7,Cash,South Angela,Adult (30-49),Winter,Unknown Promotion,No,Midday,65.86
2023-05-01 15:38:57,Laura Pratt,"['Donuts', 'Gelato']",2,Cash,Lake Mollyport,Young Adult (20-29),Fall,Unknown Promotion,No,Midday,14.55
2023-05-01 17:09:10,Pamela Gallagher,"['First Aid Kit', 'Blouse', 'Headbands', 'Laundry Basket', 'Winter Hat']",5,Cash,Anthonyberg,Adult (30-49),Spring,BOGO (Buy One Get One),Yes,Afternoon,44.95
2023-05-01 17:26:33,Edward Mcdonald,"['Frozen Waffles', 'Tweezers', 'Exercise Ball', 'Stamps']",4,Credit Card,Amytown,Young Adult (20-29),Fall,Unknown Promotion,No,Afternoon,34.67
2023-05-01 19:55:06,Justin Stewart,"['Baking Soda', 'Belt', 'Plastic Cups', 'Slippers', 'Vinegar', 'Cough Syrup']",6,Debit Card,New Stephanie,Adult (30-49),Spring,Discount on Selected Items,No,Evening,57.61
2023-05-02 08:48:39,Kelly Short,"['Suitcase', 'Rug', 'Pasta', 'Nail Polish']",4,Credit Card,South Kathy,Middle-aged (50-64),Fall,Discount on Selected Items,No,Morning,34.67
2023-05-02 09:12:11,Jennifer Curry,"['Tea', 'Mints']",2,Debit Card,Port Jeffreychester,Young Adult (20-29),Winter,BOGO (Buy One Get One),Yes,Morning,14.55
2023-05-02 10:05:41,Amanda Bass MD,"['Sweater', 'Photo Albums', 'Gelato', 'Water']",4,Credit Card,Johnsonshire,Adult (30-49),Fall,BOGO (Buy One Get One),Yes,Midday,34.67
2023-05-02 10:39:20,Cindy Curtis,"['Sunscreen', 'Paper Towels', 'Facial Tissue', 'Honey', 'Water Bottle', 'Candles', 'Soda', 'Colored Pencils']",8,Mobile Payment,South Timothyfurt,Adult (30-49),Winter,Unknown Promotion,Yes,Midday,77.1
2023-05-02 11:05:27,Sarah Robinson,"['Energy Drinks', 'Ice Cream Tubs', 'Lighter', 'Bath Bombs', 'Nail Polish']",5,Credit Card,East Rachelshire,Young Adult (20-29),Summer,Discount on Selected Items,Yes,Midday,44.95
2023-05-02 12:21:03,Donald Davis,"['Suitcase', 'Towels', 'Pull-up Bar', 'Belt', 'Jelly']",5,Mobile Payment,Jodimouth,Teenager (13-19),Winter,BOGO (Buy One Get One),Yes,Midday,44.95
2023-05-02 13:09:06,Andrew Anderson,['Soap'],1,Credit Card,Port Gary,Middle-aged (50-64),Winter,Unknown Promotion,No,Midday,5.14
2023-05-02 13:39:18,James Garcia,"['Popsicles', 'Shampoo', 'Floss', 'Bug Spray', 'Jacket', 'Extension Cord', 'Nail Polish', 'Donuts']",8,Credit Card,Markstad,Young Adult (20-29),Summer,Unknown Promotion,Yes,Midday,77.1
2023-05-02 14:30:42,Zachary Davis,"['Coffee', 'Moving Boxes', 'Apples']",3,Credit Card,Smithborough,Adult (30-49),Winter,BOGO (Buy One Get One),Yes,Midday,23.88
2023-05-02 14:52:08,Carla King,"['Folders', 'Chicken']",2,Mobile Payment,Adamsmouth,Middle-aged (50-64),Spring,Discount on Selected Items,No,Midday,14.55
2023-05-02 15:54:41,Amy Soto MD,"['Light Bulbs', 'Chips', 'Cough Drops']",3,Credit Card,Wilsonborough,Teenager (13-19),Winter,Discount on Selected Items,Yes,Midday,23.88
2023-05-02 16:06:41,David Rogers,"['Lighter Fluid', 'Baking Powder']",2,Debit Card,Christopherville,Adult (30-49),Spring,Unknown Promotion,No,Afternoon,14.55
2023-05-02 17:13:44,Jonathan Schroeder,"['Lighter Fluid', 'Apples', 'Cinnamon', 'Jacket', 'Resistance Bands', 'Bathrobe', 'Cucumber', 'Lemonade']",8,Mobile Payment,Lake Davidside,Middle-aged (50-64),Summer,Discount on Selected Items,No,Afternoon,77.1
2023-05-02 17:57:58,Jason Thompson,"['Peanuts', 'Umbrella', 'Toilet Paper']",3,Cash,North Robertstad,Senior (65+),Summer,Discount on Selected Items,No,Afternoon,23.88
2023-05-02 18:36:51,Laura King,"['Tweezers', 'Crayons', 'Ice Cream Sandwiches', 'Mouthwash', 'Butter', 'Sorbets', 'Mustard', 'Napkins', 'Glue']",9,Mobile Payment,West Amandabury,Middle-aged (50-64),Fall,Discount on Selected Items,Yes,Afternoon,90.0
2023-05-02 18:49:59,Ashley Mckay,"['Photo Albums', 'First Aid Kit']",2,Debit Card,Sullivanfurt,Adult (30-49),Spring,BOGO (Buy One Get One),Yes,Afternoon,14.55
2023-05-02 19:00:47,Patrick Alvarez MD,"['Weight Bench', 'Laptop Bag', 'Shower Cap', 'Pepper']",4,Mobile Payment,Brendachester,Young Adult (20-29),Spring,Unknown Promotion,No,Evening,34.67
2023-05-02 19:57:52,Joe Harper,"['Rug', 'Crackers', 'Shorts', 'Frozen Chicken Nuggets', 'Canned Vegetables', 'Charcoal']",6,Cash,Cainton,Adult (30-49),Winter,BOGO (Buy One Get One),Yes,Evening,56.07
2023-05-02 23:57:37,Jennifer Green,"['Bikini', 'Charcoal', 'Candles', 'Jam', 'Rug', 'Shower Curtain', 'Duffel Bag', 'Peanuts']",8,Debit Card,New Michael,Senior (65+),Winter,BOGO (Buy One Get One),No,Late Night,77.1
2023-05-03 04:12:42,Pamela Clark,"['Syrup', 'Light Bulbs']",2,Debit Card,Blairhaven,Adult (30-49),Summer,BOGO (Buy One Get One),Yes,Morning,14.55
2023-05-03 06:10:10,Margaret Bender,"['Gelato', 'Detergent', 'Candy Bars']",3,Mobile Payment,West Brandy,Adult (30-49),Winter,Unknown Promotion,No,Morning,23.88
2023-05-03 07:29:18,Mark Mcclure,"['Tweezers', 'Leggings', 'Comb', 'Floss', 'Bra']",5,Credit Card,North Catherineton,Adult (30-49),Summer,Discount on Selected Items,Yes,Morning,44.95
2023-05-03 10:48:10,Krista Pratt,"['Elliptical', 'Frozen Sausages', 'Oranges', 'Blouse']",4,Debit Card,Brendahaven,Young Adult (20-29),Winter,BOGO (Buy One Get One),No,Midday,34.67
2023-05-03 11:03:47,Kevin Woodward,"['Bath Salts', 'Bubble Bath', 'Flashlight', 'Lotion', 'Ramen', 'Pajamas', 'Toothpaste', 'Frozen Cookies']",8,Cash,West Ashley,Adult (30-49),Fall,Discount on Selected Items,No,Midday,77.1
2023-05-03 12:51:48,Daniel Evans,"['Underwear', 'Packing Tape', 'Mouthwash', 'Shaving Cream']",4,Credit Card,Nicholasbury,Middle-aged (50-64),Spring,Unknown Promotion,Yes,Midday,34.67
2023-05-03 15:15:45,Elijah Acosta,"['Frozen Waffles', 'Energy Drinks', 'Dryer Sheets', 'Binders', 'Mac and Cheese']",5,Debit Card,New Kristenside,Adult (30-49),Winter,BOGO (Buy One Get One),Yes,Midday,44.95
2023-05-03 16:33:06,Holly Mcgrath,"['Paprika', 'Frozen Fries']",2,Cash,South Theresa,Young Adult (20-29),Spring,BOGO (Buy One Get One),Yes,Afternoon,14.55
2023-05-03 18:11:17,Rachel Hernandez,"['Cold Medicine', 'Jeans', 'Mayonnaise', 'Pens', 'Water Bottle', 'Frozen Chicken Nuggets']",6,Mobile Payment,North Dustin,Adult (30-49),Winter,BOGO (Buy One Get One),Yes,Afternoon,56.07
2023-05-03 19:49:00,Jay Watts,"['Ear Muffs', 'Candy Bars', 'Cold Medicine', 'Almonds', 'Milk', 'Lighter Fluid', 'Shelving', 'Jelly', 'Eggs', 'Gum', 'Crackers']",11,Credit Card,New Valerie,Young Adult (20-29),Summer,BOGO (Buy One Get One),Yes,Evening,113.03
2023-05-03 21:13:05,Patricia Pena,"['Heels', 'Slippers', 'Luggage', 'First Aid Kit', 'Chili Powder', 'Capri Pants']",6,Mobile Payment,West Tina,Teenager (13-19),Fall,BOGO (Buy One Get One),No,Evening,57.61
2023-05-03 21:36:21,Spencer Hoffman,"['Exercise Bike', 'Pasta Sauce', 'Frozen Pie', 'Bathrobe']",4,Cash,Greenefort,Young Adult (20-29),Summer,BOGO (Buy One Get One),No,Evening,34.67
2023-05-03 21:40:59,Garrett Lucero,"['Cinnamon', 'Ice Cream Bars', 'Plastic Cups', 'Winter Hat', 'Shower Cap', 'Energy Drinks', 'Washcloths', 'Mac and Cheese', 'Duffel Bag', 'Frozen Fries', 'Gloves']",11,Mobile Payment,East Lori,Teenager (13-19),Winter,Unknown Promotion,Yes,Evening,113.03
2023-05-04 10:23:54,Deborah Martinez,"['Washcloths', 'Bath Bombs', 'Air Freshener']",3,Cash,New Nathan,Adult (30-49),Spring,Discount on Selected Items,No,Midday,23.88
2023-05-04 10:43:23,Nicolas Whitehead,"['Dried Cranberries', 'Pull-up Bar', 'Bikini', 'Milk', 'Batteries', 'Napkins']",6,Cash,South Kristenstad,Young Adult (20-29),Fall,Discount on Selected Items,No,Midday,57.61
2023-05-04 11:19:00,Ronald Byrd PhD,"['Plastic Cups', 'Treadmill', 'Passport Holder', 'Oranges', 'Apples', 'Hair Ties', 'Crackers']",7,Mobile Payment,Karenfurt,Middle-aged (50-64),Fall,Discount on Selected Items,Yes,Midday,65.86
2023-05-04 14:25:30,Jessica Best,"['Popcorn', 'Pickles', 'Frozen Cake', 'Bikini', 'Extension Cord', 'Frozen Fish Sticks', 'Packing Tape', 'Index Cards']",8,Debit Card,Santiagofurt,Young Adult (20-29),Spring,BOGO (Buy One Get One),Yes,Midday,77.1
2023-05-04 16:13:22,Valerie Grimes,"['Picture Frames', 'Umbrella', 'Mints', 'Towels', 'Cough Syrup', 'Cotton Swabs']",6,Credit Card,Robertmouth,Adult (30-49),Spring,BOGO (Buy One Get One),Yes,Afternoon,56.07
2023-05-04 18:39:04,Patrick Cowan,"['Bagels', 'Frozen Burritos', 'Weight Bench', 'Ear Muffs', 'Wine', 'Foam Roller']",6,Debit Card,Kingport,Adult (30-49),Winter,BOGO (Buy One Get One),Yes,Afternoon,56.07
2023-05-05 06:56:09,Aaron Stevens,"['Frozen Chicken Nuggets', 'Shampoo', 'Syrup', 'Frozen Waffles']",4,Credit Card,East William,Young Adult (20-29),Fall,Unknown Promotion,No,Morning,34.67
2023-05-05 09:25:11,Melissa Lindsey MD,"['Photo Albums', 'Yoga Mat', 'Jeans', 'Slippers', 'Crackers', 'Protein Bars', 'Mayonnaise']",7,Cash,Alejandromouth,Young Adult (20-29),Fall,Unknown Promotion,No,Morning,65.86
2023-05-05 10:31:11,Jeffery Williams,"['Bubble Wrap', 'Exercise Bike', 'Swim Trunks']",3,Debit Card,Dannyfurt,Middle-aged (50-64),Summer,Discount on Selected Items,No,Midday,23.88
2023-05-05 11:01:26,Jerry Vaughan,"['Underwear', 'Frozen Cookies', 'T-Shirt', 'Scarf', 'Ruler']",5,Credit Card,South Elizabeth,Adult (30-49),Winter,Unknown Promotion,No,Midday,44.95
2023-05-05 11:04:02,Victoria Valdez,"['Pajamas', 'Shoes', 'Brownies', 'Muffins', 'Belt']",5,Cash,East Ashley,Middle-aged (50-64),Winter,Unknown Promotion,No,Midday,44.95
2023-05-05 13:18:33,Craig Dillon,"['Sugar', 'Markers', 'Hat', 'Handbag']",4,Credit Card,East Christopherberg,Teenager (13-19),Summer,Discount on Selected Items,Yes,Midday,34.67
2023-05-05 13:53:11,Savannah Ali,"['Candy Bars', 'Backpack', 'Shorts', 'Frozen Fruit']",4,Mobile Payment,Allisonport,Young Adult (20-29),Summer,Unknown Promotion,No,Midday,34.67
2023-05-05 14:17:08,Gary Johnson,"['Water', 'Tote Bag', 'Cumin', 'Shower Cap', 'Iced Tea', 'Jeans', 'Shampoo', 'Shoes', 'Canola Oil', 'Pasta Sauce']",10,Debit Card,South Bridget,Teenager (13-19),Winter,Discount on Selected Items,Yes,Midday,102.2
2023-05-05 15:25:35,Steven Morgan,"['Cheese', 'Iced Tea']",2,Credit Card,Maryland,Adult (30-49),Fall,Discount on Selected Items,No,Midday,14.55
2023-05-05 15:39:52,Mark Gaines,"['Nail Polish Remover', 'Frozen Breakfast Sandwiches', 'Hat', 'Olives', 'Charcoal', 'First Aid Kit', 'Shorts', 'Paper Plates', 'Coffee']",9,Cash,Josephstad,Adult (30-49),Winter,BOGO (Buy One Get One),No,Midday,90.0
2023-05-05 16:59:17,Lisa Shepard,"['Stamps', 'Frozen Meatballs', 'T-Shirt', 'Cereal', 'Bananas', 'Almonds']",6,Mobile Payment,East Melissa,Young Adult (20-29),Spring,Unknown Promotion,No,Afternoon,57.61
2023-05-05 17:17:00,Erica Hernandez,"['Frozen Burritos', 'Jeans', 'Salt', 'Scissors', 'Slippers']",5,Cash,West Sonia,Adult (30-49),Winter,BOGO (Buy One Get One),No,Afternoon,44.95
2023-05-05 17:36:40,Donna George,"['Hoodie', 'Frozen Bread', 'Slippers', 'Cotton Swabs', 'Cotton Balls', 'Sneakers']",6,Cash,Lake Kennethville,Middle-aged (50-64),Winter,Unknown Promotion,Yes,Afternoon,56.07
2023-05-05 17:39:34,Michelle Miranda,"['Trash Bags', 'Index Cards', 'Water Bottle', 'Oranges', 'Goggles', 'Dress', 'Aluminum Foil', 'Sunglasses', 'Syrup']",9,Credit Card,Nathanland,Adult (30-49),Summer,Unknown Promotion,Yes,Afternoon,90.0
2023-05-05 18:16:53,Tiffany Wilson,"['Chicken', 'Pajamas', 'Sugar', 'Belt', 'Leggings']",5,Debit Card,Stephaniemouth,Young Adult (20-29),Spring,BOGO (Buy One Get One),No,Afternoon,44.95
2023-05-05 18:32:34,Amy Smith,"['Shampoo', 'Frozen Garlic Bread', 'Tank Top']",3,Mobile Payment,Vincentfurt,Teenager (13-19),Spring,Unknown Promotion,No,Afternoon,23.88
2023-05-05 22:36:46,Andrew Wright,"['Heels', 'Milk', 'Capri Pants', 'Canned Tuna', 'Frozen Sausages', 'Cheese']",6,Credit Card,Gravesport,Teenager (13-19),Winter,Discount on Selected Items,Yes,Late Night,56.07
2023-05-06 00:27:24,James Clark,"['Paper Towels', 'Tomato Sauce', 'Aluminum Foil']",3,Debit Card,Michaelville,Teenager (13-19),Winter,Discount on Selected Items,No,Early Morning,23.88
2023-05-06 06:57:29,Steven Snyder,"['Honey', 'Blouse', 'Yoga Pants', 'Lip Balm', 'Messenger Bag', 'Resistance Bands', 'Photo Albums', 'Mayonnaise', 'Glue']",9,Mobile Payment,Simsbury,Adult (30-49),Summer,BOGO (Buy One Get One),Yes,Morning,90.0
2023-05-06 08:39:50,Albert Baker,"['Light Bulbs', 'Wallet', 'Dryer Sheets', 'Bananas']",4,Credit Card,Edwardburgh,Adult (30-49),Fall,Discount on Selected Items,No,Morning,34.67
2023-05-06 10:25:57,Daniel Gonzales,"['Frozen Pie', 'Vinegar', 'Baking Soda', 'Cold Medicine', 'Storage Bins', 'Purse', 'Bubble Bath', 'Shelving']",8,Debit Card,Scottberg,Adult (30-49),Summer,Discount on Selected Items,No,Midday,77.1
2023-05-06 11:52:10,Nathan Rice,"['Lighter Fluid', 'Light Bulbs', 'Trail Mix']",3,Debit Card,Tamaraborough,Senior (65+),Spring,Discount on Selected Items,Yes,Midday,23.88
2023-05-06 14:54:07,Sonya Taylor,"['Bath Salts', 'Instant Noodles', 'Tank Top', 'Luggage', 'Cough Drops', 'Sorbets', 'Gelato', 'Crackers', 'Comb', 'Rowing Machine']",10,Credit Card,Lake Christine,Adult (30-49),Fall,Unknown Promotion,No,Midday,102.2
2023-05-06 15:13:03,Johnathan Nunez,"['Baking Soda', 'Peanuts', 'Beer']",3,Mobile Payment,Cherylhaven,Senior (65+),Fall,BOGO (Buy One Get One),No,Midday,23.88
2023-05-06 15:59:03,Alexandra Miller,"['Cold Medicine', 'Sunscreen', 'Pajamas']",3,Debit Card,South Christopher,Middle-aged (50-64),Winter,BOGO (Buy One Get One),Yes,Midday,23.88
2023-05-06 16:42:45,Mackenzie Gray,"['Flour', 'Binders', 'Frozen Meatballs', 'Fabric Softener', 'Envelopes', 'Yoga Mat', 'Suitcase', 'Barbecue Sauce', 'Goggles', 'Hairbrush', 'Cinnamon']",11,Credit Card,Morrisborough,Senior (65+),Fall,BOGO (Buy One Get One),No,Afternoon,115.89
2023-05-06 17:48:27,Charles Parker,"['Yoga Mat', 'Pain Relievers', 'Folders', 'Sweater', 'Packing Tape']",5,Debit Card,Kevinton,Senior (65+),Spring,BOGO (Buy One Get One),Yes,Afternoon,44.95
2023-05-06 18:48:08,Tyler Young,"['Sugar', 'Exercise Bike', 'Washcloths']",3,Debit Card,Caseytown,Middle-aged (50-64),Winter,BOGO (Buy One Get One),Yes,Afternoon,23.88
2023-05-06 21:39:58,Mary Silva,"['Scarf', 'Ice Cream Cones', 'Frozen Meatballs', 'Dish Soap', 'Luggage', 'Tote Bag', 'Bathrobe']",7,Debit Card,South Jeffreyburgh,Senior (65+),Spring,Unknown Promotion,Yes,Evening,65.86
2023-05-06 21:40:18,Valerie Carroll,"['Charcoal', 'Frozen Bagels', 'Washcloths', 'Purse', 'Tea', 'Pepper', 'Goggles', 'Yoga Mat']",8,Cash,Dawsonbury,Middle-aged (50-64),Spring,Discount on Selected Items,No,Evening,77.1
2023-05-07 06:48:07,Christian Leblanc,"['Mints', 'Dryer Sheets', 'Towels', 'Iced Tea', 'Crackers', 'Candles']",6,Mobile Payment,West Peterville,Adult (30-49),Winter,Discount on Selected Items,No,Morning,57.61
2023-05-07 08:39:04,Devin Lopez,"['Bananas', 'Boots']",2,Credit Card,West Sarahtown,Adult (30-49),Winter,Discount on Selected Items,Yes,Morning,14.55
2023-05-07 08:54:56,Janet White,"['Swim Cap', 'Lollipops']",2,Mobile Payment,Bridgetport,Middle-aged (50-64),Winter,Discount on Selected Items,No,Morning,14.55
2023-05-07 10:51:51,Theresa Estes,"['Crackers', 'Briefcase']",2,Credit Card,Derekhaven,Middle-aged (50-64),Summer,Discount on Selected Items,No,Midday,14.55
2023-05-07 11:24:25,Jacqueline Hanson,"['Oats', 'Leggings']",2,Mobile Payment,Grantmouth,Adult (30-49),Winter,Discount on Selected Items,Yes,Midday,14.55
2023-05-07 12:11:14,Megan Lane,"['Comb', 'Nail Polish Remover', 'Canned Soup', 'Allergy Medicine']",4,Mobile Payment,Cynthiahaven,Adult (30-49),Spring,BOGO (Buy One Get One),No,Midday,34.67
2023-05-07 12:11:19,Debra Becker DDS,"['Ice Cream Sandwiches', 'Cotton Swabs', 'Ice Cream Bars']",3,Cash,Andreabury,Adult (30-49),Spring,Unknown Promotion,Yes,Midday,23.88
2023-05-07 13:19:54,Michelle Olsen,"['Bobby Pins', 'Frozen Bread', 'Hand Sanitizer', 'Body Wash', 'Pants', 'Lotion']",6,Credit Card,Port Katherineville,Teenager (13-19),Fall,BOGO (Buy One Get One),Yes,Midday,56.07
2023-05-07 14:58:21,Jessica Love,['Frozen Garlic Bread'],1,Mobile Payment,Lake Jessica,Young Adult (20-29),Summer,Discount on Selected Items,No,Midday,5.14
2023-05-07 15:24:04,Jennifer Wright,"['Facial Tissue', 'Deodorant', 'Pasta', 'Lighter']",4,Credit Card,Port Matthewbury,Young Adult (20-29),Spring,Unknown Promotion,No,Midday,34.67
2023-05-07 15:29:01,Brian Boyer,"['Treadmill', 'Wallet', 'Chili Powder', 'Flip Flops', 'Hair Ties']",5,Credit Card,West Timothy,Young Adult (20-29),Spring,Unknown Promotion,Yes,Midday,44.95
2023-05-07 18:38:28,Mr. Darin Brown,"['Rowing Machine', 'Coat', 'Onion Powder', 'Cough Drops', 'Picture Frames']",5,Cash,Bestfurt,Adult (30-49),Summer,BOGO (Buy One Get One),Yes,Afternoon,44.95
2023-05-07 19:17:09,Charles Brown,"['Frozen Fish Sticks', 'Wine', 'Glass Cleaner']",3,Credit Card,Knightshire,Senior (65+),Winter,BOGO (Buy One Get One),No,Evening,23.88
2023-05-07 22:17:43,Marilyn Hicks,"['Binders', 'Light Bulbs', 'Chips', 'Wallet', 'Flip Flops']",5,Debit Card,Meganview,Young Adult (20-29),Fall,Unknown Promotion,No,Late Night,44.95
2023-05-08 04:06:18,Donald Rowland,"['Soap', 'Pretzels', 'Paper Plates', 'Pickles', 'Foam Roller', 'Leggings', 'Sunglasses', 'Bathrobe']",8,Cash,Lake Jacob,Teenager (13-19),Spring,Unknown Promotion,No,Morning,77.1
2023-05-08 04:29:22,Lori Hill,"['Exercise Ball', 'Mac and Cheese', 'Pencils']",3,Cash,Lake Adammouth,Adult (30-49),Fall,BOGO (Buy One Get One),Yes,Morning,23.88
2023-05-08 06:29:04,Kevin Cuevas,"['Mustard', 'Shoes', 'Paprika', 'Protein Powder']",4,Debit Card,New Heatherside,Middle-aged (50-64),Winter,Unknown Promotion,Yes,Morning,34.67
2023-05-08 08:00:53,Danielle Hinton,"['Socks', 'Frozen Sausages', 'Hairbrush', 'Frozen Pizza', 'Frozen Bagels', 'Briefcase', 'Mouthwash']",7,Debit Card,East Erica,Middle-aged (50-64),Spring,BOGO (Buy One Get One),Yes,Morning,65.86
2023-05-08 09:44:02,Diane Hughes,"['Jam', 'Ramen', 'Glass Cleaner', 'Frozen Fish Sticks', 'Batteries', 'Backpack']",6,Cash,Gomezview,Teenager (13-19),Spring,Discount on Selected Items,Yes,Morning,56.07
2023-05-08 11:02:20,Charles Adams,"['Frozen Pizza Rolls', 'Olive Oil', 'Toilet Paper']",3,Debit Card,Simmonschester,Middle-aged (50-64),Winter,BOGO (Buy One Get One),No,Midday,23.88
2023-05-08 13:21:10,Jonathan Martinez,['Frozen Pizza'],1,Cash,South Karenbury,Teenager (13-19),Summer,Discount on Selected Items,No,Midday,5.14
2023-05-08 14:51:14,James Bryant,"['Crayons', 'Umbrella', 'Gelato', 'Detergent', 'Tote Bag', 'Allergy Medicine']",6,Debit Card,South Daniel,Senior (65+),Fall,Unknown Promotion,No,Midday,57.61
2023-05-08 15:15:15,Erika Diaz,['Barbecue Sauce'],1,Cash,North Emmafort,Senior (65+),Summer,Unknown Promotion,No,Midday,5.14
2023-05-08 15:33:22,Lauren Wright,"['Frozen Fish Sticks', 'Winter Hat', 'Beef']",3,Cash,Danielsfurt,Middle-aged (50-64),Spring,BOGO (Buy One Get One),No,Midday,23.88
2023-05-08 16:07:01,Richard Simmons,['Flour'],1,Cash,Theresaberg,Middle-aged (50-64),Winter,BOGO (Buy One Get One),Yes,Afternoon,5.14
2023-05-08 16:10:53,Cesar Daugherty,"['Bath Bombs', 'Jacket', 'Bath Mat', 'Trash Bags', 'Tank Top', 'Toothpaste']",6,Debit Card,North Kevin,Middle-aged (50-64),Summer,Unknown Promotion,Yes,Afternoon,56.07
2023-05-08 17:58:14,Kathleen Nunez,"['Bra', 'Hand Sanitizer', 'Calculator', 'Scrubbers', 'Pasta Sauce']",5,Cash,Torresburgh,Adult (30-49),Summer,Unknown Promotion,Yes,Afternoon,44.95
2023-05-08 18:19:45,Dr. Cynthia Rose,"['Lip Balm', 'Muffins', 'Granola Bars', 'Gelato', 'Bubble Wrap', 'Cucumber']",6,Cash,Danielview,Young Adult (20-29),Winter,Unknown Promotion,No,Afternoon,57.61
2023-05-08 19:37:28,Sharon Hicks,['Scissors'],1,Credit Card,East Kyleberg,Senior (65+),Fall,Unknown Promotion,No,Evening,5.14
2023-05-08 19:57:26,Chelsea Walters,"['Beef', 'Winter Hat', 'Comb', 'Pencils', 'Bathrobe', 'Flour', 'Rice', 'Mayonnaise', 'Tomatoes']",9,Mobile Payment,Paynemouth,Adult (30-49),Summer,BOGO (Buy One Get One),No,Evening,90.0
2023-05-08 20:20:41,Tiffany Wright,"['Nail Clippers', 'Swim Trunks', 'Beef', 'Frozen Fruit', 'Soap', 'Protein Shakes', 'Pasta Sauce']",7,Debit Card,Port Krystal,Adult (30-49),Winter,BOGO (Buy One Get One),No,Evening,65.86
2023-05-08 20:43:54,Scott Norton,"['Sweatshirt', 'Cashews', 'Peanuts', 'Chocolate']",4,Mobile Payment,South Benjamin,Young Adult (20-29),Summer,BOGO (Buy One Get One),No,Evening,34.67
2023-05-08 21:22:03,Stephanie May,"['Plastic Cups', 'Mints', 'Protein Shakes', 'Butter', 'Iced Tea', 'Bath Salts', 'Shorts', 'Cream Cheese', 'Cough Drops', 'Moving Boxes', 'Sunscreen']",11,Credit Card,Alexisfurt,Young Adult (20-29),Winter,Unknown Promotion,Yes,Evening,113.03
2023-05-09 07:45:53,Kevin Taylor,"['Flats', 'Dress', 'Purse', 'Notebook Paper']",4,Mobile Payment,Wallaceshire,Senior (65+),Fall,BOGO (Buy One Get One),No,Morning,34.67
2023-05-09 08:02:05,Keith Watson,"['Winter Hat', 'Heels', 'Stain Remover', 'Frozen Fries', 'Luggage', 'Lotion', 'Laundry Basket', 'Pain Relievers']",8,Cash,Thomasmouth,Young Adult (20-29),Winter,Unknown Promotion,Yes,Morning,77.1
2023-05-09 08:36:41,Meredith Castillo,"['Frozen Dinners', 'Deodorant', 'Sweater', 'Candy Bars', 'Apples']",5,Mobile Payment,Jacobberg,Senior (65+),Winter,Unknown Promotion,Yes,Morning,44.95
2023-05-09 11:12:15,Mrs. Courtney Young,"['Weight Bench', 'Peanuts']",2,Mobile Payment,West Alexanderstad,Young Adult (20-29),Fall,BOGO (Buy One Get One),No,Midday,14.55
2023-05-09 11:15:11,Johnny Thompson,"['Insect Repellent', 'Floss']",2,Credit Card,East Willieville,Middle-aged (50-64),Winter,BOGO (Buy One Get One),No,Midday,14.55
2023-05-09 12:56:11,Stephanie Wilson,"['Towels', 'Detergent', 'Dryer Sheets', 'Sunglasses', 'Tote Bag']",5,Mobile Payment,Rossfort,Teenager (13-19),Spring,BOGO (Buy One Get One),No,Midday,44.95
2023-05-09 14:28:08,David Johnson,"['Pepper', 'Plastic Utensils', 'Tea']",3,Debit Card,Markhaven,Adult (30-49),Fall,Unknown Promotion,Yes,Midday,23.88
2023-05-09 14:33:07,Amanda Hamilton,"['Laundry Detergent', 'Peanuts', 'Trail Mix']",3,Credit Card,Port Mallory,Senior (65+),Summer,Discount on Selected Items,No,Midday,23.88
2023-05-09 15:15:28,Andrew Harris,"['Chili Powder', 'Air Freshener', 'Bath Mat', 'Pasta Sauce']",4,Mobile Payment,Scottton,Senior (65+),Winter,Unknown Promotion,Yes,Midday,34.67
2023-05-10 06:11:51,Kathleen Smith,"['Frozen Cookies', 'Shaving Cream']",2,Debit Card,Erikton,Adult (30-49),Summer,BOGO (Buy One Get One),Yes,Morning,14.55
2023-05-10 09:48:55,Jeremy Decker,"['Hairbrush', 'Canola Oil']",2,Debit Card,Manningberg,Middle-aged (50-64),Winter,Discount on Selected Items,Yes,Morning,14.55
2023-05-10 10:24:36,Emily Smith,"['Index Cards', 'Granola Bars']",2,Mobile Payment,Youngmouth,Adult (30-49),Fall,Unknown Promotion,No,Midday,14.55
2023-05-10 13:46:08,Tyler Allen,['Candles'],1,Cash,Deannaport,Teenager (13-19),Fall,Discount on Selected Items,No,Midday,5.14
2023-05-10 14:12:55,Gregory Guerra,"['Goggles', 'Ice Cream Sandwiches', 'Duct Tape', 'Lip Balm']",4,Mobile Payment,East Willie,Adult (30-49),Fall,Unknown Promotion,No,Midday,34.67
2023-05-10 15:39:44,Cameron Watts,['Shower Cap'],1,Cash,Kellermouth,Young Adult (20-29),Spring,BOGO (Buy One Get One),Yes,Midday,5.14
2023-05-10 15:40:06,Joshua Garcia,"['Shower Cap', 'Stamps', 'Gelato', 'Lighter', 'Sorbets', 'Bathrobe', 'Cumin', 'Plastic Utensils', 'Bubble Bath']",9,Cash,North Thomas,Teenager (13-19),Fall,Discount on Selected Items,Yes,Midday,90.0
2023-05-10 16:29:58,Mary Monroe,"['Vegetable Oil', 'Garlic Powder', 'Sandals', 'Vinegar', 'Toilet Bowl Cleaner', 'Pain Relievers']",6,Mobile Payment,East Williamview,Adult (30-49),Fall,Discount on Selected Items,No,Afternoon,57.61
2023-05-10 16:55:10,Jennifer Miller,"['Frozen Vegetables', 'Cold Medicine', 'Hot Sauce', 'Frozen Pancakes', 'Pens', 'Shorts']",6,Cash,Cuevasburgh,Teenager (13-19),Summer,Unknown Promotion,No,Afternoon,57.61
2023-05-10 18:12:07,Donald Fields,"['Shorts', 'Allergy Medicine']",2,Credit Card,Denisebury,Middle-aged (50-64),Winter,Unknown Promotion,Yes,Afternoon,14.55
2023-05-10 18:37:15,Diane Cooper,"['Jeans', 'Cinnamon', 'Envelopes', 'Brownies', 'Honey', 'Cotton Swabs', 'Air Freshener']",7,Cash,New Brittneymouth,Adult (30-49),Summer,Unknown Promotion,Yes,Afternoon,65.86
2023-05-10 18:57:00,Robert Johnson,"['Pull-up Bar', 'Milk']",2,Credit Card,West Sarahside,Adult (30-49),Fall,Discount on Selected Items,No,Afternoon,14.55
2023-05-10 19:13:34,Caleb Preston,"['Carry-on Bag', 'Napkins', 'Glue', 'Water', 'Shorts', 'Paper Plates', 'Paper Cups', 'Bra', 'Headbands']",9,Debit Card,Debraton,Senior (65+),Fall,BOGO (Buy One Get One),Yes,Evening,90.0
2023-05-10 20:07:58,Kenneth Washington,"['Gum', 'Socks', 'Bath Mat', 'Notebooks', 'Heels']",5,Debit Card,Nathanland,Young Adult (20-29),Winter,Discount on Selected Items,Yes,Evening,44.95
2023-05-11 09:21:47,David Lawson,"['Picture Frames', 'Sneakers', 'Beef', 'Crayons', 'Frozen Pancakes']",5,Credit Card,North Christina,Young Adult (20-29),Spring,Discount on Selected Items,No,Morning,44.95
2023-05-11 10:04:15,Brittany Bryant,"['Bath Mat', 'Protein Bars', 'Cold Medicine', 'Scissors']",4,Debit Card,Matthewshire,Young Adult (20-29),Spring,Discount on Selected Items,No,Midday,34.67
2023-05-11 10:14:18,Sherry Wilkinson,"['Comb', 'Hair Ties', 'Scarf', 'Cough Syrup', 'Lemonade', 'Bug Spray', 'Goggles', 'Flip Flops', 'Batteries', 'Sorbets']",10,Credit Card,Glennchester,Adult (30-49),Fall,BOGO (Buy One Get One),No,Midday,102.2
2023-05-11 13:03:27,Jason Davis,"['Frozen Fish Sticks', 'Sweatshirt', 'Frozen Waffles', 'Lip Balm', 'Bathrobe', 'Luggage']",6,Mobile Payment,Lake Andres,Young Adult (20-29),Fall,Unknown Promotion,No,Midday,57.61
2023-05-11 15:52:06,Adam Stewart,"['Toothbrush', 'Energy Drinks', 'Allergy Medicine', 'Construction Paper']",4,Credit Card,Kelseyburgh,Teenager (13-19),Winter,BOGO (Buy One Get One),No,Midday,34.67
2023-05-11 16:47:03,Joann Bartlett,"['Ziploc Bags', 'Trash Bags', 'Multi-Surface Cleaner', 'Ice Cream Tubs']",4,Credit Card,Heathburgh,Senior (65+),Summer,Discount on Selected Items,Yes,Afternoon,34.67
2023-05-11 16:56:30,Cynthia Gomez,"['Cold Medicine', 'Lollipops', 'Light Bulbs']",3,Mobile Payment,Griffinbury,Adult (30-49),Spring,Unknown Promotion,Yes,Afternoon,23.88
2023-05-11 17:00:30,Lawrence Glenn,"['Pencils', 'Paper Plates', 'Washcloths', 'Bagels', 'Frozen Waffles', 'Yoga Mat', 'Canned Vegetables', 'Tomatoes']",8,Debit Card,Josephshire,Teenager (13-19),Spring,Discount on Selected Items,No,Afternoon,77.1
2023-05-11 18:22:45,Stephanie Castillo,"['Socks', 'Carry-on Bag', 'Ear Muffs', 'Juice', 'Lotion', 'Laundry Detergent', 'Index Cards', 'Instant Noodles']",8,Cash,Jacquelineton,Young Adult (20-29),Fall,Unknown Promotion,No,Afternoon,77.1
2023-05-11 18:59:16,Kevin Peterson,"['Dried Cranberries', 'Laundry Detergent', 'Plastic Wrap', 'Chicken', 'Canned Soup']",5,Mobile Payment,Port Jared,Young Adult (20-29),Summer,BOGO (Buy One Get One),No,Afternoon,44.95
2023-05-12 09:59:34,Allison Hancock,"['Protein Shakes', 'Deodorant', 'Almonds', 'Rug']",4,Credit Card,Andrealand,Senior (65+),Winter,Unknown Promotion,No,Morning,34.67
2023-05-12 10:35:08,Caleb Hill,"['Crayons', 'Tape', 'Cucumber']",3,Cash,South Johnhaven,Adult (30-49),Winter,BOGO (Buy One Get One),Yes,Midday,23.88
2023-05-12 10:45:10,John Rivera,"['Pens', 'Carry-on Bag', 'Batteries', 'Sandals']",4,Mobile Payment,North Danielside,Young Adult (20-29),Winter,Unknown Promotion,Yes,Midday,34.67
2023-05-12 11:02:08,Kelly Alexander,"['Frozen Pancakes', 'Cream Cheese', 'Shaving Cream', 'Bikini', 'Frozen Cake', 'Ziploc Bags', 'Dried Cranberries']",7,Cash,Lake Laurenfurt,Young Adult (20-29),Winter,Unknown Promotion,Yes,Midday,65.86
2023-05-12 11:13:45,Stacy Jackson,"['Shoes', 'Cotton Swabs', 'Flashlight']",3,Mobile Payment,Gutierreztown,Young Adult (20-29),Fall,BOGO (Buy One Get One),Yes,Midday,23.88
2023-05-12 13:01:01,Paige Murillo,['Frozen Pie'],1,Debit Card,Bellberg,Teenager (13-19),Fall,Discount on Selected Items,No,Midday,5.14
2023-05-12 15:38:41,James Webb,"['Vinegar', 'Chocolate', 'Protein Shakes', 'Orange Juice']",4,Credit Card,West Francisco,Young Adult (20-29),Fall,BOGO (Buy One Get One),No,Midday,34.67
2023-05-12 17:36:20,Paul Wright,"['Lighter Fluid', 'Energy Drinks', 'Butter']",3,Cash,Matthewchester,Young Adult (20-29),Spring,Discount on Selected Items,Yes,Afternoon,23.88
2023-05-12 19:50:22,Daniel Strickland,"['Coat', 'Raincoat', 'Charcoal', 'Yoga Pants']",4,Cash,North Mariaview,Young Adult (20-29),Fall,Discount on Selected Items,No,Evening,34.67
2023-05-12 20:04:16,Erik Taylor,"['Vinegar', 'Frozen Cookies', 'Baking Soda', 'Bath Salts', 'Eggs', 'Hairbrush', 'Dumbbells', 'Butter', 'Construction Paper', 'Passport Holder']",10,Debit Card,New Ryanton,Adult (30-49),Spring,Unknown Promotion,No,Evening,102.2
2023-05-12 21:33:28,Kathleen Lang,['Soda'],1,Cash,South Denise,Middle-aged (50-64),Spring,Discount on Selected Items,Yes,Evening,5.14
2023-05-12 21:35:25,Jesus Murray,"['Pens', 'Pants', 'Cinnamon']",3,Credit Card,Andrewton,Adult (30-49),Fall,BOGO (Buy One Get One),No,Evening,23.88
2023-05-12 22:07:45,Christopher Woods,"['Olive Oil', 'Tea', 'Hangers']",3,Credit Card,Leeton,Middle-aged (50-64),Winter,Unknown Promotion,No,Late Night,23.88
2023-05-13 09:03:04,Larry Hebert,"['Frozen Sausages', 'Dryer Sheets', 'Frozen Garlic Bread', 'Super Glue', 'Tea', 'Vinegar', 'Hand Sanitizer', 'Ketchup', 'Eggs']",9,Debit Card,Johnsonside,Senior (65+),Summer,Discount on Selected Items,Yes,Morning,90.0
2023-05-13 10:35:55,Jeffrey Coleman,"['Colored Pencils', 'Chili Powder', 'Protein Powder', 'Light Bulbs', 'Tweezers']",5,Credit Card,Sherrifurt,Teenager (13-19),Fall,BOGO (Buy One Get One),No,Midday,44.95
2023-05-13 10:37:22,Kayla Peterson,"['Socks', 'Trail Mix', 'Paprika', 'Pickles', 'Bubble Bath']",5,Debit Card,New Chadchester,Middle-aged (50-64),Fall,Discount on Selected Items,Yes,Midday,44.95
2023-05-13 11:48:20,James Perry,"['Eggs', 'Light Bulbs', 'Milk', 'Weight Bench', 'Vegetable Oil', 'Towels', 'Jam', 'Sneakers', 'Thermometer']",9,Debit Card,Andersonmouth,Adult (30-49),Spring,Unknown Promotion,Yes,Midday,90.0
2023-05-13 12:25:46,Timothy Gonzales DDS,"['Raisins', 'Butter']",2,Debit Card,West Johnport,Middle-aged (50-64),Fall,Discount on Selected Items,Yes,Midday,14.55
2023-05-13 14:28:00,Brian Waller,"['Popsicles', 'Sweater']",2,Credit Card,West Yvonne,Middle-aged (50-64),Fall,Unknown Promotion,Yes,Midday,14.55
2023-05-13 15:22:23,Maria Thompson,"['Beef', 'Purse', 'Frozen Sausages']",3,Credit Card,Staffordfort,Senior (65+),Winter,BOGO (Buy One Get One),No,Midday,23.88
2023-05-13 17:37:32,Emily Salazar,"['Baking Powder', 'Protein Powder', 'Flip Flops', 'Batteries', 'Jacket', 'Laundry Basket', 'Packing Tape']",7,Debit Card,Davidshire,Young Adult (20-29),Fall,BOGO (Buy One Get One),No,Afternoon,65.86
2023-05-13 17:49:59,John Freeman,"['Band-Aids', 'Napkins', 'Sweater', 'Chewing Gum']",4,Cash,Evansmouth,Adult (30-49),Fall,BOGO (Buy One Get One),Yes,Afternoon,34.67
2023-05-13 18:50:07,Dawn Ewing,['Index Cards'],1,Debit Card,Lake Jerry,Adult (30-49),Summer,Unknown Promotion,No,Afternoon,5.14
2023-05-13 19:30:06,Joshua Parker,"['Shampoo', 'Ice Cream Sandwiches', 'Lollipops', 'Matches', 'Beef', 'Granola Bars', 'Paper Towels']",7,Mobile Payment,North Daniel,Young Adult (20-29),Summer,Unknown Promotion,Yes,Evening,65.86
2023-05-14 06:31:56,Kevin Melendez,['Exercise Ball'],1,Credit Card,Jorgemouth,Adult (30-49),Spring,BOGO (Buy One Get One),Yes,Morning,5.14
2023-05-14 10:03:09,Jennifer Murphy,"['Storage Bins', 'Brown Sugar', 'Shaving Cream']",3,Cash,Davidmouth,Adult (30-49),Fall,Discount on Selected Items,Yes,Midday,23.88
2023-05-14 11:06:43,Tina Jones,"['Ramen', 'Mayonnaise', 'Candy Bars', 'Skirt', 'Charcoal', 'Candles', 'Frozen Meatballs', 'Bath Salts', 'Protein Shakes']",9,Debit Card,Martineztown,Young Adult (20-29),Spring,Unknown Promotion,Yes,Midday,90.0
2023-05-14 13:48:29,Dana Palmer,"['Nail Polish Remover', 'Toilet Bowl Cleaner', 'Underwear', 'Shower Cap', 'Super Glue']",5,Debit Card,Sherryton,Middle-aged (50-64),Winter,Discount on Selected Items,Yes,Midday,44.95
2023-05-14 16:47:55,Toni Bruce,"['Folders', 'Trail Mix', 'Weight Bench', 'Leggings']",4,Debit Card,Wagnerside,Middle-aged (50-64),Summer,Discount on Selected Items,No,Afternoon,34.67
2023-05-14 18:28:40,Kathryn Lyons,"['Toilet Bowl Cleaner', 'Band-Aids', 'Soy Sauce', 'Dress', 'Shampoo']",5,Cash,Maureenland,Young Adult (20-29),Fall,Discount on Selected Items,Yes,Afternoon,44.95
2023-05-14 18:29:02,Barbara Thomas,"['Fabric Softener', 'Tank Top', 'Heels']",3,Mobile Payment,North Monica,Senior (65+),Fall,BOGO (Buy One Get One),Yes,Afternoon,23.88
2023-05-14 21:14:05,Kimberly Strickland,"['Toilet Paper', 'Plastic Wrap', 'Tote Bag', 'Juice', 'Frozen Pizza Rolls', 'Allergy Medicine', 'Paper Towels', 'First Aid Kit', 'Polo Shirt', 'Sandals']",10,Credit Card,Changbury,Teenager (13-19),Winter,Unknown Promotion,Yes,Evening,102.2
2023-05-14 22:02:43,Luis Berg,"['Resistance Bands', 'Swim Trunks', 'Glass Cleaner', 'Yoga Pants']",4,Debit Card,Amandafurt,Young Adult (20-29),Fall,Discount on Selected Items,Yes,Late Night,34.67
2023-05-14 22:46:25,Mark Craig,"['Jeans', 'Pepper', 'Yogurt', 'Batteries']",4,Debit Card,Riveraton,Adult (30-49),Fall,BOGO (Buy One Get One),Yes,Late Night,34.67
2023-05-15 06:03:55,Kevin Cook,"['Brown Sugar', 'Gym Bag', 'Handbag']",3,Debit Card,Torresburgh,Young Adult (20-29),Fall,Unknown Promotion,No,Morning,23.88
2023-05-15 07:07:37,Amy Kerr,"['Pull-up Bar', 'Scrubbers', 'Razors', 'Frozen Fish Sticks', 'Cotton Swabs', 'Oats', 'Honey', 'Extension Cord']",8,Debit Card,New Patricia,Adult (30-49),Fall,Discount on Selected Items,Yes,Morning,77.1
2023-05-15 07:27:44,Matthew Dominguez,"['Storage Bins', 'Frozen Fish Sticks', 'Frozen Pizza Rolls', 'Bread']",4,Mobile Payment,Janetland,Adult (30-49),Fall,BOGO (Buy One Get One),Yes,Morning,34.67
2023-05-15 10:41:03,Willie Burns,"['Cotton Balls', 'Umbrella']",2,Debit Card,Port Crystalmouth,Young Adult (20-29),Winter,Discount on Selected Items,No,Midday,14.55
2023-05-15 12:16:09,Jason Clark,"['Mustard', 'Mints']",2,Cash,East Jeremy,Adult (30-49),Spring,Discount on Selected Items,No,Midday,14.55
2023-05-15 17:31:43,William Johnson,"['Chewing Gum', 'Ice Cream Sandwiches']",2,Mobile Payment,North Meredithstad,Middle-aged (50-64),Fall,Discount on Selected Items,Yes,Afternoon,14.55
2023-05-15 17:32:30,Katherine Chase,"['Hat', 'Tank Top', 'Gym Bag', 'Disinfectant Wipes']",4,Credit Card,New Jessica,Adult (30-49),Spring,Unknown Promotion,Yes,Afternoon,34.67
2023-05-15 18:22:20,Jason Hoffman,"['Toilet Bowl Cleaner', 'Frozen Fruit', 'Protein Shakes', 'Frozen Cake', 'Duct Tape']",5,Debit Card,Alexanderfurt,Young Adult (20-29),Winter,BOGO (Buy One Get One),No,Afternoon,44.95
2023-05-15 19:11:12,Mary Murray,"['Jump Rope', 'Pepper']",2,Credit Card,Emilyport,Young Adult (20-29),Summer,BOGO (Buy One Get One),Yes,Evening,14.55
2023-05-15 23:38:07,Lisa Gibson,"['Paper Cups', 'Protein Bars', 'Popsicles', 'Glass Cleaner', 'Flour', 'Tomato Sauce']",6,Cash,Lake Kellyland,Senior (65+),Fall,BOGO (Buy One Get One),Yes,Late Night,56.07
2023-05-16 06:26:13,Trevor Young,"['Frozen Cookies', 'Skirt', 'Gym Towel', 'Ziploc Bags', 'Index Cards', 'Protein Shakes', 'Pull-up Bar', 'Swim Trunks', 'Nail Clippers', 'Umbrella', 'Garlic Powder', 'Elliptical']",12,Credit Card,West Randy,Adult (30-49),Fall,BOGO (Buy One Get One),Yes,Morning,124.9
2023-05-16 12:19:31,Eric Stevens,"['Flashlight', 'Muffins', 'Gum', 'Dish Soap']",4,Cash,South Christianland,Middle-aged (50-64),Summer,Discount on Selected Items,No,Midday,34.67
2023-05-16 12:42:10,Michael Roach,"['Cream Cheese', 'Frozen Pie']",2,Credit Card,Juliastad,Young Adult (20-29),Fall,Discount on Selected Items,No,Midday,14.55
2023-05-16 14:28:38,Charles Church MD,['Pasta Sauce'],1,Cash,Harristown,Young Adult (20-29),Winter,Discount on Selected Items,No,Midday,5.14
2023-05-16 16:32:51,Jamie Reed,"['Tweezers', 'Frozen Fruit', 'Gelato', 'Tomatoes']",4,Cash,Samuelshire,Middle-aged (50-64),Spring,BOGO (Buy One Get One),Yes,Afternoon,34.67
2023-05-16 18:57:22,Lindsay Bennett,"['Apples', 'Yoga Pants', 'Spaghetti', 'Trail Mix', 'Shampoo', 'Cold Medicine']",6,Mobile Payment,Thomaston,Young Adult (20-29),Winter,BOGO (Buy One Get One),Yes,Afternoon,56.07
2023-05-16 19:10:15,Sean Tyler,"['Calculator', 'Mints', 'Pasta Sauce']",3,Cash,South Michaelfort,Adult (30-49),Winter,Unknown Promotion,Yes,Evening,23.88
2023-05-16 20:59:24,Jamie Vargas,"['Facial Tissue', 'Vegetable Oil', 'Purse', 'Frozen Pie', 'Bathrobe']",5,Cash,New Megan,Adult (30-49),Winter,Discount on Selected Items,Yes,Evening,44.95
2023-05-16 21:04:20,James Morris,"['Dress', 'Sweater', 'Olives', 'Beef']",4,Credit Card,Rebeccaton,Young Adult (20-29),Spring,BOGO (Buy One Get One),No,Evening,34.67
2023-05-16 21:59:34,Kayla Hampton,"['Luggage', 'Frozen Cookies', 'Skirt', 'Flip Flops', 'Foam Roller', 'Lollipops']",6,Credit Card,North Maryton,Adult (30-49),Summer,Discount on Selected Items,Yes,Evening,56.07
2023-05-17 02:22:12,Michael Davis,"['Pain Relievers', 'Yogurt', 'Exercise Bike']",3,Credit Card,Lake Danielmouth,Young Adult (20-29),Fall,Discount on Selected Items,Yes,Early Morning,23.88
2023-05-17 07:48:56,Michael Yu,"['Onion Powder', 'Frozen Chicken Nuggets', 'Construction Paper', 'Plastic Wrap', 'Sandals']",5,Cash,South James,Adult (30-49),Summer,BOGO (Buy One Get One),No,Morning,44.95
2023-05-17 10:02:03,Gary James,"['Lotion', 'Frozen Breakfast Sandwiches', 'Peanut Butter', 'Umbrella', 'Frozen Dinners', 'Shampoo', 'Cookies', 'Cotton Swabs', 'Pain Relievers']",9,Cash,North Teresa,Adult (30-49),Fall,Unknown Promotion,Yes,Midday,90.0
2023-05-17 10:03:41,Stephanie Whitney,"['Sandals', 'Canned Tuna', 'Soap', 'Rug', 'Tweezers']",5,Debit Card,East Edward,Adult (30-49),Winter,BOGO (Buy One Get One),Yes,Midday,44.95
2023-05-17 10:43:04,Matthew Gibson,"['Popcorn', 'Ice Cream Tubs', 'Bananas', 'Tea', 'Donuts', 'Frozen Vegetables', 'Toilet Paper', 'Charcoal']",8,Credit Card,South Michelleview,Adult (30-49),Fall,BOGO (Buy One Get One),Yes,Midday,77.1
2023-05-17 11:03:06,Joanne Valencia,"['Toothpaste', 'Milk', 'Markers']",3,Debit Card,Taylorburgh,Senior (65+),Winter,Unknown Promotion,Yes,Midday,23.88
2023-05-17 11:33:01,Joseph Turner,"['Ziploc Bags', 'Duffel Bag']",2,Debit Card,West Madison,Young Adult (20-29),Summer,Unknown Promotion,No,Midday,14.55
2023-05-17 12:00:47,Nicole Lara,"['Thermometer', 'Index Cards']",2,Debit Card,Emilyborough,Adult (30-49),Summer,BOGO (Buy One Get One),No,Midday,14.55
2023-05-17 12:08:25,Bruce Day PhD,"['Eggs', 'Resistance Bands', 'Pens', 'Detergent']",4,Credit Card,North Christopherchester,Middle-aged (50-64),Summer,Discount on Selected Items,No,Midday,34.67
2023-05-17 13:30:27,Anthony Adams,"['Coffee', 'Frozen Fruit', 'Trash Bags', 'Syrup', 'Tea', 'Flats', 'Frozen Bagels']",7,Credit Card,Peckstad,Adult (30-49),Summer,Discount on Selected Items,Yes,Midday,65.86
2023-05-17 14:54:16,Diana Olson,"['Fabric Softener', 'Batteries', 'Band-Aids', 'Tape', 'Briefcase', 'Gelato']",6,Debit Card,Timothyburgh,Adult (30-49),Spring,Discount on Selected Items,No,Midday,57.61
2023-05-17 16:20:04,Kiara Campbell,"['Gum', 'Treadmill', 'Matches', 'Passport Holder', 'Frozen Bread', 'Stain Remover', 'Frozen Bagels', 'Shaving Cream', 'Colored Pencils', 'Plastic Cups', 'Peanut Butter', 'Bathrobe']",12,Cash,West Laurafurt,Teenager (13-19),Fall,Discount on Selected Items,Yes,Afternoon,124.9
2023-05-17 16:57:03,Amber Payne,"['Paper Towels', 'Bananas', 'Shoes', 'Swim Cap', 'Juice', 'Cheese', 'Frozen Vegetables', 'Ice Cream Cones', 'Chicken', 'Muffins']",10,Mobile Payment,Smithberg,Middle-aged (50-64),Fall,Discount on Selected Items,No,Afternoon,102.2
2023-05-17 17:45:20,Michael Turner,"['Socks', 'Air Freshener', 'Charcoal', 'Paprika', 'Cotton Swabs', 'Sunglasses', 'Stain Remover']",7,Mobile Payment,Campbellshire,Middle-aged (50-64),Fall,BOGO (Buy One Get One),Yes,Afternoon,65.86
2023-05-17 17:48:23,Brittany Vasquez,"['Carry-on Bag', 'Disinfectant Wipes', 'Markers']",3,Mobile Payment,Port Coltontown,Teenager (13-19),Fall,BOGO (Buy One Get One),No,Afternoon,23.88
2023-05-17 18:28:34,Jack Jackson,"['Oats', 'Body Wash', 'Slippers', 'Hoodie', 'Resistance Bands', 'Cashews', 'Beach Towel', 'Luggage', 'Baking Soda', 'Protein Shakes']",10,Mobile Payment,Lake Patriciaton,Young Adult (20-29),Fall,BOGO (Buy One Get One),No,Afternoon,102.2
2023-05-17 18:51:54,Mark Nichols,"['Cheese', 'Flats', 'Bug Spray', 'Binders', 'Bananas']",5,Credit Card,Port Mary,Adult (30-49),Spring,BOGO (Buy One Get One),No,Afternoon,44.95
2023-05-18 05:22:22,Ashley Jackson,"['Candles', 'Frozen Pizza', 'Gum']",3,Mobile Payment,Mckeetown,Middle-aged (50-64),Winter,BOGO (Buy One Get One),Yes,Morning,23.88
2023-05-18 06:18:32,Nancy Chen,"['Stain Remover', 'Sponges', 'Yogurt', 'Popsicles', 'Brownies', 'Lighter']",6,Cash,Harveyport,Teenager (13-19),Spring,BOGO (Buy One Get One),Yes,Morning,56.07
2023-05-18 09:22:12,Dominique Sutton,['Oranges'],1,Mobile Payment,Ramirezfurt,Senior (65+),Fall,BOGO (Buy One Get One),Yes,Morning,5.14
2023-05-18 11:02:32,Shannon Irwin,"['Stain Remover', 'Charcoal', 'Paper Cups', 'Air Freshener', 'Toilet Paper']",5,Credit Card,South Alicia,Young Adult (20-29),Spring,Discount on Selected Items,No,Midday,44.95
2023-05-18 11:30:20,Casey Cuevas,"['Frozen Fish Sticks', 'Bubble Wrap', 'Peanut Butter']",3,Cash,North Brian,Teenager (13-19),Spring,BOGO (Buy One Get One),No,Midday,23.88
2023-05-18 12:52:29,Jeffrey Lloyd,"['Ruler', 'Toilet Paper', 'Eggs']",3,Cash,Jonesfurt,Teenager (13-19),Summer,Unknown Promotion,No,Midday,23.88
2023-05-18 12:54:28,Brandon Carr,"['Laundry Detergent', 'Packing Tape', 'Hoodie', 'Thermometer', 'Floss']",5,Debit Card,West Patrick,Middle-aged (50-64),Winter,BOGO (Buy One Get One),Yes,Midday,44.95
2023-05-18 13:55:08,Christy Cortez,"['Extension Cord', 'Body Wash', 'Glass Cleaner', 'Sports Drinks', 'Donuts', 'Charcoal']",6,Credit Card,Port Jenniferfurt,Adult (30-49),Winter,BOGO (Buy One Get One),No,Midday,57.61
2023-05-18 14:19:26,Gregory Galloway,"['T-Shirt', 'Sunscreen', 'Instant Noodles', 'Moving Boxes', 'Hat', 'Body Wash', 'Luggage', 'Mouthwash', 'Band-Aids']",9,Credit Card,West Marilyn,Senior (65+),Spring,Discount on Selected Items,Yes,Midday,90.0
2023-05-18 15:23:33,Randy Ochoa,"['Flats', 'Juice', 'Comb', 'Protein Powder']",4,Credit Card,West Michelle,Senior (65+),Summer,BOGO (Buy One Get One),Yes,Midday,34.67
2023-05-18 15:34:01,Connie Norton,"['Flip Flops', 'Wine']",2,Mobile Payment,North Tinashire,Teenager (13-19),Winter,Discount on Selected Items,Yes,Midday,14.55
2023-05-18 16:23:45,James Terry,"['Candles', 'Toothpaste', 'Post-it Notes', 'Messenger Bag']",4,Cash,Willisview,Young Adult (20-29),Fall,Discount on Selected Items,Yes,Afternoon,34.67
2023-05-18 16:35:25,Donald Woods,"['Handbag', 'Polo Shirt', 'Pencils', 'Bobby Pins']",4,Credit Card,New Nancy,Adult (30-49),Summer,Discount on Selected Items,Yes,Afternoon,34.67
2023-05-18 18:00:10,Jo Taylor,"['Cumin', 'Lotion', 'Olives', 'Frozen Pancakes', 'Ice Cream', 'Allergy Medicine']",6,Mobile Payment,East Charlesburgh,Middle-aged (50-64),Spring,Discount on Selected Items,No,Afternoon,57.61
2023-05-18 19:31:09,Diana Ross,"['Yoga Pants', 'Frozen Burritos', 'Purse', 'Sports Drinks', 'Baking Soda', 'Protein Shakes', 'Frozen Cake']",7,Credit Card,Brendanfort,Middle-aged (50-64),Summer,BOGO (Buy One Get One),No,Evening,65.86
2023-05-18 21:15:48,Lisa Norris,"['Pasta', 'Wine', 'Laundry Detergent']",3,Debit Card,New Kathyfort,Senior (65+),Summer,Discount on Selected Items,Yes,Evening,23.88
2023-05-19 05:52:17,Kevin Freeman,"['Skirt', 'Charcoal', 'Foam Roller', 'Canned Tuna', 'Ear Muffs', 'Cotton Swabs', 'Granola Bars', 'Notebooks', 'Hangers']",9,Debit Card,Caitlinmouth,Young Adult (20-29),Fall,BOGO (Buy One Get One),Yes,Morning,90.0
2023-05-19 08:09:26,Traci Oconnor,"['Extension Cord', 'Bread', 'Jeans', 'Chocolate', 'Glass Cleaner']",5,Credit Card,Stephanieville,Middle-aged (50-64),Spring,Discount on Selected Items,Yes,Morning,44.95
2023-05-19 17:59:37,Crystal Shaw,"['Pain Relievers', 'Scrubbers', 'Dumbbells', 'Wallet', 'Exercise Bike', 'Pickles']",6,Debit Card,West Brandishire,Senior (65+),Summer,Unknown Promotion,No,Afternoon,57.61
2023-05-19 20:11:13,Jacob Mccarthy,"['Suitcase', 'Snack Cakes', 'Jelly', 'Markers', 'Yoga Mat', 'Mac and Cheese', 'Flats', 'Coffee', 'Soy Sauce']",9,Mobile Payment,Alexisborough,Middle-aged (50-64),Winter,Unknown Promotion,Yes,Evening,90.0
2023-05-19 20:37:59,Spencer Krueger,"['Frozen Fruit', 'Pull-up Bar', 'Gym Bag', 'Deodorant', 'Notebook Paper', 'Tomato Sauce', 'Swim Trunks', 'Scissors']",8,Credit Card,Lake Jamesburgh,Adult (30-49),Winter,BOGO (Buy One Get One),Yes,Evening,77.1
2023-05-20 02:48:40,Debbie Smith,"['Paper Towels', 'Nail Clippers', 'Super Glue']",3,Mobile Payment,Allenchester,Teenager (13-19),Spring,Unknown Promotion,No,Early Morning,23.88
2023-05-20 06:21:03,Sarah Martinez,"['Garlic Powder', 'Yogurt']",2,Cash,East Crystal,Senior (65+),Winter,BOGO (Buy One Get One),Yes,Morning,14.55
2023-05-20 10:22:41,Tiffany Wolfe,"['Crayons', 'Mac and Cheese', 'Glue', 'Tweezers']",4,Debit Card,Castilloview,Teenager (13-19),Spring,BOGO (Buy One Get One),No,Midday,34.67
2023-05-20 13:50:41,Christopher Williams,"['Flour', 'Lotion', 'Barbecue Sauce', 'Hangers', 'Duffel Bag', 'Bathrobe']",6,Mobile Payment,Port Kimberly,Young Adult (20-29),Fall,BOGO (Buy One Get One),No,Midday,57.61
2023-05-20 14:14:10,Sara Horton,"['Wallet', 'Razors', 'Binders', 'Wine', 'Aluminum Foil', 'Bobby Pins', 'Yoga Mat', 'Canned Tuna', 'Duffel Bag', 'Yoga Pants', 'Sandals', 'Tweezers']",12,Mobile Payment,South Melaniefort,Teenager (13-19),Fall,Unknown Promotion,No,Midday,124.9
2023-05-20 14:31:32,Danielle Sanders,"['Mints', 'Detergent', 'Canned Tuna', 'Soy Sauce', 'Sweatshirt', 'Chewing Gum', 'Frozen Chicken Nuggets', 'Gym Towel', 'Yoga Mat', 'Brownies']",10,Mobile Payment,Hayesmouth,Young Adult (20-29),Spring,BOGO (Buy One Get One),Yes,Midday,102.2
2023-05-20 15:29:28,Carrie Sparks MD,"['Protein Shakes', 'Dried Cranberries', 'Underwear', 'Shower Curtain', 'Purse', 'Headbands']",6,Mobile Payment,South Jocelyn,Young Adult (20-29),Fall,Discount on Selected Items,Yes,Midday,56.07
2023-05-20 18:51:36,Robert Clark,"['Scarf', 'Toothpaste', 'Toilet Bowl Cleaner', 'Chili Powder', 'Hot Sauce', 'Trash Bags', 'Salt', 'Protein Bars', 'Ziploc Bags', 'Pickles']",10,Mobile Payment,Barnesport,Young Adult (20-29),Fall,Unknown Promotion,No,Afternoon,102.2
2023-05-20 19:07:14,Jason Parker,['Lighter Fluid'],1,Debit Card,New Whitneychester,Young Adult (20-29),Summer,Discount on Selected Items,No,Evening,5.14
2023-05-20 19:21:48,Thomas Bailey,"['Sweatshirt', 'Ice Cream Sandwiches']",2,Mobile Payment,New Monicaton,Young Adult (20-29),Spring,Unknown Promotion,No,Evening,14.55
2023-05-20 19:23:53,Dustin Russell,['Pasta Sauce'],1,Debit Card,Schneiderview,Adult (30-49),Winter,BOGO (Buy One Get One),Yes,Evening,5.14
2023-05-20 20:43:50,Rhonda Riley,"['Bleach', 'Bath Bombs', 'Bubble Bath']",3,Mobile Payment,Madelineton,Middle-aged (50-64),Summer,Unknown Promotion,Yes,Evening,23.88
2023-05-21 06:09:07,David Jensen,"['Briefcase', 'Jam', 'Wine', 'Toilet Bowl Cleaner', 'Muffins', 'Yogurt', 'Honey', 'Shower Curtain', 'Hat']",9,Credit Card,Thomaschester,Adult (30-49),Summer,Unknown Promotion,Yes,Morning,90.0
2023-05-21 08:13:13,Craig Long,"['Peanut Butter', 'Lotion', 'Oats', 'Deodorant', 'Butter']",5,Cash,Jesusstad,Young Adult (20-29),Spring,Discount on Selected Items,No,Morning,44.95
2023-05-21 12:24:33,Brandy Parks,"['Duffel Bag', 'Muffins', 'Polo Shirt']",3,Cash,Jonesmouth,Senior (65+),Spring,BOGO (Buy One Get One),Yes,Midday,23.88
2023-05-21 12:53:14,Jessica Harris,"['Cream Cheese', 'Mints', 'Bubble Wrap', 'Toothbrush', 'Jam', 'Frozen Bagels', 'Oats', 'Binders', 'Bobby Pins', 'Hand Sanitizer']",10,Cash,Dylanbury,Adult (30-49),Winter,BOGO (Buy One Get One),Yes,Midday,102.2
2023-05-21 12:54:14,Stephanie Spencer,"['Index Cards', 'Bathrobe', 'Glue', 'Olives', 'Bread', 'Lollipops']",6,Credit Card,Woodburgh,Adult (30-49),Winter,Discount on Selected Items,Yes,Midday,56.07
2023-05-21 14:29:51,Michele Perry,"['Plastic Utensils', 'Hair Ties', 'Popsicles', 'Deodorant']",4,Cash,West Walterville,Teenager (13-19),Spring,BOGO (Buy One Get One),No,Midday,34.67
2023-05-21 15:06:46,Deanna Ochoa,"['Storage Bins', 'Canned Tuna', 'Baking Powder', 'Vegetable Oil', 'Paper Plates', 'Pens', 'Frozen Sausages']",7,Debit Card,Torresview,Middle-aged (50-64),Winter,Discount on Selected Items,Yes,Midday,65.86
2023-05-21 15:48:15,Ana Cummings,"['Plastic Utensils', 'Tweezers']",2,Credit Card,New Brianborough,Adult (30-49),Fall,Discount on Selected Items,No,Midday,14.55
2023-05-21 16:19:39,Kelly Mueller,"['Milk', 'Frozen Dinners', 'Light Bulbs', 'Cumin', 'Lollipops', 'Hairbrush', 'Instant Noodles', 'Toilet Paper', 'Almonds', 'Shoes']",10,Credit Card,Jenniferstad,Young Adult (20-29),Summer,BOGO (Buy One Get One),Yes,Afternoon,102.2
2023-05-21 16:42:17,Rachel Ford,"['Canola Oil', 'Cashews', 'Jeans', 'Exercise Bike', 'Headbands', 'Batteries']",6,Debit Card,Jonesside,Young Adult (20-29),Summer,BOGO (Buy One Get One),Yes,Afternoon,56.07
2023-05-21 17:08:01,Brandon Montgomery,['Pickles'],1,Mobile Payment,North Markview,Teenager (13-19),Spring,Unknown Promotion,Yes,Afternoon,5.14
2023-05-21 17:13:16,Nicholas Bailey,"['Soap', 'Stamps', 'Peanuts', 'Popsicles']",4,Credit Card,Alexandratown,Teenager (13-19),Spring,Unknown Promotion,Yes,Afternoon,34.67
2023-05-21 17:55:31,Victoria Bradley,"['Laundry Basket', 'Pencils', 'T-Shirt', 'Sweater', 'Jelly', 'Sunglasses', 'Socks', 'Dress']",8,Credit Card,Delgadoberg,Adult (30-49),Fall,Unknown Promotion,Yes,Afternoon,77.1
2023-05-21 19:23:34,Lori Gonzalez,"['Protein Powder', 'Flashlight', 'Treadmill', 'Ice Cream', 'Beach Towel', 'Exercise Bike', 'Yoga Mat', 'Onion Powder']",8,Cash,Victorville,Teenager (13-19),Spring,Unknown Promotion,No,Evening,77.1
2023-05-21 19:30:10,Shane Jenkins,"['Garlic Powder', 'Pretzels', 'Foam Roller', 'Apples']",4,Mobile Payment,Port Jennifer,Adult (30-49),Winter,Unknown Promotion,No,Evening,34.67
2023-05-21 21:07:46,Kimberly Jones,"['Frozen Vegetables', 'Bra']",2,Debit Card,New Stephenton,Middle-aged (50-64),Fall,Discount on Selected Items,No,Evening,14.55
2023-05-21 22:37:00,Amanda Underwood,['Water Bottle'],1,Debit Card,East Susan,Young Adult (20-29),Spring,Unknown Promotion,Yes,Late Night,5.14
2023-05-22 00:11:05,Gerald Singleton,"['Blouse', 'Leggings', 'Granola Bars', 'Cough Syrup', 'Bath Salts', 'Jump Rope', 'Sunglasses', 'Nail Polish Remover', 'Capri Pants', 'Ice Cream Bars']",10,Credit Card,Port Georgeshire,Senior (65+),Fall,BOGO (Buy One Get One),No,Early Morning,102.2
2023-05-22 07:15:18,Teresa Gonzales,"['Chips', 'Hangers', 'Candles']",3,Debit Card,Lake Harold,Young Adult (20-29),Summer,BOGO (Buy One Get One),Yes,Morning,23.88
2023-05-22 08:40:30,Hannah Underwood,"['Jam', 'Packing Tape', 'Ketchup']",3,Mobile Payment,Bryantmouth,Middle-aged (50-64),Fall,BOGO (Buy One Get One),No,Morning,23.88
2023-05-22 10:13:14,Jamie Thompson,"['Flour', 'Sweatshirt', 'Canola Oil', 'Hoodie']",4,Credit Card,New Michaelberg,Young Adult (20-29),Winter,Discount on Selected Items,Yes,Midday,34.67
2023-05-22 14:26:47,Anne Roberts,"['Bath Bombs', 'Exercise Ball', 'Spaghetti']",3,Credit Card,Richardstad,Young Adult (20-29),Fall,BOGO (Buy One Get One),No,Midday,23.88
2023-05-22 14:48:18,Mark Miller,"['Socks', 'Gym Bag', 'Belt']",3,Mobile Payment,Lake Gailshire,Young Adult (20-29),Summer,BOGO (Buy One Get One),Yes,Midday,23.88
2023-05-22 15:02:32,Melinda Avila MD,"['Foam Roller', 'Ketchup', 'Pain Relievers', 'Shower Curtain', 'Scrubbers']",5,Mobile Payment,South Carrie,Young Adult (20-29),Summer,Discount on Selected Items,Yes,Midday,44.95
2023-05-22 15:23:48,Laurie French,"['Lollipops', 'Pickles', 'Dried Cranberries', 'Dumbbells', 'Backpack']",5,Debit Card,East Kevin,Adult (30-49),Summer,BOGO (Buy One Get One),Yes,Midday,44.95
2023-05-22 16:00:33,Yvonne Avila,"['Butter', 'Yogurt', 'Trash Bags', 'Flats']",4,Credit Card,Natalieville,Middle-aged (50-64),Summer,Discount on Selected Items,Yes,Afternoon,34.67
2023-05-22 17:59:02,Carolyn Rice,"['Frozen Bread', 'Protein Shakes', 'Cough Syrup']",3,Debit Card,Lucasfurt,Senior (65+),Winter,Discount on Selected Items,No,Afternoon,23.88
2023-05-22 18:44:55,Joseph Stanley,"['Paper Plates', 'Sports Drinks', 'Index Cards', 'Bubble Wrap', 'Super Glue', 'Hot Sauce']",6,Credit Card,Danielside,Young Adult (20-29),Winter,BOGO (Buy One Get One),Yes,Afternoon,56.07
2023-05-22 22:54:36,Taylor Holland,"['Mac and Cheese', 'Cashews', 'Yoga Pants', 'Mouthwash', 'Umbrella', 'Frozen Cookies', 'Allergy Medicine', 'Milk', 'Ruler', 'Exercise Ball']",10,Credit Card,West Tammytown,Adult (30-49),Winter,BOGO (Buy One Get One),No,Late Night,102.2
2023-05-23 04:24:12,Christopher Brown,"['Jeans', 'Frozen Fruit', 'Baking Soda']",3,Mobile Payment,Frankborough,Adult (30-49),Fall,BOGO (Buy One Get One),Yes,Morning,23.88
2023-05-23 07:01:23,Justin Smith,"['Trail Mix', 'Coat', 'Shelving', 'Iced Tea']",4,Debit Card,New Michael,Middle-aged (50-64),Spring,BOGO (Buy One Get One),Yes,Morning,34.67
2023-05-23 09:10:11,Raymond Arnold,"['Sweater', 'Raisins', 'Bathrobe']",3,Mobile Payment,Anabury,Young Adult (20-29),Summer,BOGO (Buy One Get One),No,Morning,23.88
2023-05-23 10:10:20,Aaron Rodriguez,"['Conditioner', 'Jeans', 'Comb', 'Toilet Bowl Cleaner', 'Pens']",5,Debit Card,Morantown,Young Adult (20-29),Winter,Discount on Selected Items,No,Midday,44.95
2023-05-23 10:15:28,Katherine Sanchez,['Extension Cord'],1,Debit Card,West Mark,Middle-aged (50-64),Fall,Discount on Selected Items,Yes,Midday,5.14
2023-05-23 11:17:41,Mr. Samuel Perez,"['Elliptical', 'Frozen Pizza']",2,Mobile Payment,New Jacobville,Teenager (13-19),Summer,Unknown Promotion,No,Midday,14.55
2023-05-23 13:49:02,Natasha Crawford,"['Bath Salts', 'Laundry Detergent', 'Leggings']",3,Credit Card,Simsland,Senior (65+),Winter,Unknown Promotion,No,Midday,23.88
2023-05-23 15:40:53,Thomas Pitts,"['Chewing Gum', 'Weight Bench', 'Beach Towel', 'Plastic Wrap']",4,Mobile Payment,Sarashire,Adult (30-49),Spring,BOGO (Buy One Get One),Yes,Midday,34.67
2023-05-23 17:21:00,Daniel Hampton,"['Swim Cap', 'Batteries', 'Dryer Sheets', 'Cream Cheese', 'Handbag', 'Light Bulbs']",6,Credit Card,Dunnside,Senior (65+),Fall,Discount on Selected Items,No,Afternoon,57.61
2023-05-23 18:46:03,Stephen Owens,"['Stain Remover', 'Instant Noodles', 'Paper Towels', 'Toilet Bowl Cleaner', 'Barbecue Sauce']",5,Debit Card,Adamsborough,Young Adult (20-29),Spring,BOGO (Buy One Get One),No,Afternoon,44.95
2023-05-23 18:56:52,Tamara Li,"['Backpack', 'Trail Mix', 'Cotton Swabs', 'Charcoal', 'Cream Cheese']",5,Mobile Payment,New Tammy,Senior (65+),Summer,Unknown Promotion,No,Afternoon,44.95
2023-05-23 19:37:38,Paul Moran,"['Laundry Basket', 'Extension Cord', 'Cumin', 'Disinfectant Wipes', 'Frozen Sausages']",5,Debit Card,Amandaport,Senior (65+),Summer,Discount on Selected Items,Yes,Evening,44.95
2023-05-23 20:36:51,Robert Smith,"['Frozen Breakfast Sandwiches', 'Bath Mat', 'Laptop Bag', 'Toothpaste', 'Jump Rope', 'Plastic Utensils']",6,Cash,East Lauraport,Middle-aged (50-64),Winter,Unknown Promotion,No,Evening,57.61
2023-05-23 21:04:59,Jillian Haney,"['T-Shirt', 'Cough Syrup', 'Razors', 'Pickles', 'Bleach', 'Lotion']",6,Mobile Payment,Pruittbury,Middle-aged (50-64),Winter,BOGO (Buy One Get One),No,Evening,57.61
2023-05-24 05:29:44,Willie Wilkinson,"['Garlic Powder', 'Tote Bag', 'Toilet Paper', 'Trail Mix', 'Washcloths', 'Kettlebells', 'Notebook Paper']",7,Mobile Payment,East Gabriel,Middle-aged (50-64),Fall,Discount on Selected Items,Yes,Morning,65.86
2023-05-24 06:02:56,Kimberly Pearson,"['Barbecue Sauce', 'Dryer Sheets', 'Vinegar', 'Toothbrush']",4,Mobile Payment,Williamland,Teenager (13-19),Summer,Unknown Promotion,No,Morning,34.67
2023-05-24 07:42:38,Matthew Lewis,"['Mints', 'Granola Bars', 'Plastic Utensils', 'Elliptical', 'Flip Flops', 'Snack Cakes', 'Passport Holder']",7,Credit Card,Rebeccaberg,Middle-aged (50-64),Winter,BOGO (Buy One Get One),No,Morning,65.86
2023-05-24 08:29:53,Kenneth Gilbert,"['Coat', 'Canned Tuna', 'Swim Trunks', 'Hairbrush', 'Mac and Cheese', 'Cream Cheese', 'Napkins']",7,Cash,West Amy,Teenager (13-19),Fall,Unknown Promotion,Yes,Morning,65.86
2023-05-24 08:34:41,Jackie Smith,"['Lemonade', 'Slippers', 'Photo Albums', 'Slippers', 'Floss']",5,Cash,East Mistyburgh,Adult (30-49),Fall,BOGO (Buy One Get One),Yes,Morning,44.95
2023-05-24 09:12:19,Christopher Hunter,"['Matches', 'Backpack', 'Vegetable Oil']",3,Credit Card,Port Robert,Teenager (13-19),Winter,Discount on Selected Items,Yes,Morning,23.88
2023-05-24 09:25:54,Nicholas Ruiz,"['Handbag', 'Ice Cream', 'Wine']",3,Cash,Lake Davidburgh,Adult (30-49),Spring,Discount on Selected Items,Yes,Morning,23.88
2023-05-24 11:35:37,Benjamin Oconnell,"['Bath Bombs', 'Pants', 'Bananas', 'Nail Polish', 'Pepper', 'Workout Clothes']",6,Cash,East Davidmouth,Middle-aged (50-64),Summer,Discount on Selected Items,Yes,Midday,56.07
2023-05-24 13:39:38,Timothy Warren,"['Socks', 'Purse', 'Shower Curtain', 'Beer', 'Yogurt']",5,Mobile Payment,Lake Erinburgh,Adult (30-49),Fall,Discount on Selected Items,No,Midday,44.95
2023-05-24 15:55:47,Phillip Thompson,"['Duffel Bag', 'Beach Towel', 'Plastic Wrap', 'Ruler', 'Weight Bench', 'Honey', 'Lip Balm']",7,Credit Card,Johnsfurt,Adult (30-49),Winter,Unknown Promotion,Yes,Midday,65.86
2023-05-24 17:24:38,John Garcia,"['Popsicles', 'Ketchup', 'Paprika', 'Facial Tissue', 'Dish Soap', 'Pasta']",6,Debit Card,Colemanport,Middle-aged (50-64),Fall,Discount on Selected Items,No,Afternoon,57.61
2023-05-24 18:07:06,Madeline Logan,['Almonds'],1,Debit Card,East Anthonyside,Young Adult (20-29),Winter,BOGO (Buy One Get One),Yes,Afternoon,5.14
2023-05-24 18:16:56,Tracy Anderson,"['Bath Salts', 'Energy Drinks']",2,Mobile Payment,Scottfort,Adult (30-49),Winter,Unknown Promotion,No,Afternoon,14.55
2023-05-24 20:22:16,Paula Hernandez,"['Belt', 'Carry-on Bag']",2,Debit Card,Christinashire,Young Adult (20-29),Winter,Discount on Selected Items,No,Evening,14.55
2023-05-24 21:25:21,Kara Contreras,"['Frozen Pizza', 'Laptop Bag', 'Cheese', 'Raincoat', 'Shampoo', 'Envelopes', 'Canned Tuna', 'Glass Cleaner', 'Glue', 'Frozen Bagels']",10,Debit Card,West Valerie,Young Adult (20-29),Spring,BOGO (Buy One Get One),No,Evening,102.2
2023-05-25 09:41:03,Jillian Jones,"['Deodorant', 'Energy Drinks', 'Mac and Cheese', 'Bra', 'Beer', 'Index Cards', 'Toothbrush']",7,Cash,New Marietown,Young Adult (20-29),Winter,Unknown Promotion,Yes,Morning,65.86
2023-05-25 10:13:13,Renee Hunt,"['Lip Balm', 'Frozen Cake', 'Skirt', 'Garlic Powder', 'Canned Vegetables', 'Foam Roller']",6,Cash,Carolinefort,Young Adult (20-29),Summer,BOGO (Buy One Get One),Yes,Midday,56.07
2023-05-25 14:27:27,Danielle Cox,"['Mayonnaise', 'Hat', 'Colored Pencils', 'Tomato Sauce', 'Frozen Cake', 'Allergy Medicine', 'Nail Clippers']",7,Debit Card,Lake Antonioborough,Senior (65+),Winter,Discount on Selected Items,Yes,Midday,65.86
2023-05-25 15:14:56,Logan Black,"['Bubble Wrap', 'Energy Drinks']",2,Mobile Payment,Mooneyland,Middle-aged (50-64),Spring,Unknown Promotion,No,Midday,14.55
2023-05-25 17:15:25,Edward Ball,"['Skirt', 'Frozen Cookies', 'Glue', 'Winter Hat', 'Frozen Sausages']",5,Credit Card,South Jessica,Middle-aged (50-64),Summer,BOGO (Buy One Get One),Yes,Afternoon,44.95
2023-05-25 19:22:49,Jay Sosa,"['Conditioner', 'Frozen Breakfast Sandwiches', 'Shower Shoes', 'Thermometer', 'Notebooks', 'Pens', 'Chili Powder', 'Batteries']",8,Debit Card,West Jennifermouth,Teenager (13-19),Winter,Unknown Promotion,No,Evening,77.1
2023-05-25 23:52:51,William Nguyen,"['Tape', 'Protein Bars', 'Lighter']",3,Debit Card,Port John,Senior (65+),Fall,BOGO (Buy One Get One),Yes,Late Night,23.88
2023-05-26 08:14:07,Jeffrey Sanders,"['Yogurt', 'Deodorant', 'Shaving Cream', 'Duffel Bag', 'Jelly']",5,Cash,Longshire,Middle-aged (50-64),Spring,Unknown Promotion,No,Morning,44.95
2023-05-26 08:15:34,Brian Contreras,"['Shower Cap', 'Dish Soap']",2,Mobile Payment,South Meganton,Young Adult (20-29),Winter,BOGO (Buy One Get One),No,Morning,14.55
2023-05-26 09:44:27,Mrs. Misty Campbell,"['Sugar', 'Pretzels', 'Gum', 'Gelato', 'Crayons', 'Boots', 'Ear Muffs']",7,Mobile Payment,Raymondland,Young Adult (20-29),Fall,Unknown Promotion,No,Morning,65.86
2023-05-26 10:02:13,Patricia Johnson,"['Onion Powder', 'Lighter Fluid', 'Sweater']",3,Debit Card,Robertsonborough,Adult (30-49),Spring,BOGO (Buy One Get One),Yes,Midday,23.88
2023-05-26 10:14:14,Sarah Banks,"['Bath Bombs', 'Gym Bag', 'Apples', 'Ice Cream Cones', 'Dress', 'Hair Ties', 'Tape', 'Nail Clippers', 'Pasta Sauce', 'Matches', 'Crayons']",11,Mobile Payment,Smithville,Senior (65+),Summer,Discount on Selected Items,Yes,Midday,113.03
2023-05-26 11:06:07,Patricia Anderson,"['Canned Fruit', 'Frozen Pizza']",2,Cash,Port Cynthiaborough,Senior (65+),Spring,Discount on Selected Items,Yes,Midday,14.55
2023-05-26 13:54:04,Theresa Erickson,"['Ice Cream', 'Hangers', 'Heels', 'Flats', 'Paper Plates', 'Matches']",6,Credit Card,Brandonside,Adult (30-49),Fall,BOGO (Buy One Get One),No,Midday,57.61
2023-05-26 14:54:43,Mary Stephens,"['Frozen Pizza', 'Tape']",2,Mobile Payment,Toddburgh,Senior (65+),Winter,Discount on Selected Items,Yes,Midday,14.55
2023-05-26 16:02:46,Kristy Bush,"['Jelly', 'Flashlight', 'Peanut Butter', 'Plastic Utensils', 'Sweatshirt', 'Picture Frames', 'Hand Sanitizer']",7,Cash,New Cindymouth,Adult (30-49),Summer,Unknown Promotion,Yes,Afternoon,65.86
2023-05-26 16:03:09,Chris Scott,"['Lip Balm', 'Cough Drops', 'Laundry Basket', 'Towels', 'Multi-Surface Cleaner', 'Luggage']",6,Debit Card,North Petermouth,Middle-aged (50-64),Spring,Unknown Promotion,No,Afternoon,57.61
2023-05-26 16:15:06,Andrew Ramirez,"['Frozen Pizza', 'Mustard', 'Sweatshirt', 'Resistance Bands']",4,Debit Card,South Williamtown,Teenager (13-19),Fall,BOGO (Buy One Get One),Yes,Afternoon,34.67
2023-05-26 16:30:55,Samuel Gutierrez,"['Cucumber', 'Handbag', 'Socks']",3,Debit Card,West Melissa,Middle-aged (50-64),Fall,Discount on Selected Items,No,Afternoon,23.88
2023-05-26 17:04:40,Victoria Lee,"['Dress', 'Sunscreen', 'Lollipops', 'Glass Cleaner', 'Frozen Meatballs']",5,Mobile Payment,Lake Benjamin,Adult (30-49),Spring,Discount on Selected Items,Yes,Afternoon,44.95
2023-05-26 19:41:05,Anna Castro,"['Towels', 'Honey']",2,Credit Card,Lake Tasha,Middle-aged (50-64),Spring,Unknown Promotion,Yes,Evening,14.55
2023-05-27 06:02:51,John Howell,"['Lemonade', 'Body Wash', 'Cotton Balls', 'Shorts', 'Cough Syrup']",5,Credit Card,South Christineview,Young Adult (20-29),Fall,BOGO (Buy One Get One),No,Morning,44.95
2023-05-27 11:14:17,Julie Moody,['Bagels'],1,Debit Card,Lake Mariafurt,Young Adult (20-29),Spring,Unknown Promotion,Yes,Midday,5.14
2023-05-27 14:00:47,Donna Bailey,"['Detergent', 'Sugar']",2,Mobile Payment,Michelefurt,Young Adult (20-29),Winter,Unknown Promotion,No,Midday,14.55
2023-05-27 14:04:10,Mario Dorsey,"['Pajamas', 'Ramen', 'Cookies', 'Wallet', 'Belt']",5,Cash,Micheleton,Young Adult (20-29),Spring,BOGO (Buy One Get One),No,Midday,44.95
2023-05-27 17:05:42,Karen Bean,"['Orange Juice', 'Hand Sanitizer', 'Barbecue Sauce', 'Toilet Paper', 'Slippers']",5,Debit Card,Gilbertmouth,Adult (30-49),Spring,Unknown Promotion,No,Afternoon,44.95
2023-05-27 18:20:18,Jesse Roberts,"['Gym Bag', 'Onion Powder', 'Bleach', 'Envelopes', 'Juice', 'Toothpaste', 'Moving Boxes', 'Granola Bars', 'Facial Tissue', 'Jacket']",10,Debit Card,East Richardburgh,Senior (65+),Summer,Unknown Promotion,No,Afternoon,102.2
2023-05-27 19:38:16,Christina Smith,"['Candles', 'Frozen Bread', 'Sunscreen', 'Colored Pencils', 'Baking Soda', 'Beach Towel', 'Soap', 'Popsicles', 'Popcorn']",9,Mobile Payment,Lake Margaretbury,Middle-aged (50-64),Summer,Discount on Selected Items,No,Evening,90.0
2023-05-27 20:43:00,Caleb Cordova,"['Donuts', 'Trail Mix', 'Ramen', 'Frozen Meatballs']",4,Cash,Port Henry,Middle-aged (50-64),Summer,Unknown Promotion,No,Evening,34.67
2023-05-27 21:11:41,Brian Daniels,"['Juice', 'Carry-on Bag']",2,Mobile Payment,New Heather,Middle-aged (50-64),Spring,Unknown Promotion,Yes,Evening,14.55
2023-05-28 06:51:25,Marilyn Olson,"['Photo Albums', 'Cotton Swabs', 'Protein Shakes', 'Soda']",4,Debit Card,Damonbury,Middle-aged (50-64),Summer,Unknown Promotion,Yes,Morning,34.67
2023-05-28 10:50:28,Breanna Howard,"['Paper Towels', 'T-Shirt', 'Snack Cakes', 'Stamps', 'Protein Powder', 'Colored Pencils']",6,Debit Card,Millshaven,Young Adult (20-29),Summer,Unknown Promotion,No,Midday,57.61
2023-05-28 10:53:02,Jason Byrd,"['Calculator', 'Weight Bench', 'Honey', 'Paper Cups', 'Cereal', 'Construction Paper']",6,Cash,South Leslie,Young Adult (20-29),Winter,Unknown Promotion,No,Midday,57.61
2023-05-28 13:43:12,David Walsh,"['Air Freshener', 'Frozen Meatballs', 'Milk']",3,Cash,Taylormouth,Young Adult (20-29),Winter,BOGO (Buy One Get One),Yes,Midday,23.88
2023-05-28 14:05:38,Dalton Bishop,"['Band-Aids', 'Apples']",2,Credit Card,Mccoyside,Young Adult (20-29),Summer,BOGO (Buy One Get One),Yes,Midday,14.55
2023-05-28 15:31:31,Paula Johnson,['Bra'],1,Cash,Benjaminshire,Young Adult (20-29),Summer,Unknown Promotion,No,Midday,5.14
2023-05-28 16:40:37,John Barnett,"['Pasta Sauce', 'Luggage', 'Frozen Burritos', 'Insect Repellent', 'Oranges', 'Spaghetti', 'First Aid Kit', 'Crackers', 'Cough Drops', 'Frozen Fruit']",10,Credit Card,Dunnmouth,Young Adult (20-29),Summer,Unknown Promotion,No,Afternoon,102.2
2023-05-28 17:17:26,David Reynolds,"['Toothbrush', 'Picture Frames', 'Luggage', 'Raincoat', 'Tape', 'Ramen', 'Sandals']",7,Credit Card,Brownshire,Senior (65+),Spring,Discount on Selected Items,Yes,Afternoon,65.86
2023-05-28 17:41:56,Margaret Shaw,['Snack Cakes'],1,Debit Card,Parsonsfort,Young Adult (20-29),Summer,Unknown Promotion,Yes,Afternoon,5.14
2023-05-29 08:12:41,Madison Smith,"['Cheese', 'Duct Tape', 'Laundry Detergent', 'Exercise Bike', 'Crayons', 'Ear Muffs', 'Capri Pants', 'Ziploc Bags', 'Bathrobe', 'Syrup', 'Dumbbells', 'Soda']",12,Mobile Payment,Lake Jason,Young Adult (20-29),Fall,Unknown Promotion,No,Morning,124.9
2023-05-29 08:27:09,Earl Clark,"['Shower Shoes', 'Dish Soap', 'Donuts']",3,Debit Card,Lake Joanchester,Adult (30-49),Winter,Unknown Promotion,No,Morning,23.88
2023-05-29 08:27:49,Garrett Richardson,"['Shoes', 'Frozen Garlic Bread', 'Scissors', 'Tank Top', 'Gloves', 'Polo Shirt', 'Muffins', 'Bread']",8,Mobile Payment,South Aliciaside,Adult (30-49),Spring,BOGO (Buy One Get One),Yes,Morning,77.1
2023-05-29 08:47:58,Jeremy Cooley,"['Pajamas', 'Workout Clothes', 'Charcoal']",3,Debit Card,Port Kristin,Senior (65+),Winter,Discount on Selected Items,Yes,Morning,23.88
2023-05-29 10:17:34,Matthew Rodriguez,"['Backpack', 'Shower Curtain', 'Jeans', 'Shower Cap']",4,Credit Card,New Christinastad,Adult (30-49),Winter,Unknown Promotion,Yes,Midday,34.67
2023-05-29 10:33:16,Cathy Herman,"['Exercise Bike', 'Scissors', 'Toilet Bowl Cleaner', 'Swim Cap', 'Popcorn']",5,Mobile Payment,Michaelburgh,Adult (30-49),Summer,Unknown Promotion,No,Midday,44.95
2023-05-29 10:40:25,Rodney Delgado,"['Ice Cream Sandwiches', 'Band-Aids', 'Elliptical', 'Bathrobe', 'Bath Bombs', 'Pickles', 'Rowing Machine']",7,Cash,New Allison,Adult (30-49),Winter,Unknown Promotion,Yes,Midday,65.86
2023-05-29 11:34:22,Joel Perez,"['Deodorant', 'Canola Oil']",2,Credit Card,Lake Julia,Adult (30-49),Spring,BOGO (Buy One Get One),Yes,Midday,14.55
2023-05-29 14:33:05,Jill Clark,"['Pull-up Bar', 'Jump Rope', 'Beef']",3,Mobile Payment,Stevensport,Adult (30-49),Winter,BOGO (Buy One Get One),Yes,Midday,23.88
2023-05-29 17:20:09,Christopher Obrien,"['Jam', 'Swim Trunks', 'Toothbrush', 'Chili Powder', 'Exercise Ball']",5,Cash,Pricemouth,Young Adult (20-29),Winter,Discount on Selected Items,No,Afternoon,44.95
2023-05-29 20:17:21,Jamie Cannon,"['Ice Cream Tubs', 'Suitcase', 'Mouthwash']",3,Debit Card,South Nicoleside,Young Adult (20-29),Winter,BOGO (Buy One Get One),No,Evening,23.88
2023-05-29 21:17:45,Drew Ortiz,"['Mustard', 'Elliptical', 'Frozen Meatballs', 'Toothpaste', 'Butter', 'Glass Cleaner']",6,Credit Card,East Robertton,Young Adult (20-29),Spring,BOGO (Buy One Get One),Yes,Evening,56.07
2023-05-29 21:22:24,Stephen Young,"['Cereal', 'Bubble Wrap', 'Butter', 'Honey', 'Toilet Paper', 'Air Freshener']",6,Mobile Payment,East Frankhaven,Middle-aged (50-64),Fall,Unknown Promotion,No,Evening,57.61
2023-05-30 06:59:32,Scott Sanchez,"['Notebooks', 'Flashlight', 'Frozen Fruit', 'Messenger Bag']",4,Mobile Payment,Williamsburgh,Senior (65+),Winter,Unknown Promotion,Yes,Morning,34.67
2023-05-30 07:22:47,Ryan Gonzalez,"['Underwear', 'Pasta Sauce', 'Foam Roller', 'Chocolate', 'Kettlebells', 'Binders']",6,Mobile Payment,New Denisetown,Adult (30-49),Winter,Discount on Selected Items,Yes,Morning,56.07
2023-05-30 08:01:28,David Vega,"['Pain Relievers', 'Frozen Pie', 'Deodorant']",3,Debit Card,North Stefanie,Adult (30-49),Summer,Discount on Selected Items,No,Morning,23.88
2023-05-30 11:16:05,Ryan Martin,"['Spaghetti', 'Gym Bag', 'Almonds', 'Raisins', 'Ear Muffs', 'Treadmill']",6,Credit Card,Harpermouth,Senior (65+),Winter,Unknown Promotion,No,Midday,57.61
2023-05-30 11:18:24,Jeremy Johnson,"['Slippers', 'Bagels', 'Dress', 'Pajamas', 'Messenger Bag']",5,Cash,West Heather,Adult (30-49),Summer,Discount on Selected Items,Yes,Midday,44.95
2023-05-30 11:29:59,Katelyn Moreno,"['Foam Roller', 'Jacket', 'Ice Cream Cones', 'Frozen Cake', 'Thermometer', 'Comb', 'Calculator']",7,Mobile Payment,Santosfurt,Adult (30-49),Spring,Unknown Promotion,No,Midday,65.86
2023-05-30 12:16:56,Daniel Foster,"['Pens', 'Markers', 'Winter Hat', 'Goggles']",4,Credit Card,Larashire,Adult (30-49),Winter,Discount on Selected Items,Yes,Midday,34.67
2023-05-30 13:17:06,William Clark,"['Fabric Softener', 'Luggage', 'Sweater', 'Matches', 'Index Cards']",5,Debit Card,Flemingstad,Adult (30-49),Summer,Unknown Promotion,No,Midday,44.95
2023-05-30 14:09:17,Manuel Rodriguez,"['Charcoal', 'Sunscreen', 'Popsicles', 'Matches']",4,Debit Card,Parrishstad,Young Adult (20-29),Spring,Discount on Selected Items,No,Midday,34.67
2023-05-30 15:30:02,Christine Johnson,"['Nail Clippers', 'Laptop Bag', 'Frozen Fruit', 'Frozen Pancakes', 'Bathrobe', 'Onion Powder', 'Almonds', 'Hoodie']",8,Mobile Payment,Lake Yvetteland,Teenager (13-19),Fall,BOGO (Buy One Get One),No,Midday,77.1
2023-05-30 17:36:22,Jesus Wolfe,"['Frozen Burritos', 'Sugar', 'Goggles', 'Dried Cranberries']",4,Credit Card,Alvaradoberg,Adult (30-49),Summer,Discount on Selected Items,No,Afternoon,34.67
2023-05-30 17:52:54,Maria Jenkins,"['Garlic Powder', 'Shower Cap', 'Butter']",3,Mobile Payment,South Christineshire,Young Adult (20-29),Spring,BOGO (Buy One Get One),Yes,Afternoon,23.88
2023-05-30 17:56:43,Julie Thompson,"['Gym Bag', 'Eggs', 'Bath Mat', 'Shorts', 'Beach Towel', 'Lollipops']",6,Cash,Cherylborough,Middle-aged (50-64),Winter,Discount on Selected Items,Yes,Afternoon,56.07
2023-05-30 18:12:47,Sharon Todd,"['Sweater', 'Pencils', 'Jeans', 'Headbands']",4,Credit Card,North Josephfort,Middle-aged (50-64),Winter,Unknown Promotion,No,Afternoon,34.67
2023-05-30 18:53:50,Anna Russell,"['Soy Sauce', 'Razors', 'Light Bulbs', 'Napkins']",4,Cash,Saramouth,Middle-aged (50-64),Summer,Unknown Promotion,No,Afternoon,34.67
2023-05-30 19:18:09,Mrs. Kathryn Santos,"['Frozen Pancakes', 'Paprika', 'Canned Fruit']",3,Cash,Port Douglasberg,Adult (30-49),Fall,Unknown Promotion,No,Evening,23.88
2023-05-30 19:22:22,Jeremiah Patton,"['Pants', 'Wallet', 'Flip Flops', 'Slippers', 'Bathrobe']",5,Debit Card,Andrewview,Teenager (13-19),Spring,BOGO (Buy One Get One),Yes,Evening,44.95
2023-05-30 19:53:23,Debra Sheppard,"['Briefcase', 'Mac and Cheese', 'Protein Powder', 'Paper Towels', 'Ruler', 'Kettlebells']",6,Debit Card,Dustinstad,Middle-aged (50-64),Winter,BOGO (Buy One Get One),No,Evening,57.61
2023-05-31 06:03:50,Rebecca Lewis,"['Lemonade', 'Matches']",2,Credit Card,South Ronaldmouth,Young Adult (20-29),Spring,BOGO (Buy One Get One),Yes,Morning,14.55
2023-05-31 10:27:12,Sarah King,"['Shaving Cream', 'Raincoat', 'Treadmill', 'Chocolate', 'Canned Vegetables', 'Napkins', 'Aluminum Foil', 'Honey']",8,Mobile Payment,Nelsonborough,Middle-aged (50-64),Spring,BOGO (Buy One Get One),No,Midday,77.1
2023-05-31 13:31:26,Jodi Randall,"['Lotion', 'Toothpaste', 'Vinegar', 'Iced Tea', 'Notebook Paper', 'Frozen Fries']",6,Credit Card,North Christine,Adult (30-49),Spring,Unknown Promotion,Yes,Midday,56.07
2023-05-31 13:32:31,Breanna Young,"['Shaving Cream', 'Glue', 'Razors', 'Shower Shoes', 'Mac and Cheese', 'Ear Muffs']",6,Cash,New Russellfurt,Teenager (13-19),Summer,Discount on Selected Items,Yes,Midday,56.07
2023-05-31 13:48:28,Andrew Cohen,['Cookies'],1,Debit Card,New Erikaland,Young Adult (20-29),Spring,Discount on Selected Items,No,Midday,5.14
2023-05-31 13:56:40,Amanda Freeman,"['Honey', 'Wine', 'Slippers', 'Trash Bags', 'Snack Cakes']",5,Credit Card,Burnstown,Adult (30-49),Winter,Unknown Promotion,No,Midday,44.95
2023-05-31 15:41:29,Courtney Hayes,"['Ketchup', 'Pickles']",2,Debit Card,Richardsonshire,Middle-aged (50-64),Spring,BOGO (Buy One Get One),Yes,Midday,14.55
2023-05-31 15:49:46,Colleen Mcbride,"['Trash Bags', 'Lemonade', 'Mints', 'Onion Powder', 'Coffee', 'Batteries', 'Bobby Pins', 'Duffel Bag']",8,Debit Card,Mccallland,Middle-aged (50-64),Summer,BOGO (Buy One Get One),No,Midday,77.1
2023-05-31 16:33:16,Stephanie Williams,"['Soy Sauce', 'Protein Powder', 'Headbands', 'Bug Spray', 'Nail Polish Remover']",5,Debit Card,Suzannestad,Senior (65+),Fall,Discount on Selected Items,Yes,Afternoon,44.95
2023-05-31 18:01:57,Jessica Cook,['Glue'],1,Mobile Payment,North Molly,Young Adult (20-29),Winter,Discount on Selected Items,No,Afternoon,5.14
2023-05-31 18:15:32,Rachel Walton,"['Sunscreen', 'Ice Cream Sandwiches', 'Hot Sauce', 'Sweater', 'Shorts', 'Flats']",6,Credit Card,Ericchester,Adult (30-49),Spring,BOGO (Buy One Get One),Yes,Afternoon,56.07
2023-05-31 19:10:52,Yesenia Richmond,"['Sports Bra', 'Pepper', 'Sneakers', 'Butter', 'Vinegar', 'Rug', 'Capri Pants']",7,Debit Card,Port Andrewmouth,Teenager (13-19),Fall,BOGO (Buy One Get One),Yes,Evening,65.86
2023-05-31 21:23:35,Karen Reese,"['Bagels', 'Leggings', 'Passport Holder', 'Instant Noodles', 'Soap', 'Facial Tissue', 'Garlic Powder', 'Cream Cheese']",8,Credit Card,Port Nicole,Middle-aged (50-64),Summer,Discount on Selected Items,No,Evening,77.1
2023-06-01 01:39:31,Bradley Watkins,"['Pasta', 'Glass Cleaner', 'Bread', 'Oats']",4,Debit Card,Lake Amberport,Middle-aged (50-64),Summer,Unknown Promotion,No,Early Morning,34.67
2023-06-01 07:10:54,Juan Alvarado,"['Trash Bags', 'Ice Cream Tubs', 'Slippers']",3,Mobile Payment,West Michael,Senior (65+),Fall,BOGO (Buy One Get One),Yes,Morning,23.88
2023-06-01 08:02:37,Bernard Cantrell,"['Tweezers', 'Workout Clothes', 'Trail Mix', 'Energy Drinks', 'Handbag', 'Garlic Powder']",6,Mobile Payment,Hamiltonburgh,Middle-aged (50-64),Spring,Unknown Promotion,Yes,Morning,56.07
2023-06-01 08:56:34,Angela Holt,"['Plastic Wrap', 'Olive Oil', 'Flour', 'Photo Albums', 'Dumbbells', 'Plastic Cups', 'Cotton Swabs', 'Chips', 'Chewing Gum', 'Gum']",10,Mobile Payment,Lake Omarstad,Middle-aged (50-64),Spring,BOGO (Buy One Get One),No,Morning,102.2
2023-06-01 10:16:09,Sheena Peterson,"['Pasta Sauce', 'Candles', 'Messenger Bag', 'Trail Mix', 'Salt', 'Brownies', 'Batteries', 'Packing Tape', 'Hand Sanitizer', 'Cough Drops']",10,Debit Card,Sandovalburgh,Young Adult (20-29),Winter,Unknown Promotion,No,Midday,102.2
2023-06-01 10:25:16,Tanya Harris,"['Paper Plates', 'Scarf', 'Frozen Fish Sticks', 'Honey']",4,Cash,Port James,Young Adult (20-29),Spring,BOGO (Buy One Get One),No,Midday,34.67
2023-06-01 12:44:51,Jean Martin,"['Ruler', 'Paper Towels', 'Gym Bag', 'Rowing Machine']",4,Mobile Payment,Laurabury,Young Adult (20-29),Spring,Unknown Promotion,Yes,Midday,34.67
2023-06-01 16:28:19,Joshua Bowen,"['Onion Powder', 'Jacket', 'Frozen Breakfast Sandwiches', 'Lip Balm', 'Sunglasses']",5,Mobile Payment,Cooperfort,Young Adult (20-29),Summer,Unknown Promotion,No,Afternoon,44.95
2023-06-01 16:48:04,Kayla Kent,"['Crackers', 'Candy Bars', 'Bobby Pins', 'Gym Towel', 'Dried Cranberries']",5,Cash,Martinezburgh,Senior (65+),Winter,Discount on Selected Items,Yes,Afternoon,44.95
2023-06-01 17:16:08,Stephanie Roberts,"['Shorts', 'Multi-Surface Cleaner', 'Passport Holder', 'Chicken', 'Chips', 'Gym Towel']",6,Cash,South Mikechester,Senior (65+),Spring,Unknown Promotion,Yes,Afternoon,56.07
2023-06-01 18:04:56,Mr. Jeffrey Gray,"['Onion Powder', 'Cucumber', 'Fabric Softener']",3,Mobile Payment,Cherylborough,Adult (30-49),Winter,Unknown Promotion,No,Afternoon,23.88
2023-06-01 21:56:36,John Santiago,"['Mouthwash', 'Bathrobe', 'Water', 'Extension Cord', 'Frozen Breakfast Sandwiches']",5,Cash,West Colin,Adult (30-49),Spring,Unknown Promotion,Yes,Evening,44.95
2023-06-02 08:20:17,William Arellano,"['Ice Cream Sandwiches', 'Butter', 'Gym Bag', 'Scissors', 'Chocolate', 'Frozen Bread']",6,Mobile Payment,Sweeneyview,Young Adult (20-29),Fall,Unknown Promotion,Yes,Morning,56.07
2023-06-02 08:48:33,Richard Harrison,"['Tape', 'Vegetable Oil', 'Sports Drinks']",3,Debit Card,Lake Angela,Senior (65+),Fall,BOGO (Buy One Get One),No,Morning,23.88
2023-06-02 09:41:05,Brian Arroyo,"['Toothbrush', 'Frozen Bread']",2,Credit Card,Lake Adam,Adult (30-49),Spring,Unknown Promotion,No,Morning,14.55
2023-06-02 10:28:47,Julie Tucker,"['Coat', 'Shower Curtain', 'Cotton Swabs', 'Pencils']",4,Cash,Lake Angie,Middle-aged (50-64),Fall,Unknown Promotion,No,Midday,34.67
2023-06-02 11:53:17,Daniel Cochran,['Socks'],1,Cash,Lake Lisa,Young Adult (20-29),Winter,BOGO (Buy One Get One),Yes,Midday,5.14
2023-06-02 13:17:46,Katherine Strickland,['Lip Balm'],1,Debit Card,Longtown,Teenager (13-19),Winter,Discount on Selected Items,No,Midday,5.14
2023-06-02 13:19:57,Christian Larson,"['Olives', 'Thermometer']",2,Debit Card,New Monica,Senior (65+),Spring,Unknown Promotion,Yes,Midday,14.55
2023-06-02 14:41:44,Patricia Martin,"['Wallet', 'Scissors', 'Kettlebells', 'Cookies']",4,Debit Card,Thomasside,Teenager (13-19),Summer,BOGO (Buy One Get One),No,Midday,34.67
2023-06-02 15:53:19,Patricia Harding,"['Hoodie', 'Butter', 'Leggings', 'Bug Spray', 'Super Glue', 'Sorbets', 'Purse']",7,Cash,South Lisaborough,Adult (30-49),Spring,Unknown Promotion,Yes,Midday,65.86
2023-06-02 16:09:45,Edward Douglas,"['Cheese', 'Candles', 'Messenger Bag', 'Colored Pencils', 'Bath Salts']",5,Mobile Payment,West Daniel,Senior (65+),Spring,BOGO (Buy One Get One),Yes,Afternoon,44.95
2023-06-02 16:32:32,Chelsea Shea,['Iced Tea'],1,Debit Card,West Maria,Young Adult (20-29),Fall,BOGO (Buy One Get One),Yes,Afternoon,5.14
2023-06-02 16:39:42,Jonathan Phillips,"['Shower Shoes', 'Beef', 'Thermometer', 'Scarf']",4,Cash,Port Dawnport,Adult (30-49),Spring,Discount on Selected Items,No,Afternoon,34.67
2023-06-02 16:55:26,Sara Bush,"['Pepper', 'Paper Towels', 'Coat', 'Chili Powder']",4,Mobile Payment,Amandaville,Young Adult (20-29),Spring,Unknown Promotion,No,Afternoon,34.67
2023-06-02 17:30:46,James Reed,"['Pants', 'Lemonade', 'Pickles']",3,Cash,Munozmouth,Senior (65+),Spring,Unknown Promotion,Yes,Afternoon,23.88
2023-06-02 18:40:40,Melody Murphy,"['Skirt', 'Bra', 'Cotton Balls', 'Pens', 'Chili Powder', 'Handbag', 'Moving Boxes']",7,Credit Card,West Miguelfurt,Adult (30-49),Winter,Unknown Promotion,Yes,Afternoon,65.86
2023-06-02 20:41:47,Michael Lawson,"['T-Shirt', 'Bikini']",2,Cash,Port Katrina,Adult (30-49),Spring,Unknown Promotion,No,Evening,14.55
2023-06-03 06:02:25,Randy Wilcox PhD,"['Yoga Pants', 'Spaghetti', 'Shampoo', 'Frozen Vegetables']",4,Credit Card,North Allisonmouth,Adult (30-49),Spring,Discount on Selected Items,No,Morning,34.67
2023-06-03 06:16:42,Jared Davis,"['Sugar', 'Sports Bra']",2,Credit Card,Carlostown,Adult (30-49),Fall,Unknown Promotion,Yes,Morning,14.55
2023-06-03 10:00:07,Amanda Phillips,"['Bleach', 'Gloves', 'Foam Roller', 'Frozen Fries', 'Socks']",5,Cash,South Jodi,Teenager (13-19),Fall,Discount on Selected Items,Yes,Midday,44.95
2023-06-03 10:24:20,Shane Wells,"['Frozen Cake', 'Bathrobe', 'Band-Aids']",3,Debit Card,Autumnhaven,Middle-aged (50-64),Winter,Unknown Promotion,No,Midday,23.88
2023-06-03 12:04:24,Tonya Hall,"['Sugar', 'Bleach', 'Post-it Notes']",3,Cash,North Joshua,Middle-aged (50-64),Winter,Unknown Promotion,No,Midday,23.88
2023-06-03 15:59:47,Jesse Clark,"['Brownies', 'Butter', 'Purse', 'Chili Powder', 'Bra', 'Ruler']",6,Credit Card,Lake Betty,Adult (30-49),Fall,Unknown Promotion,No,Midday,57.61
2023-06-03 16:03:04,Jesse Blackwell,"['Notebooks', 'Cotton Swabs', 'Treadmill', 'Razors', 'Raincoat', 'Bra', 'Hair Ties', 'Toilet Paper']",8,Mobile Payment,North Danielport,Senior (65+),Fall,Discount on Selected Items,Yes,Afternoon,77.1
2023-06-03 16:25:33,Joseph Chandler,['Frozen Chicken Nuggets'],1,Cash,Pamelahaven,Teenager (13-19),Winter,BOGO (Buy One Get One),No,Afternoon,5.14
2023-06-03 16:26:31,George Arellano,"['Body Wash', 'Granola Bars', 'Instant Noodles']",3,Mobile Payment,Johnsonfurt,Middle-aged (50-64),Winter,BOGO (Buy One Get One),No,Afternoon,23.88
2023-06-03 16:56:34,Diane Brock,"['Frozen Fish Sticks', 'Storage Bins', 'Muffins', 'Canola Oil', 'Shampoo', 'Butter', 'Sorbets', 'Peanuts']",8,Credit Card,New Jillbury,Senior (65+),Spring,Unknown Promotion,Yes,Afternoon,77.1
2023-06-03 17:41:30,Richard Morris,"['Ice Cream', 'Juice', 'Oranges', 'Handbag', 'Band-Aids', 'Frozen Cookies']",6,Credit Card,Robertburgh,Senior (65+),Fall,Unknown Promotion,No,Afternoon,57.61
2023-06-03 19:35:48,Jessica Hernandez,"['Shampoo', 'Sugar', 'Ketchup', 'Pens', 'Oranges']",5,Mobile Payment,Clarktown,Young Adult (20-29),Fall,Unknown Promotion,No,Evening,44.95
2023-06-03 19:45:37,William Harrison,['Briefcase'],1,Debit Card,New Davidville,Teenager (13-19),Spring,BOGO (Buy One Get One),No,Evening,5.14
2023-06-03 21:11:44,Alicia Wheeler,"['Cinnamon', 'Ice Cream Tubs', 'Batteries', 'Tape', 'Markers', 'Messenger Bag', 'Sports Drinks', 'Winter Hat', 'Disinfectant Wipes']",9,Debit Card,Millerside,Middle-aged (50-64),Summer,BOGO (Buy One Get One),No,Evening,90.0
2023-06-04 01:26:41,Rachel Howard,"['Plastic Utensils', 'Olive Oil', 'Brownies', 'Disinfectant Wipes', 'Apples']",5,Mobile Payment,Markchester,Middle-aged (50-64),Summer,BOGO (Buy One Get One),Yes,Early Morning,44.95
2023-06-04 07:07:52,Christopher Adkins,"['Ketchup', 'Handbag', 'Beach Towel', 'Onion Powder', 'Yoga Pants', 'Shampoo']",6,Cash,Theresaburgh,Young Adult (20-29),Fall,BOGO (Buy One Get One),No,Morning,57.61
2023-06-04 09:17:39,Stacey White,"['Oranges', 'Frozen Pie', 'Bleach', 'Super Glue', 'Sneakers', 'Toothbrush']",6,Cash,Reedview,Young Adult (20-29),Winter,Discount on Selected Items,No,Morning,57.61
2023-06-04 13:42:12,Crystal Merritt,"['Plastic Utensils', 'Duct Tape', 'Underwear', 'Treadmill', 'Jump Rope']",5,Cash,Port Frances,Young Adult (20-29),Winter,BOGO (Buy One Get One),No,Midday,44.95
2023-06-04 13:55:17,Desiree Brown,"['Cookies', 'Laptop Bag', 'Coat', 'Chocolate', 'Swim Cap', 'Handbag', 'Soy Sauce']",7,Credit Card,New Davidburgh,Adult (30-49),Spring,BOGO (Buy One Get One),Yes,Midday,65.86
2023-06-04 14:22:41,Jennifer Bowers,"['Laundry Basket', 'Protein Powder', 'Chips']",3,Cash,Ramirezfort,Young Adult (20-29),Fall,BOGO (Buy One Get One),No,Midday,23.88
2023-06-04 14:27:24,Christopher Davis,['Backpack'],1,Debit Card,East Rogerhaven,Adult (30-49),Spring,Unknown Promotion,Yes,Midday,5.14
2023-06-04 14:44:27,Jeffrey Davis,"['Towels', 'Crackers', 'Vinegar', 'Bathrobe', 'Butter']",5,Debit Card,Buchananstad,Young Adult (20-29),Summer,BOGO (Buy One Get One),No,Midday,44.95
2023-06-04 19:51:56,Jennifer Richardson,"['Aluminum Foil', 'Pants']",2,Mobile Payment,Port Kelly,Middle-aged (50-64),Summer,BOGO (Buy One Get One),Yes,Evening,14.55
2023-06-04 21:50:29,Ryan Weaver,"['Umbrella', 'Nail Polish Remover', 'Bikini']",3,Debit Card,East Kevin,Young Adult (20-29),Fall,Unknown Promotion,No,Evening,23.88
2023-06-04 22:47:45,Sheila Graham,"['Lollipops', 'Aluminum Foil', 'Flour', 'Bathrobe', 'Pasta', 'Cold Medicine', 'Sunglasses', 'Toilet Paper']",8,Cash,Jonesside,Adult (30-49),Spring,BOGO (Buy One Get One),Yes,Late Night,77.1
2023-06-05 04:14:35,Veronica Long,"['Pajamas', 'Weight Bench', 'Bikini', 'Canned Tuna', 'Soda', 'Crayons', 'Handbag', 'Detergent', 'Washcloths']",9,Credit Card,West Sarahtown,Middle-aged (50-64),Summer,Unknown Promotion,Yes,Morning,90.0
2023-06-05 09:44:32,Jessica Crawford,"['Toothbrush', 'Kettlebells', 'Trail Mix', 'Paper Towels', 'Shorts', 'Dress', 'Stamps']",7,Credit Card,East Marcia,Senior (65+),Fall,BOGO (Buy One Get One),Yes,Morning,65.86
2023-06-05 09:50:26,Sue Cunningham,"['Raincoat', 'Resistance Bands', 'Butter']",3,Cash,North Sharonmouth,Adult (30-49),Summer,Discount on Selected Items,Yes,Morning,23.88
2023-06-05 15:16:31,Alison Woods,['Pull-up Bar'],1,Debit Card,Hessfort,Middle-aged (50-64),Winter,BOGO (Buy One Get One),No,Midday,5.14
2023-06-05 17:40:25,Joshua Briggs,"['Plastic Utensils', 'Flats', 'Socks', 'Luggage']",4,Credit Card,Christinafurt,Adult (30-49),Winter,BOGO (Buy One Get One),No,Afternoon,34.67
2023-06-05 18:58:29,Dylan Mills,"['Brownies', 'Nail Polish', 'Honey', 'Frozen Fries', 'Tape']",5,Mobile Payment,Lake Wendy,Adult (30-49),Winter,Discount on Selected Items,Yes,Afternoon,44.95
2023-06-06 09:11:04,Jim Chan,"['Moving Boxes', 'Umbrella', 'Glass Cleaner']",3,Debit Card,Davidstad,Middle-aged (50-64),Winter,Unknown Promotion,Yes,Morning,23.88
2023-06-06 09:40:27,Christine Brooks,"['Shoes', 'Plastic Wrap']",2,Credit Card,South Edwinchester,Middle-aged (50-64),Spring,Unknown Promotion,No,Morning,14.55
2023-06-06 10:51:41,Kyle Neal,"['Frozen Pancakes', 'Sunscreen', 'Yoga Mat', 'Frozen Fish Sticks', 'Cough Drops', 'Ear Muffs', 'Orange Juice', 'Light Bulbs', 'Cream Cheese', 'Batteries', 'Pretzels']",11,Cash,Shortville,Adult (30-49),Winter,BOGO (Buy One Get One),No,Midday,115.89
2023-06-06 12:52:14,Brittany Little,"['Crayons', 'Beer', 'Purse', 'Frozen Pie', 'Shorts', 'Cough Syrup', 'Beach Towel', 'Rug', 'Lotion']",9,Credit Card,Campbellland,Teenager (13-19),Winter,BOGO (Buy One Get One),No,Midday,90.0
2023-06-06 20:14:00,James Roberts,"['Duffel Bag', 'Protein Shakes', 'Dumbbells', 'Raisins', 'Cereal']",5,Cash,West Jamie,Adult (30-49),Summer,Unknown Promotion,Yes,Evening,44.95
2023-06-07 01:58:12,Alexandra Acosta,"['Toothpaste', 'Razors', 'Ice Cream Tubs', 'Spaghetti', 'Peanut Butter', 'Cream Cheese', 'Heels']",7,Debit Card,New Robert,Adult (30-49),Summer,Unknown Promotion,No,Early Morning,65.86
2023-06-07 04:38:16,Scott Reilly,"['Cinnamon', 'Passport Holder', 'Pull-up Bar', 'Belt', 'Notebook Paper', 'Nail Polish']",6,Credit Card,Williamside,Adult (30-49),Spring,BOGO (Buy One Get One),Yes,Morning,56.07
2023-06-07 05:21:05,Jacob Mckenzie,"['Plastic Wrap', 'Chocolate', 'Lemonade', 'Bleach', 'Floss', 'Facial Tissue']",6,Cash,New Lindaport,Young Adult (20-29),Winter,Discount on Selected Items,No,Morning,57.61
2023-06-07 08:04:16,Mikayla Wade,"['Water', 'Photo Albums', 'Trail Mix', 'Packing Tape', 'Honey']",5,Debit Card,Andrewfort,Young Adult (20-29),Spring,Unknown Promotion,Yes,Morning,44.95
2023-06-07 08:05:37,Emily Preston,"['Shower Curtain', 'Scrubbers', 'Frozen Cake', 'Barbecue Sauce', 'Hangers', 'Bathrobe', 'Gym Towel', 'Cough Drops']",8,Mobile Payment,Lake Wendy,Adult (30-49),Winter,Unknown Promotion,Yes,Morning,77.1
2023-06-07 09:24:31,Jose Vazquez,"['Pasta Sauce', 'Leggings', 'Winter Hat', 'Frozen Breakfast Sandwiches']",4,Credit Card,East Danielle,Adult (30-49),Winter,BOGO (Buy One Get One),No,Morning,34.67
2023-06-07 09:35:50,Miranda Tucker,"['Frozen Garlic Bread', 'Hangers']",2,Cash,Jonesview,Adult (30-49),Fall,Unknown Promotion,No,Morning,14.55
2023-06-07 13:30:29,Makayla Taylor,"['Body Wash', 'Duffel Bag', 'Oranges', 'Handbag', 'Toilet Paper', 'Bleach', 'Water Bottle']",7,Mobile Payment,Riosborough,Middle-aged (50-64),Fall,Discount on Selected Items,Yes,Midday,65.86
2023-06-07 15:11:01,Katherine Taylor,"['Shower Shoes', 'Ketchup', 'Bug Spray', 'Paper Cups', 'Envelopes']",5,Cash,Jessicashire,Teenager (13-19),Summer,Discount on Selected Items,No,Midday,44.95
2023-06-07 15:24:25,Mrs. Michele Stuart,"['Rug', 'Razors', 'Chips', 'Lighter', 'Ziploc Bags']",5,Credit Card,Larryburgh,Middle-aged (50-64),Fall,BOGO (Buy One Get One),No,Midday,44.95
2023-06-07 15:59:38,Donna Villa,"['Headbands', 'Blouse', 'Instant Noodles']",3,Debit Card,Castanedachester,Senior (65+),Spring,Discount on Selected Items,No,Midday,23.88
2023-06-07 17:41:33,Kevin Williams,"['Instant Noodles', 'Winter Hat', 'Cinnamon', 'Comb', 'Glass Cleaner', 'Exercise Ball']",6,Credit Card,Mitchellland,Young Adult (20-29),Spring,Unknown Promotion,Yes,Afternoon,56.07
2023-06-07 18:17:20,Mitchell Roberts,"['Jacket', 'Beach Towel', 'Sunglasses', 'Frozen Vegetables', 'Hand Sanitizer', 'Cough Syrup', 'Scarf']",7,Debit Card,West Katrinatown,Teenager (13-19),Summer,Unknown Promotion,No,Afternoon,65.86
2023-06-07 18:48:43,Shelly Thomas,"['Bubble Wrap', 'Lemonade', 'Boots']",3,Credit Card,Leebury,Middle-aged (50-64),Summer,BOGO (Buy One Get One),No,Afternoon,23.88
2023-06-07 19:17:47,Emily Lynch,"['Pencils', 'Mayonnaise']",2,Credit Card,Chaseville,Senior (65+),Spring,Unknown Promotion,No,Evening,14.55
2023-06-07 20:05:21,William Moreno,"['Popcorn', 'Bread', 'Winter Hat', 'Flashlight']",4,Debit Card,South Davidton,Young Adult (20-29),Fall,BOGO (Buy One Get One),Yes,Evening,34.67
2023-06-07 23:23:14,Angela Miller,"['Body Wash', 'Protein Bars', 'Goggles']",3,Credit Card,Port Maria,Adult (30-49),Spring,BOGO (Buy One Get One),No,Late Night,23.88
2023-06-08 01:00:50,Carlos Luna,"['Dress', 'Hand Sanitizer']",2,Cash,Port Andrewfort,Young Adult (20-29),Fall,Unknown Promotion,No,Early Morning,14.55
2023-06-08 10:09:38,Pamela Thomas,"['Dish Soap', 'Jeans']",2,Debit Card,Lake Johnbury,Adult (30-49),Fall,Discount on Selected Items,No,Midday,14.55
2023-06-08 15:06:02,Jon Carter,"['Detergent', 'Mac and Cheese', 'Coat']",3,Cash,Lake Ronald,Adult (30-49),Winter,Discount on Selected Items,No,Midday,23.88
2023-06-08 15:24:33,Anna Barnett,"['Capri Pants', 'Batteries', 'Post-it Notes', 'Binders', 'Milk', 'Bath Mat']",6,Credit Card,New Patricia,Adult (30-49),Winter,BOGO (Buy One Get One),Yes,Midday,56.07
2023-06-08 16:51:59,Brooke Hill,"['Skirt', 'Bread', 'Pencils', 'Duct Tape', 'Canned Tuna', 'Syrup', 'Bath Bombs']",7,Cash,Cruzport,Young Adult (20-29),Summer,BOGO (Buy One Get One),Yes,Afternoon,65.86
2023-06-08 18:36:32,Rebecca Willis,"['Laundry Basket', 'Nail Clippers', 'Trail Mix']",3,Mobile Payment,Lake Christinaburgh,Adult (30-49),Spring,BOGO (Buy One Get One),Yes,Afternoon,23.88
2023-06-08 21:58:38,Tanya Dean,"['Bobby Pins', 'Butter', 'Bathrobe', 'Toilet Bowl Cleaner', 'Stamps', 'Scrubbers', 'Bagels', 'Photo Albums', 'Cotton Swabs', 'Razors']",10,Cash,Port Jerryton,Young Adult (20-29),Winter,Unknown Promotion,No,Evening,102.2
2023-06-08 23:04:07,Mrs. Stephanie Thompson,"['Frozen Dinners', 'Frozen Cookies', 'Lemonade', 'Pasta Sauce', 'Laundry Basket', 'Moving Boxes']",6,Debit Card,East Jon,Young Adult (20-29),Summer,Unknown Promotion,No,Late Night,57.61
2023-06-09 01:57:30,Frank Jones,"['Candy Bars', 'Batteries', 'Shoes', 'Insect Repellent']",4,Cash,Martinburgh,Adult (30-49),Fall,Discount on Selected Items,No,Early Morning,34.67
2023-06-09 08:08:26,Tammy Hunter DDS,"['Flashlight', 'Glass Cleaner', 'Tea', 'Almonds', 'Duct Tape', 'Foam Roller']",6,Cash,Melissaport,Adult (30-49),Summer,BOGO (Buy One Get One),No,Morning,57.61
2023-06-09 09:16:16,Robert Smith,"['Floss', 'Donuts', 'Disinfectant Wipes', 'Bathrobe']",4,Credit Card,Port Rachael,Adult (30-49),Spring,Unknown Promotion,Yes,Morning,34.67
2023-06-09 10:17:23,Todd Kelly,"['Frozen Sausages', 'Swim Trunks', 'Sports Bra']",3,Credit Card,Port Aaron,Young Adult (20-29),Summer,Unknown Promotion,Yes,Midday,23.88
2023-06-09 10:37:41,Kenneth Hall,"['Frozen Dinners', 'Soap', 'Cold Medicine']",3,Cash,Henryburgh,Young Adult (20-29),Winter,BOGO (Buy One Get One),No,Midday,23.88
2023-06-09 13:12:15,Cameron Romero,"['Swim Trunks', 'Exercise Ball', 'Tape', 'Deodorant', 'Beer']",5,Debit Card,Frederickside,Teenager (13-19),Summer,Discount on Selected Items,Yes,Midday,44.95
2023-06-09 13:28:43,Tony Finley,"['T-Shirt', 'Bread', 'Ramen', 'Weight Bench', 'Plastic Cups']",5,Credit Card,Adamsfurt,Adult (30-49),Summer,Unknown Promotion,No,Midday,44.95
2023-06-09 13:51:27,Lisa Reed,"['Cumin', 'Ice Cream Cones', 'Olive Oil']",3,Cash,Lake Lauramouth,Middle-aged (50-64),Summer,Unknown Promotion,Yes,Midday,23.88
2023-06-09 15:57:28,Stuart Stanley Jr.,"['Dried Cranberries', 'Sponges', 'Donuts', 'Headbands', 'Ice Cream', 'Paper Towels', 'Frozen Pie']",7,Credit Card,Port Austin,Middle-aged (50-64),Summer,Unknown Promotion,No,Midday,65.86
2023-06-09 15:59:02,Mary Nelson,"['Popsicles', 'Toilet Bowl Cleaner', 'Photo Albums', 'Backpack', 'Passport Holder', 'Frozen Pizza', 'Pepper', 'Bug Spray', 'Elliptical', 'Flashlight', 'Cotton Balls']",11,Credit Card,Stephenport,Young Adult (20-29),Fall,Unknown Promotion,No,Midday,115.89
2023-06-09 16:02:50,Jeffrey Silva,"['Lip Balm', 'Plastic Cups', 'Soy Sauce', 'Construction Paper', 'Shorts']",5,Mobile Payment,Lake Ryanmouth,Young Adult (20-29),Summer,BOGO (Buy One Get One),No,Afternoon,44.95
2023-06-09 16:49:00,Debra Bell,"['Orange Juice', 'Beer', 'Cotton Swabs', 'Jacket']",4,Mobile Payment,Lopezchester,Adult (30-49),Summer,BOGO (Buy One Get One),Yes,Afternoon,34.67
2023-06-09 17:20:04,Robert Best,"['Chewing Gum', 'Ruler', 'Gum', 'Flats']",4,Debit Card,West Michellefurt,Adult (30-49),Summer,BOGO (Buy One Get One),Yes,Afternoon,34.67
2023-06-09 17:27:22,Heather Mullen,['Juice'],1,Credit Card,Aaronmouth,Young Adult (20-29),Winter,Unknown Promotion,No,Afternoon,5.14
2023-06-09 21:58:29,Heather Nguyen,"['Cumin', 'Frozen Garlic Bread', 'Messenger Bag', 'Cookies', 'Band-Aids']",5,Credit Card,Port Garyview,Teenager (13-19),Fall,Discount on Selected Items,No,Evening,44.95
2023-06-10 10:33:38,Mr. John Carr,"['Bubble Wrap', 'Olive Oil']",2,Credit Card,Port Danielchester,Middle-aged (50-64),Fall,Unknown Promotion,No,Midday,14.55
2023-06-10 11:33:49,Cassidy Hayes,"['Ice Cream', 'Canned Vegetables', 'Messenger Bag', 'Shaving Cream']",4,Credit Card,Millerborough,Senior (65+),Fall,BOGO (Buy One Get One),No,Midday,34.67
2023-06-10 11:41:18,Cynthia Jenkins,"['Crackers', 'Elliptical']",2,Mobile Payment,Michellefurt,Adult (30-49),Summer,BOGO (Buy One Get One),Yes,Midday,14.55
2023-06-10 11:58:27,Mrs. Sarah Rodriguez,"['Apples', 'Sugar']",2,Debit Card,South Cristian,Middle-aged (50-64),Fall,Discount on Selected Items,Yes,Midday,14.55
2023-06-10 13:16:21,Amanda Dawson,"['Cold Medicine', 'Candles', 'Mints']",3,Debit Card,Susanberg,Young Adult (20-29),Fall,Unknown Promotion,Yes,Midday,23.88
2023-06-10 14:11:20,Gary Perez,"['Sponges', 'Sorbets', 'Chili Powder', 'Headbands', 'Suitcase', 'Mints', 'Butter', 'Beef']",8,Credit Card,New Patrick,Adult (30-49),Summer,Discount on Selected Items,No,Midday,77.1
2023-06-10 14:55:35,Brett Munoz,"['Coffee', 'Calculator', 'One-Piece Swimsuit', 'Workout Clothes', 'Bread']",5,Credit Card,Trevinoburgh,Middle-aged (50-64),Spring,BOGO (Buy One Get One),Yes,Midday,44.95
2023-06-10 15:18:14,Shannon Matthews,"['Hoodie', 'Canned Soup', 'Barbecue Sauce', 'Laundry Detergent', 'Sweatshirt', 'Ice Cream Sandwiches', 'Butter', 'Photo Albums', 'Almonds', 'Jam', 'Frozen Garlic Bread']",11,Cash,South Kathrynside,Adult (30-49),Summer,Unknown Promotion,Yes,Midday,113.03
2023-06-10 15:35:36,Rodney Smith,"['Belt', 'Slippers', 'Batteries', 'Frozen Cake']",4,Mobile Payment,South Sarah,Middle-aged (50-64),Spring,Discount on Selected Items,Yes,Midday,34.67
2023-06-10 15:54:49,Dylan Tran,"['Notebook Paper', 'Bathrobe', 'Baking Soda']",3,Credit Card,New Jamie,Adult (30-49),Summer,Discount on Selected Items,No,Midday,23.88
2023-06-10 16:11:28,Alexander Ross,"['Raincoat', 'Photo Albums', 'Light Bulbs', 'Moving Boxes', 'Polo Shirt', 'Dried Cranberries', 'Shoes', 'Rowing Machine']",8,Credit Card,Robinsonmouth,Adult (30-49),Winter,BOGO (Buy One Get One),No,Afternoon,77.1
2023-06-10 16:20:31,Ronald Smith,['Pasta'],1,Mobile Payment,Stephenland,Adult (30-49),Fall,Unknown Promotion,No,Afternoon,5.14
2023-06-10 16:23:48,John Caldwell,['Toothpaste'],1,Cash,Ortizbury,Adult (30-49),Winter,Unknown Promotion,No,Afternoon,5.14
2023-06-10 16:49:01,Scott Suarez,"['T-Shirt', 'Frozen Meatballs', 'Beer']",3,Mobile Payment,Melissamouth,Adult (30-49),Fall,Unknown Promotion,Yes,Afternoon,23.88
2023-06-10 17:46:15,Dustin Hernandez,"['Batteries', 'Soda', 'Toilet Paper', 'Shoes', 'Bikini']",5,Credit Card,East Jenniferborough,Young Adult (20-29),Winter,BOGO (Buy One Get One),Yes,Afternoon,44.95
2023-06-10 18:03:11,Michael Mendoza,"['Milk', 'Shelving', 'Jelly', 'Detergent']",4,Credit Card,Lake Robin,Young Adult (20-29),Summer,BOGO (Buy One Get One),No,Afternoon,34.67
2023-06-10 20:56:15,Kayla Johnson,"['Instant Noodles', 'Markers', 'Jam', 'Beach Towel']",4,Mobile Payment,Andersonmouth,Adult (30-49),Winter,Unknown Promotion,No,Evening,34.67
2023-06-11 06:42:08,Amy Horton,"['Ice Cream Sandwiches', 'Picture Frames', 'Jacket', 'Nail Clippers', 'Jump Rope']",5,Debit Card,Christinamouth,Senior (65+),Winter,BOGO (Buy One Get One),No,Morning,44.95
2023-06-11 06:59:13,Christopher Davila,"['Slippers', 'Swim Trunks', 'Chocolate', 'Carry-on Bag']",4,Mobile Payment,Richardsberg,Young Adult (20-29),Winter,BOGO (Buy One Get One),No,Morning,34.67
2023-06-11 08:07:09,Kayla White,"['Light Bulbs', 'Envelopes', 'Cinnamon', 'Flashlight']",4,Cash,Kerriborough,Teenager (13-19),Fall,Discount on Selected Items,No,Morning,34.67
2023-06-11 08:31:11,Laura Lowe,"['Eggs', 'Charcoal', 'Frozen Pie', 'Treadmill', 'Shower Curtain', 'Cashews']",6,Credit Card,Catherineview,Senior (65+),Summer,BOGO (Buy One Get One),Yes,Morning,56.07
2023-06-11 09:28:40,Joann Anderson,"['Candles', 'Scissors', 'Capri Pants', 'Canned Tuna', 'Pasta Sauce']",5,Debit Card,Port Darrenburgh,Middle-aged (50-64),Fall,Discount on Selected Items,Yes,Morning,44.95
2023-06-11 09:30:55,Jessica French,"['Aluminum Foil', 'Yoga Pants', 'Bubble Wrap']",3,Credit Card,South Christophershire,Adult (30-49),Winter,Discount on Selected Items,Yes,Morning,23.88
2023-06-11 11:26:53,Brooke Warren,"['Shaving Cream', 'Olives', 'Water Bottle', 'Nail Polish']",4,Debit Card,Haleyberg,Middle-aged (50-64),Spring,Discount on Selected Items,No,Midday,34.67
2023-06-11 11:28:29,David Brown,"['Workout Clothes', 'Frozen Garlic Bread', 'Frozen Fish Sticks', 'Bathrobe', 'Lighter Fluid', 'Ramen', 'Shower Curtain', 'Super Glue', 'Chili Powder', 'Toothbrush']",10,Credit Card,Lake Amychester,Senior (65+),Spring,Discount on Selected Items,No,Midday,102.2
2023-06-11 11:34:26,Ashley Case,"['Skirt', 'Matches', 'Handbag', 'Winter Hat', 'Water', 'Ice Cream Sandwiches', 'Frozen Bagels']",7,Mobile Payment,Charlesmouth,Senior (65+),Fall,Unknown Promotion,Yes,Midday,65.86
2023-06-11 11:41:49,Chad Banks,"['Frozen Fries', 'Pretzels', 'Stain Remover', 'Facial Tissue', 'Treadmill', 'Moving Boxes']",6,Credit Card,Hatfieldmouth,Middle-aged (50-64),Fall,BOGO (Buy One Get One),Yes,Midday,56.07
2023-06-11 12:09:27,Colleen Willis,"['Popsicles', 'Candy Bars', 'Notebook Paper', 'Bath Salts', 'Frozen Burritos', 'Paper Towels', 'Pajamas']",7,Credit Card,Gilbertville,Young Adult (20-29),Summer,Discount on Selected Items,No,Midday,65.86
2023-06-11 14:13:33,Kelsey Ford,"['Duct Tape', 'Syrup', 'Rowing Machine', 'Donuts', 'Dumbbells']",5,Mobile Payment,Port Eric,Middle-aged (50-64),Spring,Unknown Promotion,No,Midday,44.95
2023-06-11 16:02:34,Michael Haynes,"['Super Glue', 'Construction Paper', 'Blouse']",3,Credit Card,West Jennifer,Adult (30-49),Spring,Unknown Promotion,Yes,Afternoon,23.88
2023-06-11 16:37:37,Christine Burgess,"['Nail Polish', 'Moving Boxes']",2,Debit Card,Nguyenberg,Young Adult (20-29),Summer,Discount on Selected Items,No,Afternoon,14.55
2023-06-11 16:39:14,Jorge Snyder,"['Bath Salts', 'Notebooks']",2,Debit Card,Vazquezville,Senior (65+),Fall,Unknown Promotion,No,Afternoon,14.55
2023-06-11 17:53:15,Kimberly Dickerson,"['Rowing Machine', 'Bath Bombs', 'Beef', 'Almonds', 'Cashews', 'Ketchup', 'Canned Tuna', 'Canned Soup', 'Paper Plates']",9,Credit Card,South Williammouth,Middle-aged (50-64),Fall,Discount on Selected Items,No,Afternoon,90.0
2023-06-11 18:05:08,Ashlee Miller,"['Pull-up Bar', 'Shaving Cream']",2,Mobile Payment,Nancyberg,Young Adult (20-29),Fall,BOGO (Buy One Get One),Yes,Afternoon,14.55
2023-06-11 20:46:06,Jason Jones,"['Toothpaste', 'Paprika', 'Disinfectant Wipes', 'Jump Rope', 'Winter Hat', 'Wine', 'First Aid Kit', 'Band-Aids', 'Belt', 'Baking Soda']",10,Cash,Rebeccahaven,Senior (65+),Summer,Discount on Selected Items,No,Evening,102.2
2023-06-12 08:28:24,Tammy Keith,"['Shaving Cream', 'Cold Medicine', 'Tea', 'Cotton Balls', 'Frozen Pancakes', 'Energy Drinks', 'First Aid Kit', 'Jump Rope', 'Allergy Medicine']",9,Mobile Payment,West Alexanderburgh,Adult (30-49),Summer,Discount on Selected Items,Yes,Morning,90.0
2023-06-12 09:19:29,Molly Lyons,"['Pens', 'Brown Sugar', 'Markers', 'Exercise Bike']",4,Credit Card,Medinamouth,Teenager (13-19),Spring,Unknown Promotion,Yes,Morning,34.67
2023-06-12 09:45:23,Craig Ray,"['Dried Cranberries', 'Frozen Bagels', 'Bathrobe', 'Umbrella']",4,Cash,Smithshire,Adult (30-49),Winter,BOGO (Buy One Get One),No,Morning,34.67
2023-06-12 09:52:46,Kathryn Cox,"['Peanut Butter', 'Picture Frames', 'Soda', 'Shelving', 'Workout Clothes', 'Cookies']",6,Credit Card,North Sarafort,Middle-aged (50-64),Summer,Discount on Selected Items,Yes,Morning,56.07
2023-06-12 11:21:53,James Washington,"['Laptop Bag', 'Brown Sugar', 'Sweater', 'Cheese', 'Handbag', 'Nail Polish']",6,Cash,Fowlerside,Middle-aged (50-64),Summer,Unknown Promotion,Yes,Midday,56.07
2023-06-12 13:35:40,Tammy Hale,"['Sports Drinks', 'Frozen Breakfast Sandwiches', 'Coat', 'Weight Bench', 'Pasta Sauce', 'Bananas']",6,Cash,Edwardfort,Adult (30-49),Winter,Unknown Promotion,No,Midday,57.61
2023-06-12 14:30:30,Cynthia Flynn,"['Instant Noodles', 'Heels', 'Pencils', 'Gum', 'Post-it Notes']",5,Cash,Bryanthaven,Senior (65+),Fall,BOGO (Buy One Get One),Yes,Midday,44.95
2023-06-12 14:47:25,Mary Sanchez,"['Storage Bins', 'Pull-up Bar', 'Plastic Wrap', 'Tape', 'Syrup']",5,Credit Card,East Marystad,Adult (30-49),Summer,Unknown Promotion,No,Midday,44.95
2023-06-12 18:09:59,Austin Holmes,"['Chewing Gum', 'Candles']",2,Credit Card,East Ericside,Young Adult (20-29),Winter,Discount on Selected Items,No,Afternoon,14.55
2023-06-12 20:09:31,Carrie Rice,"['Beach Towel', 'Candy Bars']",2,Cash,Port James,Middle-aged (50-64),Spring,Discount on Selected Items,No,Evening,14.55
2023-06-13 06:44:54,William Lewis,"['Leggings', 'Shampoo', 'Underwear', 'Bath Mat', 'Weight Bench']",5,Cash,West Victor,Adult (30-49),Summer,BOGO (Buy One Get One),No,Morning,44.95
2023-06-13 08:13:20,Gary Woods,"['Bath Mat', 'Olive Oil', 'Duffel Bag', 'Toothpaste', 'Barbecue Sauce', 'Ramen']",6,Credit Card,Port Kevinchester,Adult (30-49),Summer,BOGO (Buy One Get One),No,Morning,57.61
2023-06-13 08:52:11,Courtney Craig,"['Paper Plates', 'Instant Noodles', 'Sunglasses', 'Yoga Mat', 'Cough Drops']",5,Debit Card,Cynthiaton,Adult (30-49),Spring,BOGO (Buy One Get One),No,Morning,44.95
2023-06-13 14:23:54,Francisco Andersen,"['Frozen Cake', 'Cough Syrup', 'Ear Muffs', 'Bug Spray', 'Peanut Butter', 'Frozen Pizza', 'Paper Plates', 'Dumbbells']",8,Mobile Payment,Rachelberg,Middle-aged (50-64),Summer,BOGO (Buy One Get One),Yes,Midday,77.1
2023-06-13 15:23:56,Jeremy Perkins,"['Baking Soda', 'Cashews', 'Gym Bag', 'Pepper', 'Index Cards', 'Paprika', 'Construction Paper', 'Sports Drinks', 'Toothbrush', 'Crayons', 'Razors']",11,Debit Card,Timothyburgh,Adult (30-49),Fall,Unknown Promotion,No,Midday,115.89
2023-06-13 15:30:19,Haley Smith,"['Luggage', 'Hairbrush', 'Almonds']",3,Mobile Payment,West Marisa,Middle-aged (50-64),Spring,BOGO (Buy One Get One),No,Midday,23.88
2023-06-13 15:49:01,Jeremy Howard,"['Frozen Dinners', 'Snack Cakes', 'Goggles']",3,Debit Card,South Laura,Young Adult (20-29),Fall,Discount on Selected Items,Yes,Midday,23.88
2023-06-13 16:37:04,Fernando Gomez,"['Pajamas', 'Laundry Detergent', 'Plastic Wrap', 'Band-Aids']",4,Mobile Payment,North Joshuastad,Adult (30-49),Summer,BOGO (Buy One Get One),No,Afternoon,34.67
2023-06-13 17:17:57,Brandon Williams,['Photo Albums'],1,Mobile Payment,Port Josephstad,Middle-aged (50-64),Summer,Unknown Promotion,Yes,Afternoon,5.14
2023-06-14 04:41:20,Joseph Klein,"['Brown Sugar', 'Pretzels', 'Rice', 'Binders']",4,Cash,Rayport,Teenager (13-19),Winter,BOGO (Buy One Get One),No,Morning,34.67
2023-06-14 06:52:21,Kari Kirk,"['Capri Pants', 'Tomato Sauce', 'Toothpaste', 'Cucumber']",4,Debit Card,Maryborough,Adult (30-49),Fall,Discount on Selected Items,No,Morning,34.67
2023-06-14 08:58:28,Brenda Knight,"['Peanuts', 'Chocolate', 'Vinegar']",3,Debit Card,South Samuel,Teenager (13-19),Fall,Discount on Selected Items,Yes,Morning,23.88
2023-06-14 10:08:43,Jonathan Campos,"['Ice Cream Bars', 'Spaghetti', 'Soy Sauce']",3,Debit Card,Melindaview,Adult (30-49),Summer,BOGO (Buy One Get One),No,Midday,23.88
2023-06-14 13:22:24,Clifford Martinez MD,"['Toilet Bowl Cleaner', 'Photo Albums', 'Elliptical', 'Garlic Powder', 'Purse', 'Rice', 'Passport Holder']",7,Credit Card,Port Christopherbury,Adult (30-49),Summer,BOGO (Buy One Get One),No,Midday,65.86
2023-06-14 14:41:32,Donna Hull,"['Razors', 'Soy Sauce', 'Towels']",3,Credit Card,Morganfurt,Young Adult (20-29),Summer,Unknown Promotion,No,Midday,23.88
2023-06-14 16:08:20,Kara Fitzpatrick,"['Sports Drinks', 'Rowing Machine', 'Shaving Cream', 'Canola Oil', 'Ice Cream', 'Paprika', 'Super Glue']",7,Debit Card,Lake Thomas,Adult (30-49),Fall,Discount on Selected Items,Yes,Afternoon,65.86
2023-06-14 17:40:33,Kevin Wilson,"['Pencils', 'Multi-Surface Cleaner', 'Frozen Fruit', 'Socks', 'Toilet Paper', 'Fabric Softener', 'Yoga Mat']",7,Credit Card,West Ricardo,Adult (30-49),Spring,Discount on Selected Items,Yes,Afternoon,65.86
2023-06-14 18:40:31,Kelly Thomas,"['Matches', 'Packing Tape', 'Mustard', 'Elliptical', 'Raisins', 'Muffins', 'Chicken']",7,Debit Card,East Christina,Teenager (13-19),Spring,Unknown Promotion,No,Afternoon,65.86
2023-06-14 21:10:16,Arthur Garcia,['Bleach'],1,Mobile Payment,East Amy,Senior (65+),Summer,Unknown Promotion,No,Evening,5.14
2023-06-14 22:07:23,Diana Foley,"['Pickles', 'Baking Powder', 'Hot Sauce', 'Aluminum Foil', 'Super Glue', 'Body Wash', 'Stamps']",7,Cash,South Anne,Young Adult (20-29),Fall,Discount on Selected Items,No,Late Night,65.86
2023-06-15 02:45:21,Paul Johnson,"['Jacket', 'Dress', 'Laundry Detergent', 'Chips', 'Shampoo', 'Canned Vegetables', 'Flour']",7,Cash,South Sandra,Middle-aged (50-64),Spring,BOGO (Buy One Get One),Yes,Early Morning,65.86
2023-06-15 04:55:34,Abigail Bradford,"['Sunscreen', 'Comb', 'Tweezers', 'Mustard', 'Frozen Chicken Nuggets']",5,Cash,North Kaylamouth,Senior (65+),Summer,Unknown Promotion,No,Morning,44.95
2023-06-15 08:13:10,Erin Adams,"['Canned Fruit', 'Messenger Bag', 'Batteries', 'Shelving', 'Light Bulbs']",5,Debit Card,West Joseph,Young Adult (20-29),Spring,BOGO (Buy One Get One),Yes,Morning,44.95
2023-06-15 09:03:14,Geoffrey Aguilar,"['Brownies', 'Sports Drinks', 'Bra', 'Protein Powder', 'Protein Bars', 'Frozen Bagels', 'Beef', 'Ice Cream', 'Tomato Sauce', 'Goggles', 'Treadmill']",11,Debit Card,Gailport,Adult (30-49),Winter,Unknown Promotion,No,Morning,115.89
2023-06-15 10:27:40,Jason Benjamin,"['Sugar', 'Razors', 'Gloves', 'Salt', 'Pants', 'Multi-Surface Cleaner', 'Jump Rope']",7,Cash,South Tinaton,Teenager (13-19),Summer,BOGO (Buy One Get One),Yes,Midday,65.86
2023-06-15 10:44:48,Joshua Hamilton,"['Coat', 'Shampoo', 'Lip Balm', 'Cashews']",4,Cash,Ruiztown,Senior (65+),Fall,BOGO (Buy One Get One),Yes,Midday,34.67
2023-06-15 11:57:30,Curtis Smith,"['T-Shirt', 'Detergent', 'Cumin']",3,Credit Card,New Brandyshire,Adult (30-49),Spring,BOGO (Buy One Get One),No,Midday,23.88
2023-06-15 13:48:14,James Barker,"['Blouse', 'Exercise Bike', 'Beer', 'Hoodie', 'Colored Pencils', 'Mouthwash', 'Coat']",7,Cash,West Jayland,Young Adult (20-29),Winter,Discount on Selected Items,Yes,Midday,65.86
2023-06-15 14:27:13,Joseph Harding,"['Weight Bench', 'Toilet Bowl Cleaner', 'Bra', 'Mustard', 'Raincoat', 'Cotton Balls', 'Almonds']",7,Debit Card,Jasonland,Adult (30-49),Summer,Discount on Selected Items,Yes,Midday,65.86
2023-06-15 15:16:20,Jason Riggs,"['Passport Holder', 'Lip Balm', 'Shampoo', 'Bikini']",4,Cash,North Kimberlyshire,Young Adult (20-29),Summer,Discount on Selected Items,No,Midday,34.67
2023-06-15 15:19:00,Christopher Lane,['Laundry Detergent'],1,Debit Card,Lake Kimberly,Senior (65+),Winter,BOGO (Buy One Get One),No,Midday,5.14
2023-06-15 17:08:47,Justin Foster,['Calculator'],1,Credit Card,Medinafurt,Young Adult (20-29),Summer,BOGO (Buy One Get One),No,Afternoon,5.14
2023-06-15 19:49:10,Teresa Guerra,"['Sunscreen', 'Treadmill', 'Lotion']",3,Credit Card,New Andrestad,Adult (30-49),Winter,BOGO (Buy One Get One),No,Evening,23.88
2023-06-15 21:04:15,Elizabeth Stanley,"['Markers', 'Flats', 'Donuts']",3,Debit Card,Angelaville,Middle-aged (50-64),Fall,Discount on Selected Items,No,Evening,23.88
2023-06-15 23:31:51,Angelica Miranda,"['Notebooks', 'Bleach', 'Yoga Mat']",3,Cash,East Crystal,Teenager (13-19),Summer,BOGO (Buy One Get One),No,Late Night,23.88
2023-06-16 08:16:48,John Miller,"['Markers', 'Tote Bag', 'Rice', 'Scarf', 'Cotton Swabs', 'Olive Oil', 'Bikini']",7,Cash,Hoganchester,Adult (30-49),Spring,Unknown Promotion,No,Morning,65.86
2023-06-16 08:21:42,Jesse Thompson,"['Bobby Pins', 'Insect Repellent', 'Frozen Bread', 'Hat']",4,Credit Card,Port Michellefort,Teenager (13-19),Summer,Discount on Selected Items,No,Morning,34.67
2023-06-16 08:39:56,Sarah Perry,['Protein Powder'],1,Debit Card,Autumnstad,Middle-aged (50-64),Spring,Discount on Selected Items,Yes,Morning,5.14
2023-06-16 11:07:08,Kristin Walker,"['Bread', 'Lighter', 'Bleach', 'Frozen Breakfast Sandwiches', 'Allergy Medicine', 'Yoga Mat']",6,Mobile Payment,West Cristina,Senior (65+),Spring,Unknown Promotion,No,Midday,57.61
2023-06-16 18:03:31,Charles Ramirez,"['Frozen Cake', 'Swim Cap', 'Dried Cranberries']",3,Mobile Payment,East Matthew,Adult (30-49),Summer,Unknown Promotion,No,Afternoon,23.88
2023-06-17 04:08:07,Melissa Meyers,"['Polo Shirt', 'Bananas', 'Instant Noodles']",3,Credit Card,New James,Senior (65+),Winter,BOGO (Buy One Get One),Yes,Morning,23.88
2023-06-17 08:00:18,Dale Phillips,['Canned Tuna'],1,Credit Card,Port Wanda,Young Adult (20-29),Fall,Unknown Promotion,No,Morning,5.14
2023-06-17 08:55:48,Sandra Rodriguez,"['Gym Towel', 'Thermometer', 'Ice Cream Bars']",3,Credit Card,Lake Megan,Adult (30-49),Spring,Unknown Promotion,Yes,Morning,23.88
2023-06-17 09:20:18,Jennifer Graves DDS,"['Index Cards', 'Bath Salts', 'Cashews', 'Lollipops', 'Rowing Machine']",5,Credit Card,Katherinestad,Middle-aged (50-64),Fall,BOGO (Buy One Get One),Yes,Morning,44.95
2023-06-17 09:54:26,Shawn Rogers,"['Bug Spray', 'Heels', 'Insect Repellent', 'Nail Polish', 'Washcloths']",5,Mobile Payment,Lake Josebury,Middle-aged (50-64),Winter,BOGO (Buy One Get One),Yes,Morning,44.95
2023-06-17 11:54:58,Amy Stephenson,"['Floss', 'Tea', 'Rug', 'Syrup']",4,Credit Card,Lake Susan,Middle-aged (50-64),Summer,Unknown Promotion,Yes,Midday,34.67
2023-06-17 12:01:25,Tiffany Pierce,"['Bath Bombs', 'Gelato', 'Bobby Pins', 'Shelving', 'Gym Bag', 'Gum']",6,Credit Card,Angelicafort,Adult (30-49),Spring,Unknown Promotion,Yes,Midday,56.07
2023-06-17 12:18:23,Chad Colon,"['Duct Tape', 'Candles', 'Donuts']",3,Debit Card,Deannaview,Young Adult (20-29),Spring,Discount on Selected Items,Yes,Midday,23.88
2023-06-17 16:27:46,Christopher Nguyen,"['Workout Clothes', 'Hair Ties', 'Milk', 'Sunglasses', 'Lotion', 'Frozen Vegetables', 'Pull-up Bar', 'Umbrella', 'Bathrobe']",9,Credit Card,East Johnburgh,Young Adult (20-29),Spring,Discount on Selected Items,Yes,Afternoon,90.0
2023-06-17 16:48:17,Michael Lee,"['Frozen Garlic Bread', 'Stamps']",2,Debit Card,New Eric,Young Adult (20-29),Winter,Unknown Promotion,Yes,Afternoon,14.55
2023-06-17 17:44:23,Taylor Reynolds,"['Sponges', 'Charcoal', 'Colored Pencils', 'Heels', 'Frozen Vegetables', 'Candles', 'Slippers', 'Detergent', 'Comb']",9,Debit Card,Rogersmouth,Adult (30-49),Spring,BOGO (Buy One Get One),No,Afternoon,90.0
2023-06-18 02:54:28,Katie Barnes,"['Protein Shakes', 'Mustard', 'Dried Cranberries', 'Frozen Garlic Bread', 'Gloves']",5,Cash,Port Scott,Adult (30-49),Spring,Unknown Promotion,No,Early Morning,44.95
2023-06-18 08:02:31,Erica Lester,"['Duffel Bag', 'Cheese', 'Winter Hat', 'Folders', 'Snack Cakes', 'Towels']",6,Credit Card,West Kimberly,Middle-aged (50-64),Fall,Discount on Selected Items,No,Morning,57.61
2023-06-18 08:16:43,Kimberly May,"['Extension Cord', 'Exercise Ball', 'Shampoo', 'Shower Curtain']",4,Credit Card,Kristopherview,Young Adult (20-29),Fall,BOGO (Buy One Get One),Yes,Morning,34.67
2023-06-18 08:27:12,Jorge Webster,['Almonds'],1,Credit Card,Lake Crystalmouth,Adult (30-49),Fall,BOGO (Buy One Get One),Yes,Morning,5.14
2023-06-18 08:29:51,Kaitlin Winters,"['Charcoal', 'Yoga Pants', 'Index Cards', 'Peanut Butter', 'Gelato', 'Pens']",6,Cash,Lake Traviston,Senior (65+),Spring,Unknown Promotion,No,Morning,57.61
2023-06-18 09:05:39,Lindsay Keller,"['Leggings', 'Sunglasses', 'Yoga Pants', 'Frozen Meatballs']",4,Credit Card,Lake Jason,Adult (30-49),Winter,Unknown Promotion,No,Morning,34.67
2023-06-18 10:32:33,Mr. Michael Jensen,"['Facial Tissue', 'Exercise Ball', 'Deodorant', 'Paper Towels', 'Toothpaste', 'Napkins']",6,Mobile Payment,Melissahaven,Teenager (13-19),Fall,Discount on Selected Items,Yes,Midday,56.07
2023-06-18 10:45:04,Erica Campbell,"['Comb', 'Mints', 'Dish Soap', 'Olive Oil']",4,Credit Card,Murphyburgh,Young Adult (20-29),Summer,BOGO (Buy One Get One),Yes,Midday,34.67
2023-06-18 10:49:02,Larry Barrett,"['Frozen Cake', 'Spaghetti', 'Batteries', 'Facial Tissue', 'Popcorn']",5,Credit Card,Robinsonland,Young Adult (20-29),Summer,Unknown Promotion,Yes,Midday,44.95
2023-06-18 11:34:13,Shannon Cherry,"['Brown Sugar', 'Bathrobe', 'Bathrobe', 'Cinnamon']",4,Cash,North Mallory,Adult (30-49),Summer,Unknown Promotion,Yes,Midday,34.67
2023-06-18 11:57:08,Keith Romero,"['Instant Noodles', 'Stain Remover', 'Eggs', 'Nail Polish', 'Blouse', 'Sneakers']",6,Mobile Payment,Jordanside,Senior (65+),Summer,BOGO (Buy One Get One),No,Midday,57.61
2023-06-18 12:15:19,Tony Davis,"['Shower Shoes', 'Notebook Paper', 'Nail Polish Remover', 'Granola Bars', 'Honey']",5,Cash,Jeanetteport,Adult (30-49),Fall,Unknown Promotion,Yes,Midday,44.95
2023-06-18 12:38:42,Stacey Figueroa,"['Frozen Fries', 'Pepper', 'Frozen Waffles', 'Chips', 'Lighter', 'Detergent', 'Dumbbells', 'Bath Mat']",8,Cash,West Nicoleport,Young Adult (20-29),Summer,Unknown Promotion,Yes,Midday,77.1
2023-06-18 13:17:38,Morgan Roberts,"['Sports Drinks', 'Instant Noodles', 'Bathrobe', 'Dish Soap', 'Iced Tea', 'Frozen Cake']",6,Cash,West Rachaelmouth,Young Adult (20-29),Spring,Discount on Selected Items,No,Midday,57.61
2023-06-18 13:19:36,Erin Evans,"['Laundry Detergent', 'Ice Cream Tubs', 'Carry-on Bag', 'Deodorant', 'Nail Polish']",5,Mobile Payment,Katelynmouth,Young Adult (20-29),Fall,BOGO (Buy One Get One),Yes,Midday,44.95
2023-06-18 13:24:20,Alan Moody,"['Folders', 'Cashews', 'Bikini', 'Sports Drinks', 'Conditioner', 'Hair Ties']",6,Credit Card,West Wendy,Young Adult (20-29),Summer,BOGO (Buy One Get One),Yes,Midday,56.07
2023-06-18 14:11:13,Ryan Thornton,"['T-Shirt', 'Notebooks', 'Paper Plates']",3,Debit Card,West David,Adult (30-49),Summer,BOGO (Buy One Get One),No,Midday,23.88
2023-06-18 19:50:39,Lee Lang,"['Protein Bars', 'Frozen Cookies', 'Soda', 'Dryer Sheets', 'Ice Cream Cones', 'Peanut Butter', 'Frozen Fruit']",7,Credit Card,South Paulshire,Adult (30-49),Summer,BOGO (Buy One Get One),Yes,Evening,65.86
2023-06-18 20:59:48,Stephanie Pierce,"['Crackers', 'Hat', 'Salt', 'Heels', 'Cookies']",5,Cash,North Lindsey,Teenager (13-19),Summer,Discount on Selected Items,No,Evening,44.95
2023-06-18 22:01:09,Amy Gomez,"['Dryer Sheets', 'Coat']",2,Mobile Payment,Lake Jamie,Teenager (13-19),Winter,Discount on Selected Items,No,Late Night,14.55
2023-06-18 23:36:04,Mrs. Megan Tapia,"['Sweatshirt', 'Olive Oil', 'Plastic Cups', 'Orange Juice', 'Shoes']",5,Credit Card,Adamton,Teenager (13-19),Winter,Unknown Promotion,No,Late Night,44.95
2023-06-19 09:45:55,Daniel Peterson,"['Nail Polish Remover', 'Salt', 'Cough Drops', 'Protein Shakes', 'Blouse', 'Nail Polish', 'Suitcase', 'Purse', 'Plastic Wrap', 'Popcorn', 'Juice']",11,Debit Card,Stewartmouth,Middle-aged (50-64),Fall,BOGO (Buy One Get One),No,Morning,115.89
2023-06-19 10:00:09,Jessica Hawkins,"['Crayons', 'Napkins', 'Bread', 'Coat', 'Trail Mix']",5,Cash,East William,Middle-aged (50-64),Summer,Discount on Selected Items,Yes,Midday,44.95
2023-06-19 12:44:11,Carol Curry,"['Pants', 'Sunglasses', 'Leggings', 'Slippers', 'Ice Cream Tubs', 'Yogurt', 'Olive Oil']",7,Debit Card,Port Robert,Senior (65+),Spring,Unknown Promotion,Yes,Midday,65.86
2023-06-19 12:55:45,Kristin White,"['Rug', 'Post-it Notes', 'Soy Sauce', 'Bananas', 'Jump Rope']",5,Credit Card,Harrisstad,Middle-aged (50-64),Winter,Unknown Promotion,No,Midday,44.95
2023-06-19 14:49:57,Sara Hill,"['Bikini', 'Heels', 'Frozen Fries', 'Thermometer']",4,Debit Card,Austinton,Middle-aged (50-64),Summer,Discount on Selected Items,Yes,Midday,34.67
2023-06-19 15:07:00,Shawn Williams,"['Stain Remover', 'Lotion', 'Elliptical', 'Lemonade', 'Orange Juice', 'Frozen Cake']",6,Mobile Payment,Aguilarborough,Adult (30-49),Winter,Discount on Selected Items,No,Midday,57.61
2023-06-19 15:24:51,Nicholas Garrison,"['Ketchup', 'Brownies', 'Belt', 'Body Wash', 'Backpack', 'Insect Repellent', 'Calculator', 'Honey']",8,Mobile Payment,Port Jennifermouth,Middle-aged (50-64),Summer,BOGO (Buy One Get One),No,Midday,77.1
2023-06-19 16:16:09,Dawn Pearson,"['Oranges', 'Salt']",2,Cash,South Robin,Adult (30-49),Spring,Discount on Selected Items,No,Afternoon,14.55
2023-06-19 16:23:05,Hayley West,['Rug'],1,Cash,Port Nicole,Middle-aged (50-64),Spring,Unknown Promotion,No,Afternoon,5.14
2023-06-19 16:41:09,Kevin Chambers,['Bra'],1,Credit Card,North Victoriabury,Young Adult (20-29),Spring,BOGO (Buy One Get One),Yes,Afternoon,5.14
2023-06-19 17:45:51,Susan Vaughn,"['Baking Powder', 'Frozen Bread']",2,Credit Card,North Angelaton,Middle-aged (50-64),Summer,BOGO (Buy One Get One),No,Afternoon,14.55
2023-06-19 18:38:43,Scott Terry,"['Cumin', 'Popsicles', 'Razors', 'Almonds', 'Tweezers', 'Paper Towels']",6,Debit Card,Port Thomasville,Adult (30-49),Fall,Unknown Promotion,No,Afternoon,57.61
2023-06-19 19:30:39,Brandon Morgan,"['Lip Balm', 'Ruler', 'Frozen Garlic Bread', 'One-Piece Swimsuit', 'Gym Towel']",5,Cash,Harrishaven,Adult (30-49),Summer,BOGO (Buy One Get One),Yes,Evening,44.95
2023-06-19 21:10:11,Donald Nguyen,"['Calculator', 'Detergent', 'Frozen Pizza', 'Body Wash', 'Scissors', 'Soap', 'Toothbrush']",7,Debit Card,North Daniel,Teenager (13-19),Summer,BOGO (Buy One Get One),No,Evening,65.86
2023-06-19 22:14:53,Jay Lewis,"['Peanut Butter', 'Canned Fruit']",2,Debit Card,South Brian,Young Adult (20-29),Fall,BOGO (Buy One Get One),No,Late Night,14.55
2023-06-20 08:35:21,Jeremy Mayer,"['Water Bottle', 'Pasta', 'Cough Drops']",3,Mobile Payment,New Ericton,Adult (30-49),Winter,BOGO (Buy One Get One),No,Morning,23.88
2023-06-20 08:45:19,Cynthia Page,"['Popcorn', 'Rowing Machine']",2,Credit Card,New Joyberg,Senior (65+),Spring,Unknown Promotion,Yes,Morning,14.55
2023-06-20 09:16:50,Dr. Alexis Johnson,"['Luggage', 'Ice Cream Cones', 'Band-Aids', 'Body Wash', 'Dried Cranberries']",5,Credit Card,Williamsville,Teenager (13-19),Summer,Discount on Selected Items,No,Morning,44.95
2023-06-20 15:20:41,William Morgan,"['Laundry Detergent', 'Tomato Sauce', 'Exercise Bike', 'Laundry Basket', 'Cereal', 'Bubble Wrap', 'Brown Sugar', 'Yoga Pants', 'Cookies', 'Sports Drinks']",10,Credit Card,Lake Patricia,Middle-aged (50-64),Fall,BOGO (Buy One Get One),No,Midday,102.2
2023-06-20 15:56:03,Michele Torres,"['Binders', 'Facial Tissue', 'Shoes', 'Yoga Mat', 'Toilet Bowl Cleaner', 'Tea']",6,Credit Card,Collinsland,Middle-aged (50-64),Summer,BOGO (Buy One Get One),No,Midday,57.61
2023-06-20 16:39:24,Ryan Rodriguez,"['Sugar', 'Olive Oil', 'Comb']",3,Cash,New Scottside,Adult (30-49),Summer,Unknown Promotion,No,Afternoon,23.88
2023-06-20 16:41:19,Christopher Rogers Jr.,"['Cream Cheese', 'Duct Tape']",2,Mobile Payment,New Heather,Middle-aged (50-64),Fall,BOGO (Buy One Get One),No,Afternoon,14.55
2023-06-20 17:49:26,Jenna Rodriguez MD,"['Sneakers', 'Colored Pencils']",2,Mobile Payment,Petersonmouth,Adult (30-49),Spring,Unknown Promotion,Yes,Afternoon,14.55
2023-06-20 20:25:48,Kevin Sandoval,"['Frozen Fruit', 'Tape', 'Frozen Cookies', 'Cough Drops', 'Pajamas', 'T-Shirt']",6,Debit Card,East Connor,Senior (65+),Winter,Unknown Promotion,No,Evening,57.61
2023-06-20 21:07:46,Amanda Gregory,"['Storage Bins', 'Towels', 'Toilet Bowl Cleaner', 'Ruler', 'Bikini', 'Sunscreen', 'Construction Paper', 'Protein Bars', 'Shaving Cream']",9,Credit Card,East Patriciamouth,Middle-aged (50-64),Fall,Discount on Selected Items,No,Evening,90.0
2023-06-20 21:20:09,Rachel Cross,"['Coffee', 'Lemonade', 'Butter']",3,Debit Card,Edwardburgh,Middle-aged (50-64),Spring,Unknown Promotion,Yes,Evening,23.88
2023-06-21 03:11:06,James Brown,"['Peanut Butter', 'Bath Bombs', 'Sneakers', 'Colored Pencils', 'Suitcase', 'Frozen Fries', 'Hairbrush']",7,Mobile Payment,Reedville,Middle-aged (50-64),Winter,Discount on Selected Items,No,Early Morning,65.86
2023-06-21 06:22:12,Sandra Vega,"['Briefcase', 'Picture Frames', 'Bagels']",3,Credit Card,Stuartton,Senior (65+),Fall,BOGO (Buy One Get One),Yes,Morning,23.88
2023-06-21 12:27:15,Barry Johnson,"['Headbands', 'Snack Cakes', 'Laundry Detergent', 'Eggs']",4,Mobile Payment,North David,Middle-aged (50-64),Spring,Discount on Selected Items,No,Midday,34.67
2023-06-21 13:24:42,Terri Ellis,"['Sneakers', 'Body Wash', 'Canned Vegetables', 'Folders', 'Ketchup']",5,Debit Card,North Elizabethland,Senior (65+),Summer,BOGO (Buy One Get One),No,Midday,44.95
2023-06-21 13:46:50,Marilyn Williams,"['Spaghetti', 'Notebooks', 'Swim Trunks', 'Protein Powder', 'Jam', 'Paper Towels']",6,Cash,Williamhaven,Young Adult (20-29),Summer,Unknown Promotion,No,Midday,57.61
2023-06-21 14:46:35,Angela Sanchez,"['Capri Pants', 'Heels', 'Energy Drinks', 'Lip Balm']",4,Cash,Laurenport,Adult (30-49),Summer,Unknown Promotion,Yes,Midday,34.67
2023-06-21 14:58:56,Ryan Collins,"['Canned Fruit', 'Water']",2,Cash,Aaronburgh,Adult (30-49),Fall,Unknown Promotion,No,Midday,14.55
2023-06-21 15:02:21,Joanne Friedman,"['Shower Curtain', 'Baking Soda', 'Polo Shirt', 'Hot Sauce']",4,Debit Card,West Shawnbury,Senior (65+),Fall,Discount on Selected Items,Yes,Midday,34.67
2023-06-21 17:23:29,Ashley Torres,"['Batteries', 'Mac and Cheese', 'Bobby Pins', 'Skirt', 'Carry-on Bag']",5,Mobile Payment,Port Thomaston,Adult (30-49),Fall,Unknown Promotion,Yes,Afternoon,44.95
2023-06-21 19:27:26,Nicole Smith,['Duffel Bag'],1,Credit Card,New James,Young Adult (20-29),Spring,Unknown Promotion,No,Evening,5.14
2023-06-21 20:18:18,Benjamin Charles,"['Butter', 'Canned Tuna', 'Nail Polish Remover', 'Socks']",4,Credit Card,Everettburgh,Middle-aged (50-64),Winter,Unknown Promotion,Yes,Evening,34.67
2023-06-21 20:56:17,Robert Morris,"['Frozen Garlic Bread', 'Kettlebells', 'Candles', 'Sorbets', 'Paper Cups', 'Soap']",6,Debit Card,Jeffreyfurt,Middle-aged (50-64),Spring,BOGO (Buy One Get One),Yes,Evening,56.07
2023-06-22 00:43:42,Christy Warren,"['Insect Repellent', 'Tote Bag', 'Donuts', 'Bath Mat', 'Jelly', 'Gloves']",6,Credit Card,North Jamesport,Adult (30-49),Fall,BOGO (Buy One Get One),Yes,Early Morning,56.07
2023-06-22 08:47:03,Joshua Ruiz,"['Vinegar', 'Colored Pencils', 'Tote Bag']",3,Cash,Connieborough,Adult (30-49),Fall,Discount on Selected Items,Yes,Morning,23.88
2023-06-22 10:24:34,Tyler Knight,"['Oranges', 'Stamps', 'Extension Cord', 'Frozen Bread']",4,Credit Card,Jeffreyfort,Middle-aged (50-64),Summer,Unknown Promotion,No,Midday,34.67
2023-06-22 10:36:04,Shelby Wallace,['Batteries'],1,Credit Card,South Meghan,Adult (30-49),Fall,BOGO (Buy One Get One),Yes,Midday,5.14
2023-06-22 13:10:57,Tracie Johnson,"['Toothpaste', 'Bath Bombs', 'Gloves', 'Brown Sugar', 'Gelato', 'Bobby Pins']",6,Cash,Port Jessica,Middle-aged (50-64),Winter,Discount on Selected Items,No,Midday,57.61
2023-06-22 15:26:07,Donald Greene,"['Luggage', 'Canola Oil', 'Barbecue Sauce', 'Coffee', 'Bobby Pins', 'Frozen Garlic Bread', 'Pretzels']",7,Cash,West Christopherstad,Teenager (13-19),Spring,Discount on Selected Items,No,Midday,65.86
2023-06-22 17:09:23,Kathy Kelley,"['Toilet Paper', 'Glass Cleaner', 'Rowing Machine']",3,Mobile Payment,South David,Middle-aged (50-64),Spring,Unknown Promotion,No,Afternoon,23.88
2023-06-22 17:24:11,Carmen Jennings MD,['Rug'],1,Debit Card,South Larryside,Adult (30-49),Winter,BOGO (Buy One Get One),No,Afternoon,5.14
2023-06-22 17:45:50,Richard Randolph,"['Frozen Vegetables', 'Super Glue', 'Shower Curtain', 'Extension Cord', 'Scissors']",5,Mobile Payment,Youngton,Young Adult (20-29),Summer,BOGO (Buy One Get One),Yes,Afternoon,44.95
2023-06-22 17:48:42,Darryl Villarreal,"['Bikini', 'Pepper', 'Yoga Mat', 'Soap']",4,Debit Card,Phillipfurt,Middle-aged (50-64),Summer,Discount on Selected Items,No,Afternoon,34.67
2023-06-22 19:46:00,Jennifer Anthony,"['Yogurt', 'Extension Cord', 'Paprika']",3,Debit Card,Moorefurt,Young Adult (20-29),Fall,Discount on Selected Items,Yes,Evening,23.88
2023-06-23 09:24:56,Victoria Smith,"['Picture Frames', 'Dryer Sheets', 'Goggles', 'Gum']",4,Mobile Payment,Brownstad,Middle-aged (50-64),Spring,BOGO (Buy One Get One),Yes,Morning,34.67
2023-06-23 11:42:05,Michael Whitaker,"['Boots', 'Deodorant', 'Sweater']",3,Credit Card,Andrewbury,Adult (30-49),Fall,Unknown Promotion,No,Midday,23.88
2023-06-23 12:05:01,Ronnie Fritz,"['First Aid Kit', 'Soap', 'Slippers', 'Sunscreen']",4,Cash,New Jacob,Middle-aged (50-64),Summer,BOGO (Buy One Get One),Yes,Midday,34.67
2023-06-23 13:19:31,Terri Harris,"['Jelly', 'Eggs', 'Pull-up Bar', 'Rug', 'Cough Syrup', 'Toothbrush']",6,Mobile Payment,Mayerfort,Adult (30-49),Summer,BOGO (Buy One Get One),Yes,Midday,56.07
2023-06-23 13:44:17,Donna Neal,"['Notebooks', 'Frozen Pizza Rolls', 'Sandals', 'Protein Powder']",4,Mobile Payment,Port Chase,Young Adult (20-29),Winter,Discount on Selected Items,No,Midday,34.67
2023-06-23 14:12:12,Crystal Webb,"['Frozen Chicken Nuggets', 'Calculator']",2,Mobile Payment,West Lindsey,Senior (65+),Summer,BOGO (Buy One Get One),No,Midday,14.55
2023-06-23 14:23:11,Melissa Jones,"['Raisins', 'Bathrobe', 'First Aid Kit', 'Flats', 'Pants', 'Ramen', 'Envelopes', 'Onion Powder', 'Almonds', 'Paper Towels']",10,Mobile Payment,Chadside,Adult (30-49),Fall,Discount on Selected Items,No,Midday,102.2
2023-06-23 14:24:32,Sharon Rivera,"['Bubble Bath', 'Tape', 'Bread', 'Exercise Bike', 'Cereal', 'Trail Mix']",6,Mobile Payment,West Johnhaven,Middle-aged (50-64),Winter,Unknown Promotion,Yes,Midday,56.07
2023-06-23 14:48:56,David Green,"['Briefcase', 'Sponges', 'Hair Ties', 'Sports Bra', 'Detergent']",5,Cash,East Bradleytown,Adult (30-49),Fall,Discount on Selected Items,No,Midday,44.95
2023-06-23 16:49:26,Charles Smith,"['Paper Towels', 'Iced Tea', 'Frozen Chicken Nuggets', 'Binders', 'Thermometer', 'Frozen Cookies']",6,Debit Card,North Jenny,Young Adult (20-29),Spring,Unknown Promotion,No,Afternoon,57.61
2023-06-23 18:37:15,Walter Mejia,"['Raincoat', 'Bathrobe', 'Purse', 'Shower Shoes', 'Lollipops', 'Paper Towels', 'Orange Juice', 'Sports Drinks']",8,Credit Card,Port Lori,Teenager (13-19),Winter,Unknown Promotion,No,Afternoon,77.1
2023-06-23 19:29:32,Mark Elliott,"['Jelly', 'Bubble Bath', 'Wallet', 'Ear Muffs', 'Dryer Sheets']",5,Mobile Payment,Smithland,Senior (65+),Spring,Unknown Promotion,Yes,Evening,44.95
2023-06-23 20:56:50,Charles Chung,['Dumbbells'],1,Mobile Payment,Allisonhaven,Young Adult (20-29),Fall,Discount on Selected Items,No,Evening,5.14
2023-06-24 01:50:56,Jennifer Perez,"['Ice Cream Sandwiches', 'Chewing Gum', 'Pepper', 'Fabric Softener', 'Mouthwash', 'Lotion']",6,Cash,Port Travisshire,Teenager (13-19),Fall,Discount on Selected Items,Yes,Early Morning,56.07
2023-06-24 07:33:06,Brian Chavez,"['Toilet Paper', 'Butter', 'Cinnamon', 'Brownies', 'Frozen Bagels', 'Bubble Bath', 'Sports Bra', 'Band-Aids', 'Yoga Mat', 'Bra', 'Polo Shirt']",11,Mobile Payment,New Edwardfort,Young Adult (20-29),Fall,Unknown Promotion,No,Morning,115.89
2023-06-24 08:33:41,Alexander Lozano,"['Dried Cranberries', 'Disinfectant Wipes', 'Plastic Wrap', 'Bobby Pins', 'Insect Repellent']",5,Debit Card,Anthonyside,Senior (65+),Winter,Discount on Selected Items,No,Morning,44.95
2023-06-24 09:10:28,Eric Smith,"['Scrubbers', 'Chocolate', 'Swim Cap', 'Backpack', 'Ice Cream', 'T-Shirt', 'Mayonnaise', 'Workout Clothes']",8,Debit Card,Teresaside,Senior (65+),Spring,BOGO (Buy One Get One),No,Morning,77.1
2023-06-24 10:35:23,Laura Shea DVM,"['Moving Boxes', 'Multi-Surface Cleaner', 'Resistance Bands', 'Duffel Bag']",4,Credit Card,Higginsbury,Adult (30-49),Summer,BOGO (Buy One Get One),No,Midday,34.67
2023-06-24 11:33:39,Charles Montgomery DDS,"['Coat', 'Swim Trunks', 'Pasta Sauce', 'Salt']",4,Credit Card,Port Laura,Young Adult (20-29),Winter,Unknown Promotion,No,Midday,34.67
2023-06-24 11:40:20,Jessica Martin,"['Bleach', 'Polo Shirt', 'Gum']",3,Cash,West Jorgeberg,Adult (30-49),Spring,Discount on Selected Items,Yes,Midday,23.88
2023-06-24 12:33:15,Anthony Griffin,"['Frozen Pizza', 'Bananas', 'Cashews']",3,Debit Card,North Patriciachester,Teenager (13-19),Spring,Unknown Promotion,Yes,Midday,23.88
2023-06-24 14:07:23,Lisa Morales,"['Binders', 'Gym Bag', 'Paper Towels', 'Paper Cups', 'Garlic Powder', 'Flashlight', 'Glue']",7,Cash,Sarahville,Adult (30-49),Spring,BOGO (Buy One Get One),Yes,Midday,65.86
2023-06-24 16:11:58,James Williams,"['Colored Pencils', 'Washcloths', 'Air Freshener', 'Barbecue Sauce', 'Frozen Vegetables', 'Flour']",6,Credit Card,Port Ana,Middle-aged (50-64),Winter,BOGO (Buy One Get One),No,Afternoon,57.61
2023-06-24 17:11:54,Sandra Burgess,"['Crayons', 'Chewing Gum', 'Storage Bins', 'Shampoo', 'Notebooks', 'Rug', 'Tank Top']",7,Credit Card,Martinview,Teenager (13-19),Fall,Discount on Selected Items,No,Afternoon,65.86
2023-06-24 18:35:49,Margaret Crane,"['Coat', 'Charcoal', 'Bread', 'Frozen Cake', 'Tote Bag']",5,Credit Card,Nathanbury,Young Adult (20-29),Winter,Discount on Selected Items,Yes,Afternoon,44.95
2023-06-24 19:46:44,Kimberly Hoffman MD,"['Chewing Gum', 'Exercise Ball', 'Rowing Machine', 'Shower Curtain', 'Pants', 'Frozen Bread', 'Shampoo']",7,Credit Card,North Debra,Middle-aged (50-64),Winter,Unknown Promotion,No,Evening,65.86
2023-06-24 22:49:19,Donna Nguyen,"['Canned Soup', 'Olive Oil', 'Bug Spray']",3,Cash,Jonesborough,Middle-aged (50-64),Summer,BOGO (Buy One Get One),No,Late Night,23.88
2023-06-25 08:06:51,Gregory Phelps,"['Iced Tea', 'Ziploc Bags', 'Bread']",3,Cash,North Jenniferbury,Young Adult (20-29),Summer,BOGO (Buy One Get One),Yes,Morning,23.88
2023-06-25 10:21:24,Lacey Mathis,"['Dryer Sheets', 'Candles', 'Sandals', 'Trash Bags', 'Passport Holder', 'Colored Pencils', 'Toilet Paper', 'Scrubbers', 'Frozen Pancakes']",9,Mobile Payment,West Catherineville,Middle-aged (50-64),Summer,Unknown Promotion,Yes,Midday,90.0
2023-06-25 10:54:49,Richard Long,['Lighter Fluid'],1,Cash,South Charlesberg,Teenager (13-19),Fall,Unknown Promotion,No,Midday,5.14
2023-06-25 11:47:02,Carolyn Hayes,"['Canola Oil', 'Pasta', 'Donuts']",3,Debit Card,Lake Kevinside,Adult (30-49),Spring,Discount on Selected Items,No,Midday,23.88
2023-06-25 13:00:28,Lisa Allison,"['Tote Bag', 'Granola Bars', 'Mustard', 'Frozen Waffles', 'Multi-Surface Cleaner', 'Sandals']",6,Cash,South Shelby,Young Adult (20-29),Winter,Discount on Selected Items,Yes,Midday,56.07
2023-06-25 14:51:02,Diamond Wilkins,"['Sports Drinks', 'Skirt', 'Olive Oil']",3,Credit Card,Stephanieborough,Young Adult (20-29),Fall,Unknown Promotion,No,Midday,23.88
2023-06-25 16:30:58,Tyler Freeman,"['Beach Towel', 'Hoodie', 'Hand Sanitizer', 'Juice', 'Backpack']",5,Cash,Cabreraville,Adult (30-49),Fall,BOGO (Buy One Get One),No,Afternoon,44.95
2023-06-25 19:17:48,Brett Bass,"['Purse', 'Wallet', 'Garlic Powder', 'Band-Aids', 'Tote Bag']",5,Mobile Payment,Scottstad,Adult (30-49),Summer,Unknown Promotion,No,Evening,44.95
2023-06-25 19:34:32,Jennifer Short,['Weight Bench'],1,Mobile Payment,South Samanthachester,Teenager (13-19),Winter,Discount on Selected Items,No,Evening,5.14
2023-06-25 21:19:14,Elizabeth Rivera,['Chewing Gum'],1,Cash,New Tanyahaven,Teenager (13-19),Summer,BOGO (Buy One Get One),Yes,Evening,5.14
2023-06-25 21:50:56,Kristen Taylor,"['Paprika', 'Multi-Surface Cleaner', 'Lollipops', 'Donuts', 'Pretzels', 'Picture Frames']",6,Debit Card,Lake Lauraport,Adult (30-49),Spring,BOGO (Buy One Get One),Yes,Evening,56.07
2023-06-25 22:51:42,Jason Jordan,"['Washcloths', 'Winter Hat', 'Band-Aids']",3,Debit Card,Lake Larry,Young Adult (20-29),Winter,Discount on Selected Items,No,Late Night,23.88
2023-06-26 08:47:55,Kristin Burns,"['Coat', 'Cookies', 'Matches', 'Frozen Chicken Nuggets']",4,Cash,Kruegerburgh,Adult (30-49),Summer,BOGO (Buy One Get One),No,Morning,34.67
2023-06-26 09:22:26,Bethany Baker,"['Wine', 'Yoga Pants', 'Band-Aids', 'Laundry Basket', 'Weight Bench', 'Tank Top', 'Ice Cream Bars', 'Ice Cream Tubs', 'Cotton Swabs', 'Hand Sanitizer']",10,Mobile Payment,Butlerfurt,Senior (65+),Spring,Unknown Promotion,No,Morning,102.2
2023-06-26 13:14:37,Laura Reed,"['Handbag', 'Sunscreen', 'Brownies', 'Frozen Garlic Bread', 'Treadmill', 'Passport Holder', 'Sponges', 'Frozen Bagels']",8,Mobile Payment,New Evanfort,Young Adult (20-29),Winter,Discount on Selected Items,Yes,Midday,77.1
2023-06-26 14:05:48,Mackenzie Hardin,"['Apples', 'Beach Towel', 'Popcorn', 'Glue', 'Dress', 'Yoga Mat', 'Brownies', 'Yogurt', 'Cough Syrup']",9,Mobile Payment,Port Jeffrey,Senior (65+),Spring,Unknown Promotion,Yes,Midday,90.0
2023-06-26 15:05:49,Nancy Phelps,"['Protein Bars', 'Super Glue', 'Bathrobe', 'Rowing Machine']",4,Mobile Payment,East Michelle,Senior (65+),Winter,BOGO (Buy One Get One),Yes,Midday,34.67
2023-06-26 15:53:49,Clinton Richardson,"['Peanuts', 'Donuts', 'Butter', 'Lotion']",4,Credit Card,North Jennifer,Adult (30-49),Summer,BOGO (Buy One Get One),Yes,Midday,34.67
2023-06-26 16:18:36,Stephen Wilson,"['Cough Syrup', 'Cold Medicine']",2,Mobile Payment,New Lindsayfurt,Adult (30-49),Winter,Discount on Selected Items,Yes,Afternoon,14.55
2023-06-26 17:31:46,Erin Peterson,"['Polo Shirt', 'Dumbbells']",2,Cash,Suzanneland,Young Adult (20-29),Winter,Unknown Promotion,Yes,Afternoon,14.55
2023-06-26 18:33:33,Elizabeth Dodson,"['Tote Bag', 'Vinegar', 'Canned Vegetables', 'Eggs']",4,Credit Card,Chavezborough,Teenager (13-19),Fall,Unknown Promotion,Yes,Afternoon,34.67
2023-06-26 18:46:13,Sarah Anderson,"['Sweatshirt', 'Sneakers', 'Sorbets', 'Yogurt', 'Frozen Pizza Rolls', 'Fabric Softener']",6,Credit Card,Burgessborough,Senior (65+),Spring,Discount on Selected Items,No,Afternoon,57.61
2023-06-26 20:57:29,David Watson,"['Calculator', 'Deodorant', 'Honey', 'Floss', 'Coffee']",5,Mobile Payment,Stantonfurt,Middle-aged (50-64),Spring,Discount on Selected Items,Yes,Evening,44.95
2023-06-26 23:08:56,Edward Kelly,"['Garlic Powder', 'Packing Tape', 'Shampoo', 'Eggs', 'Colored Pencils']",5,Debit Card,North Cindy,Adult (30-49),Spring,BOGO (Buy One Get One),Yes,Late Night,44.95
2023-06-27 01:34:05,Steven Adams,"['Hoodie', 'Floss', 'Stamps', 'Tomatoes', 'Frozen Breakfast Sandwiches', 'Hangers']",6,Mobile Payment,South Jorge,Senior (65+),Summer,Unknown Promotion,No,Early Morning,57.61
2023-06-27 06:12:33,Christopher Moore,"['Frozen Vegetables', 'Toilet Bowl Cleaner', 'Dried Cranberries', 'Sponges', 'Trail Mix']",5,Mobile Payment,Nicholasview,Senior (65+),Spring,BOGO (Buy One Get One),No,Morning,44.95
2023-06-27 06:37:09,Michael Hensley,"['Stain Remover', 'Raisins', 'Mouthwash', 'Olive Oil', 'Body Wash']",5,Credit Card,Howemouth,Senior (65+),Spring,Unknown Promotion,No,Morning,44.95
2023-06-27 09:59:27,Jennifer Wood,"['Bath Mat', 'Flip Flops', 'Pens', 'Vegetable Oil', 'Sweater']",5,Debit Card,Tammyborough,Young Adult (20-29),Winter,BOGO (Buy One Get One),No,Morning,44.95
2023-06-27 11:02:43,Philip King,"['Ruler', 'Goggles', 'Suitcase', 'Polo Shirt', 'Canola Oil']",5,Debit Card,Jasonchester,Young Adult (20-29),Winter,BOGO (Buy One Get One),No,Midday,44.95
2023-06-27 11:42:21,Tanya Norman,['Jam'],1,Debit Card,Lake Samanthashire,Teenager (13-19),Winter,Unknown Promotion,No,Midday,5.14
2023-06-27 17:55:52,Carl Edwards,"['Canned Tuna', 'Tomato Sauce', 'Facial Tissue', 'T-Shirt']",4,Credit Card,Jessicachester,Middle-aged (50-64),Fall,Discount on Selected Items,Yes,Afternoon,34.67
2023-06-27 19:16:25,William Parks,"['Lighter', 'Insect Repellent', 'Bug Spray', 'Rowing Machine', 'Flour']",5,Credit Card,North Paulton,Adult (30-49),Spring,BOGO (Buy One Get One),Yes,Evening,44.95
2023-06-27 22:58:04,Alicia Harvey,"['Paper Towels', 'Oranges']",2,Cash,Jermainechester,Young Adult (20-29),Summer,Discount on Selected Items,Yes,Late Night,14.55
2023-06-28 07:46:39,Renee Alexander,"['Ice Cream Bars', 'Pepper', 'Paper Towels', 'Exercise Ball', 'Markers', 'Candles']",6,Mobile Payment,North Stacie,Young Adult (20-29),Winter,Discount on Selected Items,Yes,Morning,56.07
2023-06-28 08:33:06,Marcus Swanson,"['Water Bottle', 'Batteries', 'Comb', 'Hat', 'Leggings', 'Foam Roller']",6,Mobile Payment,North Deborahborough,Middle-aged (50-64),Spring,Unknown Promotion,Yes,Morning,56.07
2023-06-28 11:20:07,Jeffrey Jenkins MD,"['Photo Albums', 'Hot Sauce', 'Stain Remover']",3,Cash,Smithtown,Adult (30-49),Winter,BOGO (Buy One Get One),Yes,Midday,23.88
2023-06-28 11:20:27,Laura Pierce,"['Canola Oil', 'Washcloths']",2,Mobile Payment,Robertburgh,Adult (30-49),Fall,Unknown Promotion,No,Midday,14.55
2023-06-28 11:47:55,Laura Johnson,"['Glass Cleaner', 'Cereal', 'Bleach', 'Pretzels', 'Paper Cups', 'Protein Powder', 'Winter Hat']",7,Cash,East Kimberly,Senior (65+),Spring,Discount on Selected Items,No,Midday,65.86
2023-06-28 14:19:06,Tracey Campos,"['Index Cards', 'Batteries']",2,Cash,Michaelland,Young Adult (20-29),Fall,Unknown Promotion,No,Midday,14.55
2023-06-28 14:23:56,Susan Woods,"['Underwear', 'Frozen Waffles', 'Nail Polish', 'Frozen Chicken Nuggets', 'Baking Powder', 'Allergy Medicine']",6,Cash,Thomasberg,Young Adult (20-29),Spring,Discount on Selected Items,No,Midday,57.61
2023-06-28 15:53:57,Bryan Fuller,"['Sunscreen', 'Sugar', 'Orange Juice']",3,Mobile Payment,West Jonathanberg,Senior (65+),Spring,Discount on Selected Items,No,Midday,23.88
2023-06-28 16:35:03,Andrea Wilson,"['Sweatshirt', 'Scarf', 'Washcloths', 'Cold Medicine', 'Nail Polish Remover', 'Lotion', 'Frozen Meatballs', 'Light Bulbs', 'Stamps', 'Toilet Paper', 'Shower Curtain']",11,Credit Card,Port Brandy,Middle-aged (50-64),Winter,Unknown Promotion,No,Afternoon,115.89
2023-06-28 18:42:56,Mark Rodriguez,"['Tank Top', 'Olive Oil', 'Flats', 'Raincoat', 'Treadmill', 'Almonds', 'Flashlight']",7,Cash,South Cathymouth,Adult (30-49),Fall,Discount on Selected Items,Yes,Afternoon,65.86
2023-06-28 19:01:38,Donna Murphy,"['Duffel Bag', 'Frozen Burritos']",2,Debit Card,Port Jenniferhaven,Adult (30-49),Fall,Discount on Selected Items,Yes,Evening,14.55
2023-06-28 19:04:49,Paul Fitzgerald,"['Envelopes', 'Hat', 'Energy Drinks', 'Frozen Chicken Nuggets', 'Sneakers', 'Milk']",6,Mobile Payment,Paynefort,Adult (30-49),Summer,BOGO (Buy One Get One),No,Evening,57.61
2023-06-28 19:55:56,Kirsten Gonzalez,"['Peanut Butter', 'Ice Cream Sandwiches', 'Mustard', 'Aluminum Foil']",4,Cash,Brandiport,Young Adult (20-29),Fall,Discount on Selected Items,No,Evening,34.67
2023-06-28 20:17:59,Lynn Tyler,"['Frozen Fish Sticks', 'Ice Cream Tubs', 'Paper Towels', 'Ice Cream Bars', 'Paper Plates', 'Packing Tape']",6,Cash,Catherinebury,Adult (30-49),Fall,BOGO (Buy One Get One),Yes,Evening,56.07
2023-06-29 06:42:14,Whitney Evans,"['Glue', 'Muffins', 'Frozen Pie', 'Iced Tea']",4,Cash,Emmaland,Middle-aged (50-64),Summer,Unknown Promotion,No,Morning,34.67
2023-06-29 11:27:35,Chris Cruz,"['Frozen Burritos', 'Brown Sugar', 'Flashlight', 'Tomatoes']",4,Credit Card,Port Jennifer,Adult (30-49),Spring,Unknown Promotion,Yes,Midday,34.67
2023-06-29 12:21:59,Ann Morales,"['Belt', 'Super Glue', 'Jam', 'Pens', 'Chocolate', 'Ketchup', 'Photo Albums', 'Slippers']",8,Mobile Payment,Davidfort,Adult (30-49),Winter,Unknown Promotion,No,Midday,77.1
2023-06-29 14:00:04,Jonathan Miller,['Heels'],1,Credit Card,Carrollville,Middle-aged (50-64),Winter,Unknown Promotion,No,Midday,5.14
2023-06-29 15:42:27,Joseph Scott,"['Frozen Breakfast Sandwiches', 'Sunglasses', 'Canned Soup', 'Plastic Wrap', 'Washcloths', 'Multi-Surface Cleaner']",6,Cash,Lake Amyport,Adult (30-49),Summer,BOGO (Buy One Get One),Yes,Midday,56.07
2023-06-29 16:19:17,Edward Taylor,"['Binders', 'Bubble Wrap', 'Headbands', 'One-Piece Swimsuit', 'Frozen Fries', 'Skirt', 'Sneakers']",7,Credit Card,Ronaldstad,Teenager (13-19),Winter,BOGO (Buy One Get One),No,Afternoon,65.86
2023-06-29 18:05:24,Brenda Smith,"['Light Bulbs', 'Extension Cord', 'Skirt', 'Workout Clothes', 'Lemonade', 'Sorbets', 'Nail Polish Remover']",7,Cash,Howardville,Middle-aged (50-64),Fall,BOGO (Buy One Get One),Yes,Afternoon,65.86
2023-06-29 18:35:20,Corey Brown,"['Soy Sauce', 'Pasta']",2,Mobile Payment,East Pattyville,Adult (30-49),Summer,BOGO (Buy One Get One),No,Afternoon,14.55
2023-06-29 18:59:00,Brian Stephenson,"['Gym Towel', 'Ice Cream', 'Dish Soap', 'Jacket', 'Shower Curtain', 'Sports Drinks', 'Envelopes', 'Bananas', 'Peanut Butter', 'Foam Roller', 'Photo Albums']",11,Credit Card,Rebeccaborough,Adult (30-49),Spring,Discount on Selected Items,No,Afternoon,115.89
2023-06-29 20:16:13,Natalie Lopez,"['Orange Juice', 'Belt', 'Underwear']",3,Mobile Payment,Lake John,Young Adult (20-29),Fall,Discount on Selected Items,Yes,Evening,23.88
2023-06-29 21:45:35,Terrance Robinson,"['Conditioner', 'Vegetable Oil', 'Plastic Utensils', 'Frozen Vegetables', 'Charcoal']",5,Credit Card,Tammybury,Adult (30-49),Spring,BOGO (Buy One Get One),No,Evening,44.95
2023-06-30 09:42:50,Ann Little,"['Resistance Bands', 'Stain Remover', 'Frozen Pizza Rolls', 'Hangers', 'Headbands', 'Plastic Wrap', 'Beer']",7,Debit Card,Burnettville,Teenager (13-19),Summer,Unknown Promotion,No,Morning,65.86
2023-06-30 09:43:33,Elizabeth Howell,"['Lighter', 'Glass Cleaner', 'Protein Bars', 'Cough Drops']",4,Cash,West Stephanie,Young Adult (20-29),Spring,Unknown Promotion,Yes,Morning,34.67
2023-06-30 09:54:54,Ethan Flores,"['Mints', 'Soy Sauce', 'Onion Powder', 'Picture Frames']",4,Credit Card,East Davidview,Adult (30-49),Spring,Unknown Promotion,Yes,Morning,34.67
2023-06-30 10:03:52,Sara Mcclure,"['Post-it Notes', 'Frozen Fries', 'Extension Cord', 'Orange Juice', 'Frozen Meatballs', 'Lighter Fluid', 'Thermometer', 'Dish Soap', 'Mac and Cheese', 'Laundry Basket']",10,Mobile Payment,Evansshire,Adult (30-49),Summer,Discount on Selected Items,Yes,Midday,102.2
2023-06-30 10:08:12,Jodi Perez,"['Bug Spray', 'Beef', 'Stain Remover', 'Laundry Basket', 'Cereal', 'Deodorant', 'Barbecue Sauce', 'Olive Oil', 'Razors']",9,Credit Card,West Amandaberg,Middle-aged (50-64),Winter,Discount on Selected Items,Yes,Midday,90.0
2023-06-30 11:18:44,Jennifer Mitchell,"['Sorbets', 'Soap', 'Paprika', 'Sponges', 'Bagels', 'Shoes', 'Ziploc Bags']",7,Debit Card,Garnerhaven,Young Adult (20-29),Fall,Discount on Selected Items,No,Midday,65.86
2023-06-30 11:42:36,Jessica Greene,"['Paprika', 'Umbrella', 'Bath Salts', 'Cashews', 'Toothpaste']",5,Cash,Lauraville,Adult (30-49),Winter,BOGO (Buy One Get One),No,Midday,44.95
2023-06-30 11:47:09,Christopher Heath,"['Bath Salts', 'Candy Bars', 'Purse', 'Shampoo', 'Bra', 'Gelato']",6,Debit Card,Port Derrickborough,Young Adult (20-29),Winter,Unknown Promotion,Yes,Midday,56.07
2023-06-30 13:36:42,Gregory Gonzalez,"['Shower Cap', 'Skirt']",2,Debit Card,Port Nicholas,Adult (30-49),Winter,Discount on Selected Items,Yes,Midday,14.55
2023-06-30 14:17:01,Derek Ryan,"['Ice Cream', 'Slippers', 'Cinnamon', 'Hand Sanitizer', 'Rowing Machine', 'Colored Pencils', 'Paper Towels', 'Index Cards', 'Salt', 'Lip Balm']",10,Debit Card,Markshire,Senior (65+),Summer,BOGO (Buy One Get One),Yes,Midday,102.2
2023-06-30 15:52:29,Lisa Jimenez,"['Matches', 'Allergy Medicine', 'Frozen Sausages', 'Cold Medicine', 'Tote Bag', 'Trash Bags', 'Band-Aids', 'Pickles']",8,Credit Card,North Jamie,Middle-aged (50-64),Fall,Unknown Promotion,No,Midday,77.1
2023-06-30 16:26:09,Rodney White,['Flip Flops'],1,Cash,Chadfort,Adult (30-49),Spring,BOGO (Buy One Get One),Yes,Afternoon,5.14
2023-06-30 17:55:44,Donna Martinez,"['Bath Salts', 'Coat']",2,Cash,Port Carolynfort,Young Adult (20-29),Summer,Unknown Promotion,Yes,Afternoon,14.55
2023-06-30 18:04:14,Louis Frank,"['Belt', 'Leggings', 'Popsicles', 'Cookies']",4,Cash,Dicksonville,Middle-aged (50-64),Fall,BOGO (Buy One Get One),No,Afternoon,34.67
2023-06-30 18:37:29,Anna Parks,"['Treadmill', 'Shelving', 'Candles', 'Yoga Pants', 'Bath Mat', 'Laundry Basket']",6,Cash,South Shawnmouth,Teenager (13-19),Fall,Discount on Selected Items,Yes,Afternoon,56.07
2023-06-30 23:39:28,Theresa Hayes,"['Purse', 'Bananas', 'Skirt', 'Raisins']",4,Cash,Port Paulborough,Adult (30-49),Fall,Discount on Selected Items,Yes,Late Night,34.67
2023-07-01 11:44:02,Melanie Wolfe,"['Construction Paper', 'Bananas', 'Water']",3,Cash,Matthewport,Young Adult (20-29),Summer,BOGO (Buy One Get One),No,Midday,23.88
2023-07-01 11:48:24,Jonathan Pratt,"['Cinnamon', 'Headbands', 'Instant Noodles']",3,Debit Card,Port Kevin,Middle-aged (50-64),Fall,Unknown Promotion,No,Midday,23.88
2023-07-01 11:58:13,Sarah Ortiz,"['Bubble Wrap', 'Cotton Balls', 'Storage Bins', 'Notebook Paper']",4,Cash,Brittanyland,Teenager (13-19),Spring,BOGO (Buy One Get One),Yes,Midday,34.67
2023-07-01 13:25:27,Michael Collins DDS,"['Calculator', 'Protein Powder', 'T-Shirt']",3,Credit Card,Port Brenda,Senior (65+),Spring,Discount on Selected Items,Yes,Midday,23.88
2023-07-01 13:57:31,Timothy Hinton,"['Tote Bag', 'Light Bulbs']",2,Mobile Payment,North Wendy,Adult (30-49),Winter,Discount on Selected Items,No,Midday,14.55
2023-07-01 17:37:54,Patricia Decker,"['Sorbets', 'Frozen Dinners', 'Cream Cheese', 'Dumbbells', 'Lotion', 'Gym Bag']",6,Debit Card,Sherryside,Adult (30-49),Winter,Unknown Promotion,Yes,Afternoon,56.07
2023-07-02 08:13:31,Dawn Davidson,"['Colored Pencils', 'Bath Bombs', 'Scarf', 'Raisins', 'Sports Bra', 'Duffel Bag', 'Frozen Cake', 'Ice Cream Cones', 'Plastic Cups', 'Vegetable Oil', 'Pencils']",11,Mobile Payment,Christianstad,Young Adult (20-29),Spring,Discount on Selected Items,No,Morning,115.89
2023-07-02 11:54:25,Christine Jensen,"['Iced Tea', 'Frozen Fries', 'Socks', 'Light Bulbs', 'Popsicles', 'Lighter Fluid', 'Ketchup']",7,Mobile Payment,Garciaview,Adult (30-49),Winter,BOGO (Buy One Get One),Yes,Midday,65.86
2023-07-02 13:32:35,Laura Baxter,"['Baking Soda', 'Hangers', 'Cinnamon', 'Mustard']",4,Credit Card,Santiagoville,Senior (65+),Winter,Discount on Selected Items,No,Midday,34.67
2023-07-02 15:26:05,Jason Deleon,"['Bathrobe', 'Sorbets', 'Sports Drinks']",3,Cash,East Desireeside,Teenager (13-19),Winter,BOGO (Buy One Get One),Yes,Midday,23.88
2023-07-02 15:37:19,Mary Davis,"['Dish Soap', 'Index Cards', 'Paper Plates', 'Cucumber']",4,Mobile Payment,Port Bettyland,Young Adult (20-29),Fall,BOGO (Buy One Get One),No,Midday,34.67
2023-07-02 17:38:57,Tiffany Snyder,"['Eggs', 'Bra', 'Nail Polish']",3,Credit Card,North Michael,Adult (30-49),Fall,Discount on Selected Items,Yes,Afternoon,23.88
2023-07-02 18:56:31,Patricia Carlson,"['Ice Cream Bars', 'Plastic Cups', 'Ice Cream', 'Dish Soap']",4,Debit Card,New Ashley,Middle-aged (50-64),Fall,BOGO (Buy One Get One),No,Afternoon,34.67
2023-07-03 05:37:49,Robert Moore,"['Cinnamon', 'Purse', 'Canola Oil', 'Olive Oil']",4,Debit Card,Port Kimberlyland,Adult (30-49),Fall,Unknown Promotion,No,Morning,34.67
2023-07-03 06:15:19,Mr. Michael Bowers,"['Soy Sauce', 'Mustard']",2,Credit Card,West Nicole,Middle-aged (50-64),Fall,Unknown Promotion,No,Morning,14.55
2023-07-03 06:41:08,Patrick Wong,"['Photo Albums', 'Umbrella', 'Frozen Fruit', 'Duffel Bag', 'Shower Shoes', 'Bread', 'Granola Bars', 'Floss', 'Thermometer', 'Moving Boxes', 'Protein Bars']",11,Debit Card,Marystad,Young Adult (20-29),Summer,Unknown Promotion,Yes,Morning,113.03
2023-07-03 08:56:47,Jose Perez MD,"['Frozen Pizza', 'Slippers', 'Toilet Bowl Cleaner']",3,Credit Card,Kennedyland,Middle-aged (50-64),Summer,Discount on Selected Items,No,Morning,23.88
2023-07-03 09:19:35,Haley Martin,"['Envelopes', 'Chicken']",2,Debit Card,East Maria,Middle-aged (50-64),Fall,Discount on Selected Items,No,Morning,14.55
2023-07-03 11:07:56,James Steele,['Bobby Pins'],1,Cash,Lake April,Teenager (13-19),Fall,Discount on Selected Items,Yes,Midday,5.14
2023-07-03 12:08:47,Jennifer Johnson,"['Frozen Fruit', 'Washcloths', 'Energy Drinks']",3,Debit Card,Port John,Adult (30-49),Spring,BOGO (Buy One Get One),No,Midday,23.88
2023-07-03 12:59:20,Dr. Anna Madden,"['Rowing Machine', 'Protein Shakes']",2,Cash,Port Breannamouth,Middle-aged (50-64),Spring,BOGO (Buy One Get One),No,Midday,14.55
2023-07-03 14:28:06,Kyle Porter,"['Tank Top', 'Yoga Mat', 'Soap', 'Notebook Paper', 'Juice', 'Index Cards', 'Paprika', 'Thermometer']",8,Cash,East Kellifort,Middle-aged (50-64),Winter,Discount on Selected Items,No,Midday,77.1
2023-07-03 15:00:07,Margaret Oconnor,"['Facial Tissue', 'Bananas', 'Bath Mat', 'Purse', 'Paper Cups', 'Spaghetti']",6,Mobile Payment,West Adrianmouth,Young Adult (20-29),Winter,Unknown Promotion,No,Midday,57.61
2023-07-03 15:23:37,Erika Larson,"['Weight Bench', 'Messenger Bag', 'Dumbbells', 'Candles', 'Onion Powder', 'Floss']",6,Debit Card,Davidton,Senior (65+),Winter,Discount on Selected Items,Yes,Midday,56.07
2023-07-03 15:31:33,Richard Stewart,"['Coat', 'Toilet Paper', 'Chicken', 'Dryer Sheets']",4,Debit Card,Benjaminport,Young Adult (20-29),Summer,Discount on Selected Items,Yes,Midday,34.67
2023-07-03 19:38:44,Melissa Robertson,"['Pajamas', 'Winter Hat', 'Gym Bag', 'Calculator', 'Messenger Bag', 'Pants', 'Gum']",7,Cash,Port Joseph,Middle-aged (50-64),Fall,BOGO (Buy One Get One),No,Evening,65.86
2023-07-03 19:59:07,Sydney Summers,"['Frozen Waffles', 'Spaghetti', 'Gym Bag', 'Plastic Utensils']",4,Cash,East Brianmouth,Young Adult (20-29),Spring,Discount on Selected Items,No,Evening,34.67
2023-07-04 04:12:21,Jessica Li,"['Razors', 'Spaghetti', 'Dish Soap', 'Cumin', 'Sports Bra', 'Soda', 'Ice Cream', 'Lemonade', 'Messenger Bag', 'Foam Roller', 'Chicken']",11,Credit Card,South Ruthbury,Young Adult (20-29),Summer,Unknown Promotion,Yes,Morning,113.03
2023-07-04 08:26:17,Steven Newton,"['Bathrobe', 'Workout Clothes', 'Cucumber', 'Jelly', 'Gum', 'Carry-on Bag']",6,Cash,New Mike,Young Adult (20-29),Winter,Discount on Selected Items,No,Morning,57.61
2023-07-04 09:34:44,Erin Clark,"['Hand Sanitizer', 'Frozen Fries', 'Protein Powder', 'Soap', 'Sports Bra']",5,Debit Card,Lake Paulborough,Adult (30-49),Spring,BOGO (Buy One Get One),Yes,Morning,44.95
2023-07-04 10:33:03,Barry Martinez,"['Cookies', 'Pants', 'Gloves', 'Almonds', 'Post-it Notes']",5,Credit Card,Lake Jill,Adult (30-49),Summer,Discount on Selected Items,No,Midday,44.95
2023-07-04 12:48:35,Krista Morrison,"['Milk', 'Beef', 'Workout Clothes']",3,Cash,New Christine,Teenager (13-19),Summer,Unknown Promotion,Yes,Midday,23.88
2023-07-04 13:56:42,Deborah Massey,"['Gloves', 'Syrup', 'Shower Shoes', 'Popsicles', 'Hand Sanitizer', 'Matches', 'Canned Soup', 'Cereal', 'Cumin', 'Instant Noodles']",10,Credit Card,Louiston,Young Adult (20-29),Winter,BOGO (Buy One Get One),No,Midday,102.2
2023-07-04 14:41:29,Monique Robertson,"['Shaving Cream', 'Tape', 'Hat', 'Ziploc Bags', 'Sunglasses', 'Boots', 'Nail Polish Remover', 'Sneakers']",8,Debit Card,Nathanmouth,Young Adult (20-29),Winter,Unknown Promotion,No,Midday,77.1
2023-07-04 17:01:25,Faith Johns,"['Frozen Bread', 'Scarf', 'Skirt', 'Tomato Sauce']",4,Debit Card,Lake Cheryl,Adult (30-49),Summer,BOGO (Buy One Get One),Yes,Afternoon,34.67
2023-07-04 17:27:12,Tyler Wolf,"['Cinnamon', 'Yoga Pants', 'Canola Oil', 'Cream Cheese']",4,Credit Card,Ruizshire,Middle-aged (50-64),Winter,BOGO (Buy One Get One),Yes,Afternoon,34.67
2023-07-04 18:18:56,Anthony Sandoval,"['Dryer Sheets', 'Soap', 'Protein Shakes', 'Frozen Pizza']",4,Cash,East Margarettown,Adult (30-49),Summer,Discount on Selected Items,Yes,Afternoon,34.67
2023-07-04 18:22:26,Deborah Frazier,"['Light Bulbs', 'Shampoo', 'Soap', 'Scrubbers', 'Calculator', 'Detergent', 'Razors', 'Brownies']",8,Cash,West David,Middle-aged (50-64),Winter,Discount on Selected Items,Yes,Afternoon,77.1
2023-07-04 19:07:00,Tina Higgins,"['Hangers', 'Markers', 'Jelly', 'Toothbrush', 'Leggings', 'Flip Flops', 'Glue', 'Stain Remover']",8,Mobile Payment,North Jenniferburgh,Adult (30-49),Fall,Unknown Promotion,Yes,Evening,77.1
2023-07-04 19:53:53,Thomas Crawford,"['Butter', 'Shelving']",2,Credit Card,Baileyberg,Young Adult (20-29),Spring,Discount on Selected Items,Yes,Evening,14.55
2023-07-04 21:26:59,Cassandra Goodwin,"['Onion Powder', 'Tank Top', 'Protein Shakes', 'Canned Tuna', 'Water Bottle', 'Jeans']",6,Credit Card,North Pamelaburgh,Adult (30-49),Spring,Unknown Promotion,Yes,Evening,56.07
2023-07-04 21:39:42,Chelsea Cannon,['Honey'],1,Cash,Bestland,Middle-aged (50-64),Spring,Unknown Promotion,No,Evening,5.14
2023-07-05 09:10:29,Jasmin Crawford,"['Photo Albums', 'Pretzels']",2,Mobile Payment,Pierceberg,Young Adult (20-29),Winter,BOGO (Buy One Get One),No,Morning,14.55
2023-07-05 11:33:04,Bonnie Boyle,"['Instant Noodles', 'Frozen Fruit', 'Mints']",3,Debit Card,Russellstad,Adult (30-49),Spring,Unknown Promotion,No,Midday,23.88
2023-07-05 15:03:55,Michael Christensen,"['Heels', 'Cream Cheese', 'Ketchup', 'Storage Bins']",4,Debit Card,Denisestad,Adult (30-49),Summer,BOGO (Buy One Get One),Yes,Midday,34.67
2023-07-05 15:29:46,Justin Wagner,"['Toilet Paper', 'Jacket']",2,Credit Card,Anaton,Middle-aged (50-64),Spring,Discount on Selected Items,Yes,Midday,14.55
2023-07-05 21:10:29,Michael Johnson,"['Protein Shakes', 'Bath Salts', 'Cough Drops', 'Carry-on Bag']",4,Credit Card,Mosleyhaven,Teenager (13-19),Winter,Unknown Promotion,No,Evening,34.67
2023-07-06 09:10:21,Julia Smith,"['Paper Cups', 'Thermometer', 'Shampoo']",3,Mobile Payment,Sherriville,Teenager (13-19),Summer,Discount on Selected Items,No,Morning,23.88
2023-07-06 10:13:03,Stephanie Franco MD,['Body Wash'],1,Credit Card,Chrisborough,Senior (65+),Summer,BOGO (Buy One Get One),No,Midday,5.14
2023-07-06 11:35:08,Gary Castro,"['Beer', 'Laundry Basket', 'Dryer Sheets', 'Dumbbells']",4,Cash,Chanmouth,Young Adult (20-29),Winter,Unknown Promotion,No,Midday,34.67
2023-07-06 12:50:11,Sara Welch,"['Charcoal', 'Bubble Bath', 'Towels']",3,Debit Card,Karlafurt,Senior (65+),Fall,BOGO (Buy One Get One),No,Midday,23.88
2023-07-06 14:15:08,Regina Nichols,"['Pajamas', 'Flats', 'Post-it Notes', 'First Aid Kit', 'Flashlight']",5,Mobile Payment,Rayfort,Adult (30-49),Spring,Discount on Selected Items,No,Midday,44.95
2023-07-06 14:28:16,Brenda Cook,"['Socks', 'One-Piece Swimsuit', 'Workout Clothes']",3,Credit Card,Port Sheila,Middle-aged (50-64),Summer,Discount on Selected Items,Yes,Midday,23.88
2023-07-06 15:43:57,Theresa Zuniga,['Pasta Sauce'],1,Credit Card,Michaelview,Young Adult (20-29),Fall,Discount on Selected Items,No,Midday,5.14
2023-07-06 18:04:44,Catherine Edwards,"['Oats', 'Cough Syrup', 'Peanuts', 'Baking Soda', 'Frozen Pizza']",5,Mobile Payment,East Mistymouth,Young Adult (20-29),Summer,Unknown Promotion,No,Afternoon,44.95
2023-07-07 07:49:42,Leah Bowers,"['Butter', 'Flats']",2,Mobile Payment,Davisview,Middle-aged (50-64),Winter,Discount on Selected Items,No,Morning,14.55
2023-07-07 09:07:11,Logan Hardy,"['Shower Cap', 'Passport Holder', 'Muffins', 'Luggage', 'Bikini', 'Foam Roller', 'Capri Pants', 'Bleach']",8,Mobile Payment,Clarkshire,Adult (30-49),Summer,BOGO (Buy One Get One),Yes,Morning,77.1
2023-07-07 09:15:01,Harry Williamson,"['Luggage', 'Oranges', 'Candles', 'Jacket', 'Cucumber', 'Charcoal']",6,Credit Card,Lake Patriciafort,Middle-aged (50-64),Summer,BOGO (Buy One Get One),Yes,Morning,56.07
2023-07-07 09:51:23,John Wiggins,['Lemonade'],1,Credit Card,East Michaelhaven,Middle-aged (50-64),Fall,Unknown Promotion,No,Morning,5.14
2023-07-07 12:41:03,Nathaniel Sanchez,"['Frozen Breakfast Sandwiches', 'Butter', 'Body Wash']",3,Cash,Blackburnchester,Adult (30-49),Winter,BOGO (Buy One Get One),Yes,Midday,23.88
2023-07-07 13:32:31,Melissa Gibson,"['Sports Drinks', 'Wine', 'Facial Tissue', 'Hair Ties', 'Frozen Chicken Nuggets', 'Plastic Utensils', 'Cotton Swabs', 'Notebook Paper', 'Trash Bags', 'Shower Shoes', 'Soda']",11,Mobile Payment,Waynemouth,Adult (30-49),Spring,Discount on Selected Items,No,Midday,115.89
2023-07-07 14:56:06,Brianna Mendoza,"['Cough Syrup', 'Nail Clippers']",2,Debit Card,Martinstad,Adult (30-49),Summer,BOGO (Buy One Get One),No,Midday,14.55
2023-07-07 15:07:27,Gabriel Martinez,"['Handbag', 'Baking Soda', 'Insect Repellent', 'Hoodie', 'Shelving', 'Soap', 'Matches', 'Ice Cream Tubs']",8,Mobile Payment,South Henry,Teenager (13-19),Spring,Discount on Selected Items,Yes,Midday,77.1
2023-07-07 15:47:21,Denise Long,"['Sports Bra', 'Hair Ties', 'Razors']",3,Credit Card,East Angelaburgh,Senior (65+),Spring,BOGO (Buy One Get One),Yes,Midday,23.88
2023-07-07 16:14:24,Sandra Gates,"['Lemonade', 'Scrubbers', 'Boots']",3,Cash,South Carlos,Middle-aged (50-64),Summer,Unknown Promotion,Yes,Afternoon,23.88
2023-07-07 16:31:40,Dr. Christina Sanchez DVM,"['Folders', 'Energy Drinks', 'Leggings', 'Umbrella']",4,Debit Card,Robertview,Young Adult (20-29),Spring,Unknown Promotion,No,Afternoon,34.67
2023-07-07 17:06:32,Kimberly Wood,"['Storage Bins', 'Slippers', 'Chili Powder']",3,Mobile Payment,West Andrea,Senior (65+),Fall,Unknown Promotion,Yes,Afternoon,23.88
2023-07-07 17:21:45,Danielle Brown,"['Cough Drops', 'Milk', 'Conditioner', 'Sports Drinks', 'Pens', 'Luggage']",6,Credit Card,New Courtneystad,Senior (65+),Fall,Discount on Selected Items,No,Afternoon,57.61
2023-07-07 18:44:01,Spencer Walker,"['Packing Tape', 'Tank Top']",2,Cash,East Sherry,Teenager (13-19),Winter,BOGO (Buy One Get One),Yes,Afternoon,14.55
2023-07-07 19:16:38,Daniel Aguirre,"['One-Piece Swimsuit', 'Jacket', 'Popcorn', 'Ziploc Bags', 'Allergy Medicine', 'Soap', 'Umbrella', 'Deodorant', 'Aluminum Foil']",9,Mobile Payment,Marcusborough,Adult (30-49),Fall,Unknown Promotion,No,Evening,90.0
2023-07-08 08:24:55,Sandra Blankenship,"['Syrup', 'Candy Bars', 'Sunscreen', 'Almonds', 'Baking Powder', 'Sweater']",6,Mobile Payment,Levytown,Young Adult (20-29),Summer,Unknown Promotion,Yes,Morning,56.07
2023-07-08 09:41:09,Daniel Kelly,"['Carry-on Bag', 'Milk', 'Floss']",3,Mobile Payment,South Jessicaburgh,Adult (30-49),Fall,Unknown Promotion,No,Morning,23.88
2023-07-08 11:20:24,Jesse Hess,"['Bagels', 'Swim Cap']",2,Cash,South Christopherborough,Senior (65+),Summer,Discount on Selected Items,No,Midday,14.55
2023-07-08 14:35:41,Vincent Jones,"['Wine', 'Canned Tuna', 'Batteries']",3,Cash,Richardton,Middle-aged (50-64),Winter,Discount on Selected Items,No,Midday,23.88
2023-07-08 16:27:30,Amanda Fuller,"['Apples', 'Snack Cakes', 'Donuts', 'Dish Soap']",4,Cash,New Nicholashaven,Adult (30-49),Spring,BOGO (Buy One Get One),No,Afternoon,34.67
2023-07-08 18:13:27,Greg Wilson,"['Toothpaste', 'Thermometer', 'Scarf', 'Socks']",4,Mobile Payment,New Kellyland,Adult (30-49),Spring,Unknown Promotion,Yes,Afternoon,34.67
2023-07-08 19:17:11,Jacob Holland,"['Tomato Sauce', 'Foam Roller', 'Yoga Pants', 'Frozen Cake', 'Canned Fruit', 'Hand Sanitizer', 'Plastic Cups', 'Notebooks', 'Pants']",9,Mobile Payment,Lake Kathleen,Senior (65+),Spring,BOGO (Buy One Get One),Yes,Evening,90.0
2023-07-08 20:44:14,Robert Reyes,"['Ice Cream Sandwiches', 'Hot Sauce', 'Hairbrush', 'Tape', 'Popcorn', 'Belt', 'Trail Mix', 'Ruler', 'Yogurt', 'Oranges']",10,Debit Card,West Ericton,Young Adult (20-29),Fall,Unknown Promotion,Yes,Evening,102.2
2023-07-08 23:06:46,Jaclyn Lewis,"['Frozen Waffles', 'Rice', 'Chips']",3,Credit Card,North Markbury,Middle-aged (50-64),Fall,Unknown Promotion,Yes,Late Night,23.88
2023-07-09 04:16:28,Scott Fields,"['Fabric Softener', 'Extension Cord', 'Deodorant', 'Laptop Bag']",4,Mobile Payment,Mitchellstad,Adult (30-49),Fall,Unknown Promotion,Yes,Morning,34.67
2023-07-09 09:53:44,Christopher Hall,"['Chewing Gum', 'Razors', 'Bra', 'Extension Cord', 'Sugar', 'Coffee']",6,Credit Card,Millerburgh,Adult (30-49),Winter,Unknown Promotion,Yes,Morning,56.07
2023-07-09 11:14:13,Denise Ramirez,"['Popcorn', 'Messenger Bag', 'Stamps', 'Tea', 'Towels', 'Frozen Fruit', 'Yogurt', 'Cookies', 'Cotton Balls']",9,Mobile Payment,Lake Susan,Young Adult (20-29),Spring,Discount on Selected Items,Yes,Midday,90.0
2023-07-09 11:31:57,Matthew Long,"['Shorts', 'Hat', 'Deodorant', 'Ramen', 'Trash Bags']",5,Cash,New Karen,Senior (65+),Winter,Unknown Promotion,No,Midday,44.95
2023-07-09 14:05:22,Jennifer Walker,"['Light Bulbs', 'Bikini', 'Juice']",3,Credit Card,Annechester,Young Adult (20-29),Spring,Discount on Selected Items,Yes,Midday,23.88
2023-07-09 14:06:50,Andrew Martinez,"['Pull-up Bar', 'Jacket', 'Slippers', 'Canned Soup', 'Packing Tape', 'Stamps']",6,Credit Card,Donovanstad,Adult (30-49),Fall,Unknown Promotion,Yes,Midday,56.07
2023-07-09 15:15:42,Jennifer Butler,"['Notebook Paper', 'Shower Shoes', 'Honey']",3,Credit Card,Port Joshua,Middle-aged (50-64),Spring,Unknown Promotion,No,Midday,23.88
2023-07-09 17:31:35,Emily Taylor,"['Lip Balm', 'Disinfectant Wipes', 'Muffins', 'Coat', 'Bananas', 'Notebooks', 'Shelving', 'Chips', 'Packing Tape', 'Tote Bag', 'Jump Rope', 'Socks']",12,Credit Card,Lake Brian,Adult (30-49),Spring,Unknown Promotion,No,Afternoon,124.9
2023-07-09 18:30:40,Mr. David Ferguson,"['Vinegar', 'Sponges', 'Lighter', 'Beach Towel', 'Sweatshirt', 'Yogurt', 'Canned Tuna', 'Dried Cranberries', 'Glass Cleaner']",9,Cash,Richardsonton,Young Adult (20-29),Summer,Discount on Selected Items,No,Afternoon,90.0
2023-07-09 18:37:46,Toni Collins,"['Bathrobe', 'Tomatoes', 'Bubble Wrap', 'Leggings', 'Sugar', 'Jacket', 'Disinfectant Wipes']",7,Credit Card,Williamburgh,Middle-aged (50-64),Summer,Discount on Selected Items,No,Afternoon,65.86
2023-07-10 09:01:25,Ian Sandoval,['Flour'],1,Cash,Danaside,Adult (30-49),Spring,BOGO (Buy One Get One),Yes,Morning,5.14
2023-07-10 09:36:16,John Washington,"['Flour', 'Ketchup', 'Trail Mix', 'Dryer Sheets']",4,Credit Card,Ashleymouth,Middle-aged (50-64),Summer,Discount on Selected Items,No,Morning,34.67
2023-07-10 10:32:28,Frank Ryan,"['Slippers', 'Canned Vegetables', 'Crackers', 'Lollipops', 'Pain Relievers', 'Popcorn']",6,Mobile Payment,Angelafort,Young Adult (20-29),Fall,Unknown Promotion,Yes,Midday,56.07
2023-07-10 10:51:36,Gary Jones,"['Photo Albums', 'Protein Powder', 'Cucumber', 'Cookies', 'Raincoat', 'Protein Shakes', 'Detergent', 'Lighter Fluid', 'Hand Sanitizer']",9,Credit Card,Amytown,Young Adult (20-29),Summer,Discount on Selected Items,No,Midday,90.0
2023-07-10 11:25:17,Tammy Rodriguez,"['Workout Clothes', 'Exercise Ball', 'Gelato', 'Pajamas', 'Moving Boxes', 'Ketchup']",6,Mobile Payment,Gomezville,Young Adult (20-29),Winter,BOGO (Buy One Get One),No,Midday,57.61
2023-07-10 13:14:32,Lindsay Johnson,"['Frozen Fruit', 'Bubble Bath', 'Blouse', 'Frozen Pizza', 'Jacket', 'Toilet Bowl Cleaner', 'Cold Medicine']",7,Mobile Payment,North Jameschester,Middle-aged (50-64),Fall,BOGO (Buy One Get One),Yes,Midday,65.86
2023-07-10 14:38:39,Dr. David Kennedy MD,"['Sweater', 'Frozen Vegetables', 'Butter', 'Cold Medicine', 'Picture Frames']",5,Debit Card,West Rickychester,Senior (65+),Spring,Unknown Promotion,Yes,Midday,44.95
2023-07-10 16:16:14,April Mendoza,"['Gym Bag', 'Rug']",2,Mobile Payment,Sanchezville,Middle-aged (50-64),Spring,BOGO (Buy One Get One),No,Afternoon,14.55
2023-07-10 16:37:26,Adam Moore,"['Jump Rope', 'Frozen Bread', 'Insect Repellent']",3,Credit Card,Timothyshire,Young Adult (20-29),Winter,Unknown Promotion,Yes,Afternoon,23.88
2023-07-10 19:06:30,Jerome Valenzuela,"['Shelving', 'Conditioner', 'Lighter Fluid', 'Mints', 'Tea', 'Calculator', 'Plastic Wrap', 'Fabric Softener', 'Shampoo', 'Pickles']",10,Debit Card,Davisborough,Adult (30-49),Spring,Unknown Promotion,Yes,Evening,102.2
2023-07-10 19:35:02,Michelle Medina,"['Syrup', 'Frozen Waffles', 'Sports Drinks', 'Extension Cord', 'Deodorant']",5,Debit Card,West Nicole,Middle-aged (50-64),Fall,BOGO (Buy One Get One),No,Evening,44.95
2023-07-10 19:59:16,Brandon Anderson,['Napkins'],1,Cash,North Debraburgh,Adult (30-49),Fall,Unknown Promotion,No,Evening,5.14
2023-07-11 05:18:25,Lori Chavez,"['Belt', 'Band-Aids', 'Slippers', 'Bubble Wrap', 'Paper Towels', 'Charcoal', 'Light Bulbs']",7,Cash,Patrickfurt,Young Adult (20-29),Fall,Discount on Selected Items,Yes,Morning,65.86
2023-07-11 06:40:14,Robert Nelson,"['Shampoo', 'Water', 'Trail Mix', 'Post-it Notes', 'Shelving', 'Toothbrush', 'Crayons', 'Disinfectant Wipes', 'Raincoat']",9,Credit Card,Jenniferport,Young Adult (20-29),Winter,Discount on Selected Items,No,Morning,90.0
2023-07-11 08:03:32,Gregory Brown,"['Gloves', 'Body Wash', 'Glass Cleaner', 'Bagels', 'Exercise Ball', 'Messenger Bag', 'Barbecue Sauce']",7,Cash,Lake Sheila,Adult (30-49),Summer,Unknown Promotion,No,Morning,65.86
2023-07-11 12:15:38,Robert Guerrero,"['Jeans', 'Beef', 'Bug Spray', 'Sunglasses', 'Protein Shakes', 'Jacket', 'Yogurt', 'Hat']",8,Credit Card,Deanberg,Young Adult (20-29),Spring,Unknown Promotion,No,Midday,77.1
2023-07-11 12:51:03,Emily Jimenez,"['Exercise Bike', 'Aluminum Foil', 'Jeans', 'Frozen Fish Sticks', 'Trail Mix']",5,Cash,Amyfurt,Young Adult (20-29),Summer,Unknown Promotion,Yes,Midday,44.95
2023-07-11 13:55:39,Alexis Stanley,"['Hoodie', 'Sorbets', 'Belt', 'Tweezers', 'Ramen']",5,Debit Card,North David,Young Adult (20-29),Spring,Unknown Promotion,Yes,Midday,44.95
2023-07-11 16:31:21,Michael Dalton,"['Muffins', 'Ramen', 'Beer', 'Rowing Machine', 'Sweatshirt']",5,Mobile Payment,East Dawnburgh,Adult (30-49),Winter,Unknown Promotion,No,Afternoon,44.95
2023-07-11 16:50:56,Jamie Owen,['Canned Fruit'],1,Mobile Payment,Wangfort,Young Adult (20-29),Spring,Unknown Promotion,Yes,Afternoon,5.14
2023-07-11 17:06:15,Gary Reynolds,"['Trash Bags', 'Eggs', 'Pasta', 'Apples', 'Bath Bombs']",5,Mobile Payment,Harpermouth,Adult (30-49),Spring,Unknown Promotion,No,Afternoon,44.95
2023-07-11 17:44:13,Kelly Reed,"['Blouse', 'Light Bulbs', 'Frozen Waffles', 'Workout Clothes', 'Batteries', 'Cereal', 'Mints', 'Ramen', 'Sunscreen', 'Index Cards', 'Bananas', 'Sponges']",12,Debit Card,Parkmouth,Adult (30-49),Winter,BOGO (Buy One Get One),Yes,Afternoon,124.9
2023-07-11 19:09:24,Keith Vance,"['Sunglasses', 'Stain Remover', 'Jacket', 'Toilet Paper', 'Plastic Utensils', 'Salt', 'Razors', 'Dryer Sheets', 'Gym Towel']",9,Debit Card,Nicholsshire,Senior (65+),Summer,Unknown Promotion,No,Evening,90.0
2023-07-11 19:15:39,Anna Leach,"['Duffel Bag', 'Candy Bars', 'Cotton Balls', 'Nail Polish', 'Purse', 'Beef', 'Frozen Vegetables']",7,Debit Card,Port James,Young Adult (20-29),Summer,Discount on Selected Items,No,Evening,65.86
2023-07-11 22:42:35,Mary Cooper,['Canned Vegetables'],1,Cash,Johnsonberg,Adult (30-49),Summer,BOGO (Buy One Get One),No,Late Night,5.14
2023-07-12 08:41:18,Kayla Jones,"['Tank Top', 'Band-Aids', 'Hairbrush', 'Bubble Bath', 'Granola Bars', 'Hoodie']",6,Cash,Port Cindyhaven,Teenager (13-19),Winter,Discount on Selected Items,No,Morning,57.61
2023-07-12 08:48:46,Edward Collins,"['Shelving', 'Sneakers', 'Beef', 'Iced Tea', 'Lotion', 'Baking Soda', 'Slippers', 'Ice Cream']",8,Debit Card,Lake Tanya,Adult (30-49),Fall,Discount on Selected Items,No,Morning,77.1
2023-07-12 10:28:24,Beverly Conley,"['Ice Cream', 'Frozen Fish Sticks', 'Toothbrush']",3,Credit Card,East Danaton,Senior (65+),Spring,Unknown Promotion,No,Midday,23.88
2023-07-12 11:41:14,Eugene Peters,"['Binders', 'Gloves', 'Batteries', 'Hair Ties', 'Lip Balm', 'Wallet', 'Washcloths', 'Salt', 'Treadmill']",9,Credit Card,Georgeland,Senior (65+),Fall,Unknown Promotion,No,Midday,90.0
2023-07-12 12:46:38,Laurie Simmons,"['Envelopes', 'Instant Noodles', 'Cotton Swabs', 'Popsicles']",4,Cash,New Joseph,Young Adult (20-29),Spring,Discount on Selected Items,No,Midday,34.67
2023-07-12 14:47:20,Kevin Williams,"['Mayonnaise', 'Bath Bombs', 'Oats', 'Ice Cream', 'Chicken']",5,Credit Card,Hernandezmouth,Young Adult (20-29),Winter,BOGO (Buy One Get One),Yes,Midday,44.95
2023-07-12 15:37:06,Jeffrey Robles,"['Ice Cream Tubs', 'Suitcase', 'Sunscreen', 'Flashlight', 'Shaving Cream', 'Markers', 'Charcoal', 'Pencils', 'Milk', 'Dryer Sheets']",10,Mobile Payment,Margaretport,Young Adult (20-29),Fall,Discount on Selected Items,No,Midday,102.2
2023-07-12 17:10:38,Ryan Harris,"['Toilet Paper', 'Nail Clippers', 'Post-it Notes', 'Exercise Ball', 'Shelving', 'Flip Flops', 'Tweezers']",7,Mobile Payment,New Jonathan,Adult (30-49),Spring,Unknown Promotion,Yes,Afternoon,65.86
2023-07-12 17:19:35,Carl Moss,"['Frozen Waffles', 'Ruler', 'Cream Cheese', 'Ice Cream Sandwiches']",4,Cash,West Joshuaburgh,Adult (30-49),Winter,Discount on Selected Items,No,Afternoon,34.67
2023-07-12 17:55:27,Mike Camacho,['Sugar'],1,Cash,Adamsfurt,Young Adult (20-29),Spring,Discount on Selected Items,Yes,Afternoon,5.14
2023-07-12 18:02:36,John Brown,"['Cotton Swabs', 'Tote Bag', 'Rice']",3,Mobile Payment,Toddbury,Adult (30-49),Summer,Unknown Promotion,Yes,Afternoon,23.88
2023-07-12 18:26:17,Edward Myers,"['Napkins', 'Granola Bars', 'Bathrobe', 'Cough Syrup', 'Gym Bag']",5,Debit Card,Johnside,Adult (30-49),Winter,Unknown Promotion,Yes,Afternoon,44.95
2023-07-12 20:56:49,Joseph Martinez,"['Oranges', 'Soy Sauce', 'Brown Sugar', 'Nail Clippers', 'Boots', 'Bikini']",6,Credit Card,North Danielshire,Adult (30-49),Summer,BOGO (Buy One Get One),No,Evening,57.61
2023-07-12 21:32:44,Michael Wallace,"['Frozen Cookies', 'Socks', 'Winter Hat', 'Baking Powder']",4,Debit Card,West Kimberlyshire,Young Adult (20-29),Winter,Unknown Promotion,No,Evening,34.67
2023-07-12 23:14:19,Anthony Nelson,"['Cucumber', 'Toothbrush', 'Calculator', 'Plastic Cups']",4,Cash,New Danny,Young Adult (20-29),Fall,BOGO (Buy One Get One),No,Late Night,34.67
2023-07-13 00:44:57,William Jones,"['Tape', 'Paper Towels', 'Shoes', 'Aluminum Foil', 'Olive Oil']",5,Mobile Payment,West Jessicaberg,Young Adult (20-29),Winter,Discount on Selected Items,No,Early Morning,44.95
2023-07-13 06:02:05,Garrett Ross,"['Sponges', 'Dryer Sheets', 'Insect Repellent', 'Frozen Pie', 'Candy Bars', 'Toothbrush', 'Frozen Fruit', 'Canned Vegetables', 'Butter']",9,Mobile Payment,New Douglas,Middle-aged (50-64),Fall,Discount on Selected Items,No,Morning,90.0
2023-07-13 08:13:14,John Daniels,"['Index Cards', 'Ziploc Bags', 'Ice Cream Sandwiches', 'Glue', 'Raincoat', 'Notebooks', 'Butter']",7,Credit Card,Amyfurt,Young Adult (20-29),Fall,Discount on Selected Items,Yes,Morning,65.86
2023-07-13 08:25:28,Christopher Hart PhD,"['Frozen Burritos', 'Apples', 'Frozen Cookies', 'Hat']",4,Credit Card,East Geraldborough,Middle-aged (50-64),Fall,Unknown Promotion,No,Morning,34.67
2023-07-13 09:51:53,Kim Macdonald,"['Mints', 'Glue', 'Moving Boxes', 'Bleach']",4,Mobile Payment,Christensenmouth,Adult (30-49),Fall,Discount on Selected Items,Yes,Morning,34.67
2023-07-13 11:39:28,Stephen Mason,"['Spaghetti', 'Photo Albums', 'Nail Polish Remover']",3,Mobile Payment,North Christopher,Teenager (13-19),Summer,Discount on Selected Items,Yes,Midday,23.88
2023-07-13 11:42:40,Jason Buchanan,"['Messenger Bag', 'First Aid Kit', 'Lotion']",3,Credit Card,New Maria,Young Adult (20-29),Fall,Unknown Promotion,No,Midday,23.88
2023-07-13 12:57:23,Adrian Wilson,"['Soap', 'Shaving Cream', 'Nail Polish', 'Packing Tape']",4,Credit Card,East Jenniferberg,Middle-aged (50-64),Spring,Discount on Selected Items,Yes,Midday,34.67
2023-07-13 14:13:09,Austin Mayer,"['Cotton Swabs', 'Winter Hat', 'Rug', 'Toilet Paper', 'Apples', 'Tweezers', 'Dried Cranberries', 'Pain Relievers']",8,Credit Card,South Ashleytown,Adult (30-49),Fall,Unknown Promotion,No,Midday,77.1
2023-07-13 15:23:45,Terry Bird,"['Light Bulbs', 'Cotton Balls', 'Syrup', 'Pull-up Bar']",4,Credit Card,Maddenstad,Young Adult (20-29),Winter,Discount on Selected Items,No,Midday,34.67
2023-07-13 15:43:41,Walter Garcia,"['Paper Cups', 'Ear Muffs', 'Energy Drinks', 'Butter', 'Socks', 'Packing Tape']",6,Cash,Jonesburgh,Teenager (13-19),Spring,Discount on Selected Items,No,Midday,57.61
2023-07-13 17:10:29,Jennifer Alexander,"['Granola Bars', 'Disinfectant Wipes', 'Protein Bars']",3,Cash,Kyliemouth,Middle-aged (50-64),Winter,BOGO (Buy One Get One),No,Afternoon,23.88
2023-07-13 17:28:04,Joseph Norman,"['Cold Medicine', 'Peanut Butter', 'Trail Mix', 'Muffins', 'Cheese']",5,Cash,Reneebury,Middle-aged (50-64),Winter,Unknown Promotion,Yes,Afternoon,44.95
2023-07-13 17:57:16,Nathaniel White,"['Frozen Sausages', 'Tomatoes', 'Trash Bags', 'Rowing Machine']",4,Mobile Payment,Rogerston,Middle-aged (50-64),Fall,Unknown Promotion,No,Afternoon,34.67
2023-07-13 18:37:21,Michelle Hernandez,"['Sports Bra', 'Frozen Sausages', 'Super Glue', 'Bug Spray', 'Blouse', 'One-Piece Swimsuit']",6,Mobile Payment,Port Tyler,Teenager (13-19),Summer,Unknown Promotion,Yes,Afternoon,56.07
2023-07-13 21:29:49,Daniel Everett,"['Light Bulbs', 'Olives', 'Nail Clippers']",3,Cash,Harperland,Teenager (13-19),Spring,BOGO (Buy One Get One),Yes,Evening,23.88
2023-07-13 21:52:07,Angela Marks,"['Sponges', 'Paprika', 'Cream Cheese', 'Elliptical', 'Flats', 'Mayonnaise']",6,Debit Card,Lake Christine,Senior (65+),Summer,Discount on Selected Items,No,Evening,57.61
2023-07-14 06:48:16,Claudia Jensen,"['Cotton Balls', 'Canola Oil', 'Frozen Cake', 'Garlic Powder']",4,Credit Card,Berryborough,Young Adult (20-29),Spring,Discount on Selected Items,No,Morning,34.67
2023-07-14 08:51:54,Kevin Stokes,"['Winter Hat', 'Beach Towel', 'Plastic Utensils', 'Lollipops', 'Plastic Cups', 'Rowing Machine']",6,Credit Card,East Jorge,Adult (30-49),Fall,BOGO (Buy One Get One),No,Morning,57.61
2023-07-14 09:09:15,Christina Morgan,"['Multi-Surface Cleaner', 'Cookies', 'Cashews', 'Paper Plates', 'Purse']",5,Debit Card,Christopherstad,Adult (30-49),Spring,BOGO (Buy One Get One),Yes,Morning,44.95
2023-07-14 10:34:37,Kimberly Kelley,"['Jump Rope', 'Handbag', 'Extension Cord', 'Cream Cheese']",4,Debit Card,West Rachel,Middle-aged (50-64),Spring,BOGO (Buy One Get One),No,Midday,34.67
2023-07-14 10:54:32,Michael Wheeler,"['Dress', 'Shower Shoes', 'Ketchup', 'Baking Powder']",4,Debit Card,Nealville,Young Adult (20-29),Winter,BOGO (Buy One Get One),Yes,Midday,34.67
2023-07-14 10:57:54,Susan Fitzgerald,"['Yoga Pants', 'Frozen Fries']",2,Mobile Payment,South Derekmouth,Young Adult (20-29),Fall,Unknown Promotion,Yes,Midday,14.55
2023-07-14 11:34:10,Latoya Rose,"['Pretzels', 'First Aid Kit', 'Honey', 'Markers', 'Lighter']",5,Credit Card,New Leah,Adult (30-49),Summer,BOGO (Buy One Get One),No,Midday,44.95
2023-07-14 12:40:09,Krystal Walker DDS,"['Cheese', 'Chili Powder', 'Donuts', 'Notebooks']",4,Credit Card,West Elizabeth,Adult (30-49),Summer,Discount on Selected Items,No,Midday,34.67
2023-07-14 13:39:54,Paul Williams,"['Cold Medicine', 'Oranges', 'Charcoal', 'Pants']",4,Debit Card,Larsenmouth,Adult (30-49),Winter,Discount on Selected Items,No,Midday,34.67
2023-07-14 14:16:39,William Ward,"['Lemonade', 'Frozen Cookies', 'Cinnamon', 'Hat', 'Gym Towel']",5,Credit Card,West Garychester,Adult (30-49),Spring,BOGO (Buy One Get One),No,Midday,44.95
2023-07-14 15:33:30,Elizabeth Blackwell,"['Cold Medicine', 'Donuts', 'Detergent', 'Soap', 'Frozen Fish Sticks']",5,Debit Card,New Mark,Senior (65+),Fall,BOGO (Buy One Get One),Yes,Midday,44.95
2023-07-14 17:04:22,Patricia Cole,"['Trail Mix', 'Notebook Paper']",2,Cash,Port Joannhaven,Adult (30-49),Spring,BOGO (Buy One Get One),Yes,Afternoon,14.55
2023-07-14 20:26:06,Jennifer Everett,"['Baking Soda', 'Frozen Pizza Rolls']",2,Cash,Fitzgeraldville,Teenager (13-19),Spring,Unknown Promotion,Yes,Evening,14.55
2023-07-15 04:45:48,Mary Garcia,"['Bleach', 'Markers', 'Frozen Bread']",3,Credit Card,Smithstad,Young Adult (20-29),Fall,Discount on Selected Items,No,Morning,23.88
2023-07-15 07:10:07,Roberto Solis,['Shower Shoes'],1,Credit Card,Lake Chelsea,Middle-aged (50-64),Summer,BOGO (Buy One Get One),Yes,Morning,5.14
2023-07-15 09:28:38,Sergio York,"['Lip Balm', 'Baking Soda']",2,Cash,Bryanside,Teenager (13-19),Fall,BOGO (Buy One Get One),No,Morning,14.55
2023-07-15 09:36:07,Shannon Thomas,"['Frozen Cookies', 'Polo Shirt', 'Paprika', 'Storage Bins']",4,Debit Card,Suarezstad,Adult (30-49),Summer,BOGO (Buy One Get One),No,Morning,34.67
2023-07-15 10:57:08,Eric White,"['Cashews', 'Slippers', 'Napkins', 'Extension Cord']",4,Cash,East Christina,Middle-aged (50-64),Fall,Unknown Promotion,No,Midday,34.67
2023-07-15 11:11:10,Mr. Christopher Hughes DDS,['Crackers'],1,Cash,North Roberttown,Middle-aged (50-64),Fall,Discount on Selected Items,Yes,Midday,5.14
2023-07-15 12:09:11,Antonio Taylor,"['Brownies', 'Exercise Bike', 'Olives', 'Sweater', 'Mac and Cheese', 'Dish Soap', 'Peanuts', 'Batteries']",8,Credit Card,Lake Markshire,Adult (30-49),Summer,BOGO (Buy One Get One),No,Midday,77.1
2023-07-15 12:13:24,Jason Parker,['Canned Vegetables'],1,Cash,Jamesside,Middle-aged (50-64),Winter,BOGO (Buy One Get One),Yes,Midday,5.14
2023-07-15 12:16:51,Alexander Williams,"['Leggings', 'Ketchup', 'Sports Drinks', 'Syrup', 'Cinnamon', 'Raincoat']",6,Credit Card,Port Tommybury,Adult (30-49),Spring,Unknown Promotion,Yes,Midday,56.07
2023-07-15 17:40:46,Joseph Collins,"['Binders', 'Notebooks', 'Exercise Ball', 'Leggings', 'Cucumber', 'Laundry Detergent', 'Bathrobe', 'Glass Cleaner', 'Frozen Fries', 'Tweezers']",10,Cash,South Morganfort,Adult (30-49),Summer,BOGO (Buy One Get One),Yes,Afternoon,102.2
2023-07-15 18:03:50,Grant Jackson,"['Slippers', 'Elliptical', 'Jacket', 'Flats']",4,Mobile Payment,Curtisburgh,Adult (30-49),Winter,Discount on Selected Items,No,Afternoon,34.67
2023-07-15 20:36:42,Michael Wade,"['Canned Vegetables', 'Goggles', 'Chocolate', 'Frozen Breakfast Sandwiches', 'Peanuts', 'Shower Curtain', 'Heels', 'Ketchup', 'Frozen Fries', 'Messenger Bag', 'Frozen Fish Sticks']",11,Mobile Payment,New Bethtown,Teenager (13-19),Summer,Discount on Selected Items,Yes,Evening,113.03
2023-07-15 23:34:23,Caitlyn Clark,"['Band-Aids', 'Baking Powder', 'Olive Oil', 'Capri Pants', 'Cucumber', 'Lollipops', 'Raincoat', 'Tomato Sauce', 'Brown Sugar', 'Calculator']",10,Debit Card,Maryport,Adult (30-49),Summer,Discount on Selected Items,Yes,Late Night,102.2
2023-07-16 07:04:54,Michelle Martinez,['Nail Clippers'],1,Credit Card,Carlymouth,Adult (30-49),Summer,Discount on Selected Items,No,Morning,5.14
2023-07-16 08:35:42,David Brown,"['Duffel Bag', 'Stamps', 'Soda']",3,Credit Card,West Ericstad,Teenager (13-19),Winter,Unknown Promotion,No,Morning,23.88
2023-07-16 09:41:53,Robert Powell,"['Soy Sauce', 'Toothpaste', 'Laundry Detergent', 'Flour', 'Foam Roller', 'Bathrobe', 'Sunscreen', 'Boots', 'Nail Polish', 'Gym Towel', 'Ice Cream Tubs']",11,Debit Card,Walshshire,Middle-aged (50-64),Spring,BOGO (Buy One Get One),No,Morning,115.89
2023-07-16 10:53:24,Anthony Young,"['Detergent', 'Donuts', 'Workout Clothes', 'Water Bottle', 'Foam Roller', 'Tomatoes']",6,Debit Card,New Christina,Adult (30-49),Winter,BOGO (Buy One Get One),Yes,Midday,56.07
2023-07-16 11:35:19,Brenda Sutton,"['Headbands', 'Popsicles', 'Carry-on Bag']",3,Cash,West Jasmineshire,Young Adult (20-29),Summer,BOGO (Buy One Get One),No,Midday,23.88
2023-07-16 11:39:08,Charles Jones,"['Lemonade', 'Hand Sanitizer', 'Chips', 'Milk']",4,Debit Card,New David,Young Adult (20-29),Summer,Unknown Promotion,No,Midday,34.67
2023-07-16 13:40:54,Angel Garcia,"['Granola Bars', 'Toilet Bowl Cleaner', 'Bobby Pins', 'Ice Cream Sandwiches', 'Weight Bench', 'Dried Cranberries', 'Gym Bag']",7,Mobile Payment,East Maxwell,Adult (30-49),Winter,Discount on Selected Items,No,Midday,65.86
2023-07-16 13:47:20,Kayla Evans,"['Cinnamon', 'Bath Salts', 'Chips', 'Hangers', 'Matches', 'Trail Mix', 'Super Glue']",7,Cash,Perezfurt,Senior (65+),Fall,Unknown Promotion,No,Midday,65.86
2023-07-16 14:53:50,Rachel Clark,"['Frozen Pie', 'Paper Plates', 'Frozen Fruit', 'Bananas', 'Hat', 'Batteries', 'Suitcase', 'Ice Cream Tubs', 'Brownies']",9,Debit Card,North Andrew,Teenager (13-19),Fall,Unknown Promotion,Yes,Midday,90.0
2023-07-16 15:55:38,Brittany Norman,"['Notebook Paper', 'Frozen Fries', 'Bath Mat', 'Frozen Sausages']",4,Debit Card,North Chad,Adult (30-49),Fall,BOGO (Buy One Get One),No,Midday,34.67
2023-07-16 16:03:38,Veronica Fowler,"['Packing Tape', 'Batteries', 'Calculator', 'Trail Mix', 'Matches', 'Floss']",6,Mobile Payment,North Crystalberg,Adult (30-49),Winter,BOGO (Buy One Get One),Yes,Afternoon,56.07
2023-07-16 16:04:22,Robert Simmons,"['Packing Tape', 'Flats', 'Frozen Fruit', 'Notebooks', 'One-Piece Swimsuit']",5,Cash,Ethanfort,Adult (30-49),Fall,BOGO (Buy One Get One),Yes,Afternoon,44.95
2023-07-16 16:15:38,David Jenkins,"['Razors', 'Leggings', 'Rice', 'Vegetable Oil']",4,Cash,Lake Brianport,Middle-aged (50-64),Fall,BOGO (Buy One Get One),Yes,Afternoon,34.67
2023-07-16 17:14:25,Christopher Ruiz,"['Soda', 'T-Shirt', 'Photo Albums']",3,Debit Card,Peterborough,Middle-aged (50-64),Spring,Discount on Selected Items,Yes,Afternoon,23.88
2023-07-16 18:38:50,Marcus Morris,"['Thermometer', 'Frozen Sausages', 'Extension Cord', 'Donuts', 'Dryer Sheets', 'Cereal']",6,Mobile Payment,Adamhaven,Middle-aged (50-64),Fall,Unknown Promotion,No,Afternoon,57.61
2023-07-17 08:56:41,Marc Goodman,"['Nail Polish Remover', 'Extension Cord', 'Butter', 'Washcloths']",4,Cash,North Austinland,Adult (30-49),Summer,BOGO (Buy One Get One),No,Morning,34.67
2023-07-17 09:24:29,Joshua Davis,"['Gym Towel', 'Cheese', 'Milk', 'Plastic Cups']",4,Credit Card,Sanchezbury,Young Adult (20-29),Winter,Unknown Promotion,No,Morning,34.67
2023-07-17 10:51:41,Gabriel Thomas,"['Post-it Notes', 'Protein Bars']",2,Mobile Payment,East Corey,Young Adult (20-29),Fall,BOGO (Buy One Get One),Yes,Midday,14.55
2023-07-17 11:52:16,Tyler Richardson,"['Tape', 'Batteries', 'Cookies', 'Pickles']",4,Mobile Payment,Lake Carlosfurt,Adult (30-49),Summer,BOGO (Buy One Get One),Yes,Midday,34.67
2023-07-17 12:13:50,Elizabeth Blackburn,"['Cookies', 'Hoodie', 'Sneakers', 'Cashews', 'Orange Juice']",5,Mobile Payment,North Nicoleland,Young Adult (20-29),Winter,Discount on Selected Items,Yes,Midday,44.95
2023-07-17 12:53:29,Joshua Wilson,"['Granola Bars', 'Snack Cakes', 'Peanuts', 'Protein Bars', 'Garlic Powder', 'Markers']",6,Cash,South Michael,Teenager (13-19),Fall,Discount on Selected Items,Yes,Midday,56.07
2023-07-17 13:55:01,Heather Wilson,['Scrubbers'],1,Credit Card,New Teresaport,Young Adult (20-29),Winter,Discount on Selected Items,Yes,Midday,5.14
2023-07-17 15:13:30,Dr. John Williams,['Frozen Meatballs'],1,Mobile Payment,North Elizabethshire,Young Adult (20-29),Spring,BOGO (Buy One Get One),Yes,Midday,5.14
2023-07-17 16:37:04,Emily Clark,"['Cookies', 'Tote Bag', 'Post-it Notes', 'Frozen Pizza Rolls']",4,Mobile Payment,Maryfurt,Adult (30-49),Fall,Unknown Promotion,Yes,Afternoon,34.67
2023-07-17 20:34:19,Hector Ortiz,"['Jelly', 'Belt', 'Gum', 'Crackers']",4,Credit Card,New David,Middle-aged (50-64),Summer,BOGO (Buy One Get One),No,Evening,34.67
2023-07-18 00:59:54,Adam Hill,"['Brown Sugar', 'Garlic Powder', 'Sorbets', 'Bath Bombs', 'Olive Oil', 'Frozen Pie', 'Deodorant', 'Backpack']",8,Mobile Payment,New Michaelberg,Adult (30-49),Winter,Discount on Selected Items,No,Early Morning,77.1
2023-07-18 06:20:39,Denise Haley DVM,"['Bobby Pins', 'Underwear', 'Pasta Sauce', 'Tomatoes', 'Blouse', 'Chicken', 'Sneakers', 'Allergy Medicine']",8,Credit Card,South Jessicaport,Adult (30-49),Spring,Discount on Selected Items,No,Morning,77.1
2023-07-18 07:19:24,Nancy King,"['Jam', 'Flour', 'Cough Drops']",3,Cash,Gonzalezburgh,Middle-aged (50-64),Winter,Unknown Promotion,Yes,Morning,23.88
2023-07-18 08:03:17,Frederick White,"['Onion Powder', 'Frozen Pizza', 'Toilet Paper', 'Jelly', 'Allergy Medicine', 'Plastic Utensils', 'Candles', 'Chocolate', 'Cream Cheese', 'Mac and Cheese', 'Exercise Bike']",11,Mobile Payment,Colonbury,Adult (30-49),Winter,Discount on Selected Items,Yes,Morning,113.03
2023-07-18 08:19:03,Jennifer Stephens,"['Handbag', 'Lighter Fluid', 'Hand Sanitizer', 'Multi-Surface Cleaner', 'Foam Roller', 'Hangers', 'Treadmill']",7,Mobile Payment,Kirstenside,Adult (30-49),Fall,BOGO (Buy One Get One),Yes,Morning,65.86
2023-07-18 09:08:41,Angela Moreno,"['Bagels', 'Canola Oil', 'Markers', 'Foam Roller', 'Plastic Wrap']",5,Mobile Payment,North Randall,Adult (30-49),Fall,Discount on Selected Items,Yes,Morning,44.95
2023-07-18 09:57:55,Christy Mills,"['Shower Curtain', 'Sports Drinks', 'Instant Noodles', 'Sponges', 'Cough Syrup']",5,Debit Card,Sandraland,Young Adult (20-29),Spring,Unknown Promotion,No,Morning,44.95
2023-07-18 11:45:12,William Howard,"['Charcoal', 'Ice Cream', 'Bath Salts', 'Insect Repellent', 'Sneakers', 'Shorts']",6,Debit Card,Michaelchester,Senior (65+),Winter,Discount on Selected Items,Yes,Midday,56.07
2023-07-18 13:05:16,Nicholas Byrd,"['Trail Mix', 'Charcoal', 'Cough Drops', 'Pull-up Bar', 'Binders', 'Photo Albums']",6,Credit Card,West Brittanyshire,Middle-aged (50-64),Summer,Unknown Promotion,No,Midday,57.61
2023-07-18 13:34:14,Anthony Sandoval,"['Swim Cap', 'Capri Pants', 'Leggings', 'Yoga Mat', 'Ketchup', 'Shorts']",6,Credit Card,New Amy,Senior (65+),Spring,BOGO (Buy One Get One),No,Midday,57.61
2023-07-18 14:16:13,Brandon Foley,"['Tweezers', 'Candy Bars']",2,Mobile Payment,Wongborough,Adult (30-49),Fall,Discount on Selected Items,Yes,Midday,14.55
2023-07-18 15:30:54,Tiffany Fischer,['Energy Drinks'],1,Debit Card,Moonmouth,Young Adult (20-29),Winter,BOGO (Buy One Get One),No,Midday,5.14
2023-07-18 19:27:14,Jordan Rowland,"['Workout Clothes', 'Slippers', 'Beer', 'Protein Powder', 'Index Cards']",5,Cash,Rebeccamouth,Adult (30-49),Winter,BOGO (Buy One Get One),No,Evening,44.95
2023-07-19 02:02:37,Kelly Barajas,"['Laundry Basket', 'Bubble Bath', 'Toothpaste']",3,Debit Card,Emilyberg,Adult (30-49),Summer,Discount on Selected Items,Yes,Early Morning,23.88
2023-07-19 06:01:04,Veronica Arroyo,"['Skirt', 'Frozen Pie', 'Salt', 'Markers', 'Cream Cheese', 'Tomato Sauce', 'Ear Muffs', 'Extension Cord', 'Tank Top']",9,Mobile Payment,Carlosbury,Senior (65+),Spring,BOGO (Buy One Get One),No,Morning,90.0
2023-07-19 07:51:21,Sherry Richards,"['Nail Clippers', 'Trail Mix', 'Frozen Fries', 'Scarf', 'Frozen Fish Sticks', 'Paper Cups', 'Flour', 'Exercise Ball', 'Butter', 'Socks', 'Mouthwash']",11,Debit Card,West Jeremy,Senior (65+),Summer,Unknown Promotion,No,Morning,115.89
2023-07-19 08:33:20,Lisa Brown,"['Bubble Bath', 'Frozen Bread']",2,Debit Card,Jeremiahhaven,Senior (65+),Fall,Discount on Selected Items,Yes,Morning,14.55
2023-07-19 12:42:50,Elijah Griffin,"['Shower Cap', 'Yoga Mat', 'Pickles', 'Sugar', 'Brownies', 'Frozen Fish Sticks', 'Messenger Bag', 'Protein Shakes']",8,Credit Card,North Justinchester,Young Adult (20-29),Summer,BOGO (Buy One Get One),Yes,Midday,77.1
2023-07-19 14:52:52,Richard Maldonado,"['Milk', 'Capri Pants', 'Soap', 'Batteries', 'Crackers']",5,Cash,Shannonhaven,Adult (30-49),Spring,Unknown Promotion,Yes,Midday,44.95
2023-07-19 15:59:00,Stephanie Edwards,['Hairbrush'],1,Mobile Payment,Brittneyburgh,Adult (30-49),Fall,BOGO (Buy One Get One),Yes,Midday,5.14
2023-07-19 16:52:55,Jacob Russell,"['Lighter Fluid', 'Canned Vegetables', 'Frozen Pizza Rolls', 'Sunscreen', 'Purse', 'Shower Cap']",6,Cash,Port Derrickborough,Adult (30-49),Winter,BOGO (Buy One Get One),Yes,Afternoon,56.07
2023-07-19 17:26:03,Nichole Herrera,"['Tank Top', 'Frozen Garlic Bread']",2,Debit Card,Jenniferburgh,Young Adult (20-29),Fall,BOGO (Buy One Get One),No,Afternoon,14.55
2023-07-19 17:44:21,Edwin Maldonado,"['Allergy Medicine', 'Rug', 'Towels', 'Hand Sanitizer', 'Frozen Pizza']",5,Cash,Newmanmouth,Adult (30-49),Winter,Unknown Promotion,Yes,Afternoon,44.95
2023-07-19 17:50:27,Jeffrey Fowler,"['Weight Bench', 'Tote Bag', 'Handbag']",3,Credit Card,Georgetown,Middle-aged (50-64),Fall,Discount on Selected Items,Yes,Afternoon,23.88
2023-07-19 18:25:51,Donna Lutz,"['Cinnamon', 'Pain Relievers', 'Lollipops', 'Sponges', 'Vinegar', 'Bagels', 'Soy Sauce', 'Soda']",8,Mobile Payment,Port Davidhaven,Adult (30-49),Fall,Discount on Selected Items,Yes,Afternoon,77.1
2023-07-19 18:32:17,Tonya Booker,"['Washcloths', 'Swim Cap', 'Shower Cap', 'Notebook Paper', 'Pepper', 'Protein Bars']",6,Credit Card,Chelseaside,Young Adult (20-29),Spring,Unknown Promotion,No,Afternoon,57.61
2023-07-19 18:41:02,Elizabeth Ryan,"['T-Shirt', 'Jam', 'Pens', 'Candles', 'Moving Boxes', 'Suitcase']",6,Mobile Payment,North Jamestown,Middle-aged (50-64),Fall,BOGO (Buy One Get One),Yes,Afternoon,56.07
2023-07-19 19:16:29,Jordan Fisher,"['Tape', 'Frozen Cookies', 'Baking Soda', 'Granola Bars', 'Paper Towels']",5,Mobile Payment,East Darin,Adult (30-49),Spring,Discount on Selected Items,No,Evening,44.95
2023-07-19 19:27:08,Eric Turner,"['Cheese', 'Trail Mix', 'Bread', 'Water', 'Peanuts', 'Hoodie', 'Underwear', 'Workout Clothes']",8,Cash,Reedmouth,Adult (30-49),Fall,Unknown Promotion,No,Evening,77.1
2023-07-19 19:41:15,Joseph Taylor,"['Muffins', 'Gum', 'Binders', 'Chili Powder', 'Cream Cheese']",5,Cash,Lake Veronica,Adult (30-49),Summer,Unknown Promotion,No,Evening,44.95
2023-07-19 19:55:54,Emily Hoffman,"['Frozen Meatballs', 'Belt']",2,Cash,Matthewtown,Teenager (13-19),Spring,Unknown Promotion,Yes,Evening,14.55
2023-07-19 20:00:14,Casey Martin,"['Multi-Surface Cleaner', 'Capri Pants', 'Thermometer', 'Mayonnaise', 'Hangers', 'Mac and Cheese', 'Workout Clothes']",7,Mobile Payment,Port Mistyton,Young Adult (20-29),Spring,Unknown Promotion,Yes,Evening,65.86
2023-07-19 20:07:23,Patrick Pittman,"['Donuts', 'Bath Mat', 'Juice', 'Cream Cheese']",4,Credit Card,Samanthahaven,Adult (30-49),Summer,Unknown Promotion,Yes,Evening,34.67
2023-07-19 21:53:05,Austin Brown,"['Dress', 'Hand Sanitizer', 'Blouse', 'Markers', 'Mac and Cheese', 'Bathrobe', 'Sneakers', 'Nail Clippers']",8,Cash,Guzmanland,Middle-aged (50-64),Spring,Discount on Selected Items,Yes,Evening,77.1
2023-07-19 23:02:36,Brittany Cooper,"['Washcloths', 'Winter Hat', 'Raisins', 'Frozen Garlic Bread']",4,Mobile Payment,Lake Rachelfurt,Middle-aged (50-64),Spring,Discount on Selected Items,No,Late Night,34.67
2023-07-20 00:16:20,Taylor Powell,"['Batteries', 'Bleach', 'Chicken']",3,Debit Card,Wellsland,Adult (30-49),Summer,Discount on Selected Items,Yes,Early Morning,23.88
2023-07-20 06:01:31,Timothy Garcia,"['Paper Towels', 'Packing Tape', 'Crackers', 'Scrubbers', 'Frozen Garlic Bread', 'Frozen Fries']",6,Mobile Payment,West Mark,Adult (30-49),Spring,BOGO (Buy One Get One),Yes,Morning,56.07
2023-07-20 09:42:22,David Orozco,"['Spaghetti', 'Mayonnaise', 'Protein Shakes', 'Bug Spray', 'Lighter Fluid', 'Air Freshener', 'Umbrella', 'Canola Oil', 'Cough Syrup']",9,Debit Card,Shannonborough,Senior (65+),Summer,BOGO (Buy One Get One),Yes,Morning,90.0
2023-07-20 11:07:25,Jason Carlson,"['Jacket', 'Capri Pants', 'Cucumber', 'Tote Bag', 'Trail Mix']",5,Cash,Dukeborough,Young Adult (20-29),Winter,Discount on Selected Items,No,Midday,44.95
2023-07-20 12:19:45,Jonathan Chambers,"['Ziploc Bags', 'Chocolate', 'Pencils', 'Socks', 'Paper Towels', 'Tank Top']",6,Debit Card,Bryantstad,Adult (30-49),Summer,BOGO (Buy One Get One),No,Midday,57.61
2023-07-20 12:33:45,Megan Guzman,"['Nail Polish', 'Canola Oil']",2,Mobile Payment,Port Javier,Adult (30-49),Spring,Unknown Promotion,No,Midday,14.55
2023-07-20 15:25:39,William Gregory,"['Coffee', 'Sunscreen', 'Cough Drops', 'Gum', 'Storage Bins', 'Dress', 'Onion Powder', 'Crackers']",8,Credit Card,West Dana,Adult (30-49),Fall,Discount on Selected Items,Yes,Midday,77.1
2023-07-20 15:51:38,John Smith,"['Pain Relievers', 'Slippers', 'Pasta Sauce', 'Milk']",4,Credit Card,West Ronald,Adult (30-49),Summer,BOGO (Buy One Get One),No,Midday,34.67
2023-07-21 06:42:01,Kristen Edwards,"['Pajamas', 'Super Glue']",2,Debit Card,New Victorhaven,Adult (30-49),Spring,Unknown Promotion,No,Morning,14.55
2023-07-21 09:32:26,Cynthia Williams,['Notebooks'],1,Credit Card,Bowmanside,Teenager (13-19),Summer,BOGO (Buy One Get One),Yes,Morning,5.14
2023-07-21 12:29:54,Steven Good,"['Trash Bags', 'Briefcase', 'Skirt', 'Milk', 'Pencils', 'Ziploc Bags', 'Handbag', 'Notebook Paper', 'Shelving', 'Bikini', 'Mints']",11,Cash,Thompsonville,Young Adult (20-29),Fall,BOGO (Buy One Get One),No,Midday,115.89
2023-07-21 17:56:51,Mrs. Jennifer Hernandez,"['Disinfectant Wipes', 'Lollipops', 'Colored Pencils', 'Insect Repellent', 'Ice Cream Bars', 'Water', 'Frozen Bread', 'Hot Sauce', 'Towels', 'Hangers', 'Soda']",11,Cash,East Trevor,Adult (30-49),Winter,Unknown Promotion,Yes,Afternoon,113.03
2023-07-21 20:27:51,Alexa Williams,"['Popsicles', 'Cucumber', 'Comb', 'Frozen Bagels']",4,Debit Card,West Ronaldchester,Senior (65+),Spring,Discount on Selected Items,No,Evening,34.67
2023-07-22 06:50:21,Karen Young,"['Baking Powder', 'Peanut Butter', 'Wine', 'Instant Noodles', 'Sunscreen', 'Jelly', 'Storage Bins']",7,Credit Card,Bradleybury,Adult (30-49),Fall,Unknown Promotion,No,Morning,65.86
2023-07-22 07:40:47,Douglas Peterson,"['Tape', 'Shoes', 'Frozen Burritos', 'Exercise Ball', 'Facial Tissue']",5,Mobile Payment,Samanthaview,Teenager (13-19),Winter,Discount on Selected Items,Yes,Morning,44.95
2023-07-22 08:53:31,Jennifer Baker,"['Protein Bars', 'Pretzels', 'Photo Albums']",3,Debit Card,North Josebury,Adult (30-49),Summer,BOGO (Buy One Get One),Yes,Morning,23.88
2023-07-22 10:06:12,Rachel Jackson,"['Deodorant', 'Hot Sauce', 'Bananas', 'Chewing Gum', 'Yoga Mat']",5,Mobile Payment,North Christopher,Adult (30-49),Winter,Unknown Promotion,No,Midday,44.95
2023-07-22 10:33:33,Erica Garner,"['Resistance Bands', 'Milk', 'Ziploc Bags', 'Cheese']",4,Cash,West Emilyfort,Adult (30-49),Spring,Discount on Selected Items,Yes,Midday,34.67
2023-07-22 11:22:16,Bobby Johnson,"['Sandals', 'Lip Balm', 'Tomato Sauce', 'Hair Ties']",4,Mobile Payment,East David,Young Adult (20-29),Fall,Unknown Promotion,Yes,Midday,34.67
2023-07-22 12:42:47,Brooke Moreno,"['Exercise Bike', 'Socks', 'Briefcase']",3,Mobile Payment,Lovehaven,Young Adult (20-29),Summer,Discount on Selected Items,Yes,Midday,23.88
2023-07-22 12:43:23,Ariel Gonzalez,"['Belt', 'Dumbbells']",2,Mobile Payment,Kellybury,Adult (30-49),Fall,BOGO (Buy One Get One),Yes,Midday,14.55
2023-07-22 14:02:23,Andrew Moon,"['Ramen', 'Bra', 'Facial Tissue', 'Mayonnaise']",4,Credit Card,Port Kelly,Young Adult (20-29),Summer,Discount on Selected Items,Yes,Midday,34.67
2023-07-22 15:28:38,Bonnie Haynes,"['Notebooks', 'Colored Pencils', 'Hand Sanitizer']",3,Mobile Payment,Bryanville,Adult (30-49),Winter,Unknown Promotion,No,Midday,23.88
2023-07-22 16:40:21,Brandon Perry,"['Floss', 'Scrubbers', 'Pepper']",3,Credit Card,East Autumn,Adult (30-49),Spring,BOGO (Buy One Get One),Yes,Afternoon,23.88
2023-07-22 16:51:38,Richard Hudson,"['Nail Polish', 'Cookies', 'Tea', 'Canned Tuna']",4,Mobile Payment,Miguelfort,Young Adult (20-29),Spring,Discount on Selected Items,Yes,Afternoon,34.67
2023-07-22 18:46:22,Patricia Lopez,"['Dress', 'Workout Clothes', 'Body Wash', 'Shaving Cream']",4,Cash,Estradahaven,Teenager (13-19),Winter,Unknown Promotion,No,Afternoon,34.67
2023-07-22 19:47:13,Karen Cooper,"['Treadmill', 'Mustard', 'Ketchup']",3,Cash,Matthewfurt,Senior (65+),Winter,Discount on Selected Items,No,Evening,23.88
2023-07-22 20:42:22,Troy Montoya,"['Peanut Butter', 'Underwear', 'Air Freshener', 'Washcloths']",4,Cash,East Sierraland,Middle-aged (50-64),Summer,BOGO (Buy One Get One),No,Evening,34.67
2023-07-22 20:52:01,Megan Matthews,"['Cookies', 'Bra', 'Bread', 'Candy Bars', 'Frozen Vegetables']",5,Mobile Payment,Tanyabury,Middle-aged (50-64),Spring,Unknown Promotion,Yes,Evening,44.95
2023-07-23 06:50:19,Daniel Mahoney,"['Garlic Powder', 'Milk']",2,Debit Card,Williamschester,Senior (65+),Spring,Unknown Promotion,Yes,Morning,14.55
2023-07-23 08:39:57,Wayne Madden,"['Skirt', 'Purse', 'Calculator', 'Frozen Pizza']",4,Mobile Payment,North Melanie,Adult (30-49),Winter,Unknown Promotion,No,Morning,34.67
2023-07-23 08:51:54,Michael Stanley DDS,"['Construction Paper', 'Sunglasses']",2,Mobile Payment,Hullshire,Middle-aged (50-64),Fall,Discount on Selected Items,No,Morning,14.55
2023-07-23 09:01:16,Natalie Parrish,['Frozen Chicken Nuggets'],1,Mobile Payment,East Dustinfort,Adult (30-49),Summer,BOGO (Buy One Get One),No,Morning,5.14
2023-07-23 09:56:29,Lindsay Simmons,"['Band-Aids', 'Lighter Fluid', 'Beef']",3,Cash,Mariaton,Young Adult (20-29),Winter,Discount on Selected Items,No,Morning,23.88
2023-07-23 10:26:16,Michael Smith,"['Apples', 'Light Bulbs', 'Belt']",3,Cash,West Teresa,Adult (30-49),Spring,Unknown Promotion,No,Midday,23.88
2023-07-23 10:50:12,John Kent,"['Purse', 'Packing Tape', 'Allergy Medicine']",3,Mobile Payment,North Jamesborough,Young Adult (20-29),Summer,BOGO (Buy One Get One),Yes,Midday,23.88
2023-07-23 11:56:44,Anthony Acosta,"['Nail Polish', 'Cold Medicine', 'Glue', 'Facial Tissue']",4,Debit Card,New Anitafort,Senior (65+),Fall,Discount on Selected Items,Yes,Midday,34.67
2023-07-23 13:00:17,Joanna Thompson,"['Beef', 'Protein Bars', 'Soap', 'Bath Salts', 'Umbrella']",5,Debit Card,Stoutmouth,Middle-aged (50-64),Summer,Unknown Promotion,Yes,Midday,44.95
2023-07-23 13:09:53,John Black,"['Treadmill', 'Butter']",2,Mobile Payment,New Angelaville,Middle-aged (50-64),Fall,Unknown Promotion,Yes,Midday,14.55
2023-07-23 15:21:39,Marissa Schneider,"['Shaving Cream', 'Spaghetti', 'Heels', 'Multi-Surface Cleaner']",4,Cash,Mendozahaven,Adult (30-49),Spring,BOGO (Buy One Get One),No,Midday,34.67
2023-07-23 15:29:42,Jeremiah Jackson,"['Passport Holder', 'Deodorant']",2,Debit Card,Patelfort,Adult (30-49),Winter,BOGO (Buy One Get One),Yes,Midday,14.55
2023-07-23 15:44:27,Savannah Carter,"['Packing Tape', 'Onion Powder', 'Tape']",3,Debit Card,Dannyshire,Middle-aged (50-64),Winter,Discount on Selected Items,Yes,Midday,23.88
2023-07-23 15:45:41,Danielle Boyd,"['Bobby Pins', 'Tape', 'Umbrella']",3,Mobile Payment,Craigton,Senior (65+),Winter,BOGO (Buy One Get One),No,Midday,23.88
2023-07-23 16:37:57,Travis Holland,"['Baking Powder', 'Beach Towel', 'Onion Powder']",3,Cash,East Stephenchester,Adult (30-49),Summer,BOGO (Buy One Get One),Yes,Afternoon,23.88
2023-07-23 17:03:34,Jonathan Braun,"['Olives', 'Colored Pencils']",2,Credit Card,North Sherrychester,Teenager (13-19),Winter,Unknown Promotion,Yes,Afternoon,14.55
2023-07-23 18:29:03,Robin Smith,['Frozen Fruit'],1,Debit Card,Leemouth,Middle-aged (50-64),Summer,Unknown Promotion,Yes,Afternoon,5.14
2023-07-24 03:58:38,Jesse Sanders,"['Sports Bra', 'Mouthwash', 'Jump Rope', 'Protein Shakes', 'Bagels']",5,Debit Card,Port Marymouth,Teenager (13-19),Summer,Unknown Promotion,No,Early Morning,44.95
2023-07-24 04:17:09,Erin Gomez,"['Frozen Vegetables', 'Boots', 'Paper Towels', 'Nail Polish']",4,Mobile Payment,Lake Lori,Young Adult (20-29),Winter,Unknown Promotion,Yes,Morning,34.67
2023-07-24 06:52:51,Patricia Dunn,"['Ketchup', 'Toothbrush', 'Sunscreen', 'Rug']",4,Cash,Brownland,Young Adult (20-29),Summer,BOGO (Buy One Get One),No,Morning,34.67
2023-07-24 09:28:01,Eileen Bond,"['Frozen Sausages', 'Cotton Balls', 'Toothpaste', 'T-Shirt', 'Tape', 'Passport Holder', 'Dumbbells', 'Cinnamon', 'One-Piece Swimsuit']",9,Debit Card,Jimenezfurt,Senior (65+),Winter,Discount on Selected Items,No,Morning,90.0
2023-07-24 10:19:27,Karen Summers,"['Sugar', 'Duct Tape', 'Salt', 'Toilet Bowl Cleaner', 'Bikini', 'Scrubbers', 'Juice']",7,Mobile Payment,West Stephanieshire,Young Adult (20-29),Spring,BOGO (Buy One Get One),Yes,Midday,65.86
2023-07-24 11:04:41,Angela Marshall MD,"['Laptop Bag', 'Allergy Medicine', 'Ice Cream Cones', 'Mints', 'Rug', 'Olive Oil']",6,Debit Card,New Pamela,Middle-aged (50-64),Summer,Discount on Selected Items,Yes,Midday,56.07
2023-07-24 11:36:52,Stephanie Hernandez,"['Raisins', 'Eggs', 'Chips', 'Pasta Sauce']",4,Mobile Payment,Bishopmouth,Teenager (13-19),Summer,Discount on Selected Items,No,Midday,34.67
2023-07-24 12:07:12,Cristian Robertson,"['Cashews', 'Soy Sauce', 'Pasta Sauce', 'Plastic Wrap', 'First Aid Kit']",5,Credit Card,Mclaughlintown,Adult (30-49),Winter,BOGO (Buy One Get One),No,Midday,44.95
2023-07-24 12:24:49,Carol Martinez,"['Crayons', 'Exercise Bike']",2,Debit Card,East Jon,Adult (30-49),Winter,BOGO (Buy One Get One),Yes,Midday,14.55
2023-07-24 14:25:42,Sandra Schroeder,"['Nail Polish Remover', 'Band-Aids']",2,Debit Card,Port Andreafort,Middle-aged (50-64),Spring,Discount on Selected Items,No,Midday,14.55
2023-07-24 15:38:39,Timothy Kidd,['Exercise Bike'],1,Credit Card,Johnsonhaven,Young Adult (20-29),Winter,Discount on Selected Items,Yes,Midday,5.14
2023-07-24 18:14:29,Tyler Williams,"['Towels', 'Razors']",2,Mobile Payment,Brownmouth,Young Adult (20-29),Spring,BOGO (Buy One Get One),No,Afternoon,14.55
2023-07-24 18:32:01,Danielle Cunningham,"['Sandals', 'Swim Trunks']",2,Cash,North Vanessaville,Middle-aged (50-64),Fall,Unknown Promotion,No,Afternoon,14.55
2023-07-24 19:04:26,Brad Singh,['Shower Curtain'],1,Mobile Payment,Jessicafurt,Middle-aged (50-64),Summer,BOGO (Buy One Get One),Yes,Evening,5.14
2023-07-24 19:12:43,Sara Williams,"['Soda', 'Baking Powder', 'Suitcase', 'Jelly', 'Luggage', 'Rug', 'Passport Holder', 'One-Piece Swimsuit', 'Glass Cleaner']",9,Mobile Payment,West Gina,Middle-aged (50-64),Fall,Discount on Selected Items,Yes,Evening,90.0
2023-07-24 19:24:30,Daniel Rivera,"['Brown Sugar', 'Muffins', 'Thermometer']",3,Cash,Stephenmouth,Young Adult (20-29),Summer,BOGO (Buy One Get One),No,Evening,23.88
2023-07-24 20:32:26,Jodi Johnson,"['Passport Holder', 'Cough Syrup', 'Exercise Ball', 'Dumbbells', 'Lighter Fluid', 'Bath Mat', 'Canned Tuna', 'Bread']",8,Credit Card,West Valerie,Teenager (13-19),Fall,Unknown Promotion,Yes,Evening,77.1
2023-07-25 07:49:43,Michael Green,"['Iced Tea', 'Sorbets', 'Lighter', 'Juice', 'Jump Rope', 'Laundry Detergent', 'Cold Medicine', 'Elliptical', 'Suitcase']",9,Credit Card,North Amanda,Adult (30-49),Spring,BOGO (Buy One Get One),Yes,Morning,90.0
2023-07-25 08:00:00,Angela Clark,"['Bathrobe', 'Gym Bag', 'Oats']",3,Mobile Payment,South Lindsey,Adult (30-49),Summer,BOGO (Buy One Get One),No,Morning,23.88
2023-07-25 08:19:50,Gloria Brock MD,"['Popcorn', 'Olive Oil', 'Slippers', 'Chicken', 'Flats', 'Aluminum Foil', 'Sports Drinks', 'Disinfectant Wipes', 'Tank Top', 'Folders']",10,Credit Card,West Graceton,Young Adult (20-29),Fall,BOGO (Buy One Get One),Yes,Morning,102.2
2023-07-25 11:19:14,Andrew Griffin,"['Frozen Pizza', 'Detergent', 'Beach Towel', 'Beer']",4,Credit Card,Lewisburgh,Young Adult (20-29),Summer,BOGO (Buy One Get One),No,Midday,34.67
2023-07-25 11:42:15,Lauren Stevens,"['Bug Spray', 'Chili Powder', 'Polo Shirt', 'Dumbbells', 'Winter Hat']",5,Credit Card,Moyerland,Adult (30-49),Spring,BOGO (Buy One Get One),Yes,Midday,44.95
2023-07-25 12:59:12,Audrey Williams,"['Bathrobe', 'Sweater', 'Yoga Pants']",3,Debit Card,Port Angelaview,Adult (30-49),Spring,Unknown Promotion,No,Midday,23.88
2023-07-25 14:29:44,Leslie Campbell,"['Peanuts', 'Messenger Bag', 'Flashlight']",3,Debit Card,Lake Davidland,Adult (30-49),Fall,Discount on Selected Items,No,Midday,23.88
2023-07-25 17:41:06,John Cantu,"['Wine', 'Beach Towel', 'Allergy Medicine', 'Frozen Fish Sticks', 'Markers', 'Index Cards']",6,Cash,Port Austin,Middle-aged (50-64),Fall,Discount on Selected Items,No,Afternoon,57.61
2023-07-25 18:46:01,Matthew Murphy,"['Conditioner', 'Salt', 'Comb', 'Multi-Surface Cleaner', 'Luggage']",5,Credit Card,Timothyburgh,Teenager (13-19),Fall,Unknown Promotion,No,Afternoon,44.95
2023-07-26 10:05:00,Jennifer Hahn,"['Soda', 'Plastic Utensils', 'Laundry Basket', 'Duffel Bag', 'Jump Rope', 'Aluminum Foil', 'Workout Clothes', 'Popcorn']",8,Credit Card,Mckeeberg,Young Adult (20-29),Fall,Discount on Selected Items,Yes,Midday,77.1
2023-07-26 10:26:31,Jeremy Hernandez,"['Gym Towel', 'Frozen Bagels', 'Jam', 'Calculator']",4,Cash,Blankenshipchester,Adult (30-49),Summer,Discount on Selected Items,No,Midday,34.67
2023-07-26 10:34:36,Lindsey Parker,"['Almonds', 'Hoodie', 'Treadmill', 'Milk', 'Foam Roller', 'Briefcase', 'Lemonade', 'Pull-up Bar', 'Baking Powder']",9,Mobile Payment,North Christopher,Adult (30-49),Summer,BOGO (Buy One Get One),No,Midday,90.0
2023-07-26 10:54:30,Tracy Mullen,"['Frozen Pancakes', 'Shower Cap', 'Sports Drinks', 'Soy Sauce', 'Toothbrush', 'Cotton Swabs']",6,Mobile Payment,Port Amyshire,Middle-aged (50-64),Winter,Discount on Selected Items,Yes,Midday,56.07
2023-07-26 12:34:02,Scott Ashley,"['Goggles', 'Picture Frames', 'Deodorant', 'Protein Bars', 'Wine', 'Cereal']",6,Cash,Sierrafort,Middle-aged (50-64),Fall,BOGO (Buy One Get One),No,Midday,57.61
2023-07-26 13:07:43,Evan Joyce,"['Shelving', 'Frozen Cookies', 'Deodorant']",3,Credit Card,Hillberg,Adult (30-49),Winter,Unknown Promotion,No,Midday,23.88
2023-07-26 14:07:09,Regina Fitzpatrick,"['One-Piece Swimsuit', 'Dryer Sheets', 'Workout Clothes', 'Canned Fruit', 'Soy Sauce', 'Laundry Basket', 'Shoes']",7,Cash,Timothyborough,Middle-aged (50-64),Summer,Discount on Selected Items,No,Midday,65.86
2023-07-26 14:29:03,Bianca Patterson,"['Shower Shoes', 'Fabric Softener', 'Soy Sauce', 'Lighter Fluid']",4,Credit Card,Lake Ryanberg,Senior (65+),Fall,BOGO (Buy One Get One),No,Midday,34.67
2023-07-26 14:36:14,Craig Washington,"['Peanuts', 'Backpack', 'Chicken', 'Tweezers', 'Shoes']",5,Mobile Payment,Woodport,Teenager (13-19),Spring,Discount on Selected Items,No,Midday,44.95
2023-07-26 16:15:28,Loretta Thompson,"['Napkins', 'Blouse', 'Barbecue Sauce', 'Carry-on Bag', 'Brownies', 'Water', 'Eggs', 'Shower Curtain']",8,Debit Card,Martinshire,Middle-aged (50-64),Spring,Unknown Promotion,Yes,Afternoon,77.1
2023-07-26 18:07:27,Kimberly Powell,"['Chewing Gum', 'Paper Towels', 'Coffee', 'Popsicles', 'Gum']",5,Cash,Port Sandra,Teenager (13-19),Spring,Discount on Selected Items,No,Afternoon,44.95
2023-07-26 18:31:42,Trevor Hernandez,"['Messenger Bag', 'Sorbets']",2,Credit Card,Lake Andrew,Young Adult (20-29),Spring,BOGO (Buy One Get One),No,Afternoon,14.55
2023-07-27 07:19:08,David Randolph,"['Pencils', 'Frozen Pizza Rolls']",2,Cash,Port Jason,Adult (30-49),Winter,BOGO (Buy One Get One),No,Morning,14.55
2023-07-27 09:18:57,Carmen Park,"['Scissors', 'Cinnamon', 'Cookies']",3,Mobile Payment,North Kimberlystad,Young Adult (20-29),Winter,Discount on Selected Items,Yes,Morning,23.88
2023-07-27 12:34:59,Dennis Maldonado,"['Sponges', 'Heels', 'Hot Sauce', 'Pull-up Bar']",4,Credit Card,West Kimberlymouth,Middle-aged (50-64),Summer,Unknown Promotion,Yes,Midday,34.67
2023-07-27 13:58:46,Allen Mendoza,"['Jelly', 'Gym Bag']",2,Cash,Timothyview,Adult (30-49),Summer,Unknown Promotion,No,Midday,14.55
2023-07-27 15:03:43,Jennifer Mendoza,"['Skirt', 'Tweezers', 'Oats', 'Umbrella']",4,Credit Card,Lake Dawn,Young Adult (20-29),Summer,BOGO (Buy One Get One),Yes,Midday,34.67
2023-07-27 16:24:44,Tiffany Cox,"['Swim Trunks', 'Salt', 'Boots']",3,Credit Card,Port David,Teenager (13-19),Winter,BOGO (Buy One Get One),Yes,Afternoon,23.88
2023-07-27 16:42:45,Rhonda Foster,"['Laptop Bag', 'Colored Pencils', 'Calculator', 'Paper Towels', 'Frozen Waffles', 'Mustard', 'Bubble Wrap', 'Gelato']",8,Cash,Port Davidberg,Senior (65+),Summer,BOGO (Buy One Get One),Yes,Afternoon,77.1
2023-07-27 20:35:54,Jacqueline Martinez,"['Canned Fruit', 'Index Cards', 'Oats', 'Bagels', 'Syrup']",5,Credit Card,North Brianna,Adult (30-49),Summer,Unknown Promotion,Yes,Evening,44.95
2023-07-28 07:02:16,Daniel Patrick,"['Rice', 'Construction Paper']",2,Credit Card,Barnettburgh,Young Adult (20-29),Spring,Discount on Selected Items,Yes,Morning,14.55
2023-07-28 10:16:25,Barry Williams,"['Batteries', 'Soda', 'Gum', 'Beer', 'Pickles', 'Bagels']",6,Mobile Payment,Christopherberg,Adult (30-49),Summer,Unknown Promotion,No,Midday,57.61
2023-07-28 12:10:01,Francisco Miller,"['Swim Cap', 'Floss', 'Chocolate', 'Pajamas']",4,Cash,Evansborough,Middle-aged (50-64),Winter,BOGO (Buy One Get One),Yes,Midday,34.67
2023-07-28 15:20:40,Rebecca Marshall,"['Bread', 'Super Glue', 'Sorbets', 'Storage Bins', 'Shoes', 'Picture Frames', 'Leggings', 'Cereal', 'Plastic Utensils', 'Peanuts', 'Carry-on Bag']",11,Cash,South Douglas,Middle-aged (50-64),Winter,Unknown Promotion,No,Midday,115.89
2023-07-28 16:05:33,Jacob Hall,"['Ear Muffs', 'Briefcase', 'Jeans', 'Butter']",4,Mobile Payment,South Austin,Adult (30-49),Fall,BOGO (Buy One Get One),No,Afternoon,34.67
2023-07-28 16:36:22,Bob Hale,"['Barbecue Sauce', 'Wine', 'Beer', 'Mayonnaise']",4,Credit Card,Lake Carrie,Teenager (13-19),Winter,Unknown Promotion,No,Afternoon,34.67
2023-07-28 17:40:19,William Pena,"['Nail Polish Remover', 'Frozen Vegetables', 'Goggles', 'Folders', 'Lighter']",5,Cash,Muellerborough,Adult (30-49),Summer,BOGO (Buy One Get One),No,Afternoon,44.95
2023-07-28 17:59:18,Joshua Avila,['Paper Cups'],1,Credit Card,Port Doris,Young Adult (20-29),Spring,Unknown Promotion,Yes,Afternoon,5.14
2023-07-28 20:01:57,Ronald Johnson,"['Swim Cap', 'Stain Remover', 'Cucumber']",3,Credit Card,Lauraland,Middle-aged (50-64),Spring,BOGO (Buy One Get One),Yes,Evening,23.88
2023-07-28 21:57:56,James Soto,"['Bath Salts', 'Detergent']",2,Cash,Robertsmouth,Young Adult (20-29),Spring,BOGO (Buy One Get One),Yes,Evening,14.55
2023-07-29 04:19:01,Tiffany Chaney,"['Frozen Pizza', 'Heels']",2,Cash,West Rachelton,Adult (30-49),Winter,BOGO (Buy One Get One),No,Morning,14.55
2023-07-29 10:40:44,Brenda Fletcher,"['Mouthwash', 'Duffel Bag', 'Underwear', 'Bathrobe', 'Exercise Ball', 'Rice', 'Beer', 'Cotton Balls', 'Soda']",9,Cash,Pageborough,Middle-aged (50-64),Fall,Discount on Selected Items,No,Midday,90.0
2023-07-29 11:09:10,Randy Schultz,['Tank Top'],1,Mobile Payment,Rebeccaburgh,Senior (65+),Spring,Discount on Selected Items,No,Midday,5.14
2023-07-29 13:04:02,Michael Vasquez,"['Frozen Dinners', 'Foam Roller', 'Toothbrush', 'Chewing Gum', 'Shorts', 'Frozen Pizza', 'Beef']",7,Credit Card,New Ryan,Middle-aged (50-64),Summer,BOGO (Buy One Get One),No,Midday,65.86
2023-07-29 14:08:10,Kara Massey,"['Hairbrush', 'Flats', 'Baking Soda']",3,Cash,Barnesport,Middle-aged (50-64),Winter,Unknown Promotion,No,Midday,23.88
2023-07-29 14:33:37,Donald Hartman,"['Frozen Fish Sticks', 'Facial Tissue', 'Swim Trunks', 'Scrubbers', 'Trash Bags', 'Storage Bins', 'Chili Powder']",7,Credit Card,West Robertfort,Teenager (13-19),Spring,Discount on Selected Items,No,Midday,65.86
2023-07-29 14:54:07,Andrea Dougherty,"['Cold Medicine', 'Hat', 'Bread', 'Bathrobe', 'Detergent', 'Hoodie', 'Bleach', 'Plastic Utensils', 'Extension Cord', 'Batteries', 'Cough Syrup']",11,Cash,Christinestad,Adult (30-49),Fall,Discount on Selected Items,Yes,Midday,113.03
2023-07-29 15:20:14,William Hill,"['Picture Frames', 'Cream Cheese', 'Messenger Bag', 'Pencils']",4,Mobile Payment,Joannefurt,Teenager (13-19),Spring,Discount on Selected Items,No,Midday,34.67
2023-07-29 16:07:30,Courtney Wong,"['Rice', 'Boots']",2,Cash,Matthewsmouth,Young Adult (20-29),Fall,Unknown Promotion,No,Afternoon,14.55
2023-07-29 16:46:59,Joshua Griffin,"['Cream Cheese', 'Sneakers', 'Chili Powder', 'Markers', 'Toothbrush']",5,Debit Card,Kimberlyfurt,Adult (30-49),Summer,BOGO (Buy One Get One),Yes,Afternoon,44.95
2023-07-29 17:41:30,Patrick Bullock,"['Underwear', 'Dumbbells']",2,Cash,West Crystalmouth,Adult (30-49),Spring,Unknown Promotion,No,Afternoon,14.55
2023-07-29 18:11:34,Alexandra Gutierrez,"['Post-it Notes', 'Ice Cream Sandwiches', 'Headbands', 'Butter', 'Laundry Basket']",5,Mobile Payment,Thompsonfurt,Adult (30-49),Summer,Unknown Promotion,No,Afternoon,44.95
2023-07-29 19:08:21,Billy Hall,"['Scrubbers', 'Mouthwash', 'Peanuts', 'Workout Clothes', 'Frozen Burritos', 'Exercise Bike']",6,Debit Card,Luisburgh,Young Adult (20-29),Fall,Unknown Promotion,No,Evening,57.61
2023-07-29 21:22:32,Phillip Miller,"['Washcloths', 'Super Glue', 'Laundry Basket', 'Frozen Pizza Rolls', 'Scrubbers', 'Exercise Bike', 'Shower Shoes']",7,Cash,Douglasmouth,Middle-aged (50-64),Winter,Discount on Selected Items,Yes,Evening,65.86
2023-07-30 04:26:51,David Bailey,"['Tea', 'Cream Cheese', 'Trail Mix', 'Frozen Pie', 'Soap', 'Ziploc Bags', 'Sandals']",7,Credit Card,South Kevinfort,Young Adult (20-29),Summer,Unknown Promotion,Yes,Morning,65.86
2023-07-30 12:22:04,Ashley Erickson,"['Shampoo', 'Treadmill', 'Underwear', 'Raisins']",4,Mobile Payment,Lake Chelsea,Senior (65+),Spring,Unknown Promotion,No,Midday,34.67
2023-07-30 12:24:50,Gina Sanders,"['Cold Medicine', 'Ear Muffs', 'Gloves']",3,Mobile Payment,Nicholasfort,Adult (30-49),Summer,Unknown Promotion,No,Midday,23.88
2023-07-30 13:23:40,Gregory Hensley,"['Cotton Swabs', 'Donuts', 'Frozen Bread', 'Suitcase']",4,Mobile Payment,Youngtown,Adult (30-49),Spring,BOGO (Buy One Get One),Yes,Midday,34.67
2023-07-30 13:54:18,Andrew Curry,"['Shaving Cream', 'Frozen Cake', 'Mustard', 'Onion Powder', 'Flashlight']",5,Debit Card,Millerland,Adult (30-49),Spring,Discount on Selected Items,No,Midday,44.95
2023-07-30 14:18:16,Daniel Smith,"['Slippers', 'Nail Clippers', 'Popsicles']",3,Cash,East Shannon,Middle-aged (50-64),Winter,BOGO (Buy One Get One),No,Midday,23.88
2023-07-30 15:15:43,Lauren Smith,['Tote Bag'],1,Cash,Rebeccashire,Young Adult (20-29),Summer,Discount on Selected Items,Yes,Midday,5.14
2023-07-30 15:16:03,Eduardo Medina,['Envelopes'],1,Cash,Port Jenniferside,Middle-aged (50-64),Spring,Unknown Promotion,Yes,Midday,5.14
2023-07-30 17:17:44,Brianna Nelson,"['Jacket', 'Rice', 'Weight Bench', 'Aluminum Foil']",4,Debit Card,East Kayla,Middle-aged (50-64),Winter,Unknown Promotion,Yes,Afternoon,34.67
2023-07-30 17:46:05,Jeremiah Rodriguez,"['Plastic Cups', 'Dumbbells']",2,Credit Card,West Jeremy,Young Adult (20-29),Winter,Discount on Selected Items,No,Afternoon,14.55
2023-07-30 18:01:34,Logan Cruz,"['Backpack', 'Popsicles', 'Frozen Meatballs', 'Foam Roller', 'Matches', 'Shampoo', 'Pants']",7,Cash,North Albert,Middle-aged (50-64),Spring,Unknown Promotion,No,Afternoon,65.86
2023-07-30 20:24:52,Jessica Sosa,"['Washcloths', 'Chicken', 'T-Shirt', 'Nail Polish Remover', 'Toothbrush', 'Insect Repellent', 'Oranges', 'Energy Drinks']",8,Cash,Williamburgh,Teenager (13-19),Winter,BOGO (Buy One Get One),No,Evening,77.1
2023-07-30 20:55:00,Sean Graham,"['Pencils', 'Brown Sugar', 'Plastic Cups', 'Protein Shakes', 'Bath Mat', 'Sunscreen', 'Tape']",7,Credit Card,Jacksonton,Adult (30-49),Spring,BOGO (Buy One Get One),Yes,Evening,65.86
2023-07-30 21:32:22,Michele Nelson,"['Shoes', 'Purse', 'Butter']",3,Credit Card,Rachelfort,Adult (30-49),Winter,BOGO (Buy One Get One),Yes,Evening,23.88
2023-07-30 21:53:28,Amanda Fowler,"['Lip Balm', 'Olives']",2,Mobile Payment,North Wesleyfurt,Senior (65+),Summer,Discount on Selected Items,Yes,Evening,14.55
2023-07-31 08:57:13,Robert Rodriguez,"['Duffel Bag', 'Skirt']",2,Credit Card,Lake Walter,Teenager (13-19),Summer,Discount on Selected Items,No,Morning,14.55
2023-07-31 10:59:26,Michael Wang,"['Dress', 'Frozen Dinners', 'Weight Bench', 'Water Bottle', 'Flats', 'Glass Cleaner']",6,Mobile Payment,Sandyshire,Young Adult (20-29),Spring,BOGO (Buy One Get One),Yes,Midday,56.07
2023-07-31 12:24:00,Tami Smith,"['Candy Bars', 'Resistance Bands', 'Glue']",3,Cash,Lake Erica,Senior (65+),Fall,BOGO (Buy One Get One),No,Midday,23.88
2023-07-31 16:15:10,Robin Hill,['Nail Clippers'],1,Cash,Nicolehaven,Middle-aged (50-64),Fall,Discount on Selected Items,No,Afternoon,5.14
2023-07-31 18:47:55,Nancy Lynch,"['Dress', 'Butter', 'Plastic Wrap', 'Frozen Fries', 'Olive Oil']",5,Mobile Payment,Lake Hannahhaven,Young Adult (20-29),Fall,Unknown Promotion,Yes,Afternoon,44.95
2023-07-31 19:47:14,David Liu,"['Popsicles', 'Nail Polish', 'Tape', 'Oats']",4,Debit Card,Matthewfurt,Adult (30-49),Summer,Discount on Selected Items,No,Evening,34.67
2023-07-31 21:38:12,Joe Wade,"['Snack Cakes', 'Frozen Pizza Rolls', 'Briefcase', 'Sneakers', 'Glue', 'Canned Tuna']",6,Debit Card,Garcialand,Adult (30-49),Summer,Unknown Promotion,No,Evening,57.61
2023-08-01 04:22:27,Meghan Evans,"['Frozen Breakfast Sandwiches', 'Pens', 'Paper Towels']",3,Mobile Payment,West Ashleyville,Middle-aged (50-64),Spring,Discount on Selected Items,Yes,Morning,23.88
2023-08-01 08:29:52,Sherry Williams,"['Pencils', 'Beach Towel', 'Laundry Detergent', 'Oats']",4,Credit Card,Contrerasport,Adult (30-49),Winter,Unknown Promotion,Yes,Morning,34.67
2023-08-01 10:05:38,Michael Morrison,"['Vinegar', 'Jelly']",2,Mobile Payment,Martinburgh,Middle-aged (50-64),Fall,Discount on Selected Items,No,Midday,14.55
2023-08-01 10:05:51,James Myers,"['Shoes', 'Tomatoes', 'Batteries', 'Polo Shirt']",4,Credit Card,Lake Miranda,Middle-aged (50-64),Fall,Unknown Promotion,Yes,Midday,34.67
2023-08-01 10:22:35,Craig Kline,"['Jam', 'Pencils', 'Jacket']",3,Debit Card,West Edwardtown,Young Adult (20-29),Fall,Unknown Promotion,Yes,Midday,23.88
2023-08-01 11:02:55,Bethany Johnson,"['Sweatshirt', 'Treadmill', 'Cucumber', 'Olives', 'Socks']",5,Cash,Phamview,Young Adult (20-29),Summer,BOGO (Buy One Get One),No,Midday,44.95
2023-08-01 11:52:53,Bridget Rodriguez,"['Duffel Bag', 'Sweater', 'Coat']",3,Cash,North Pamela,Senior (65+),Summer,BOGO (Buy One Get One),No,Midday,23.88
2023-08-01 12:12:54,Anna Kirby,"['Brown Sugar', 'Ice Cream Bars']",2,Mobile Payment,Nicoleview,Adult (30-49),Winter,Unknown Promotion,No,Midday,14.55
2023-08-01 12:53:54,Robin Reed,"['Vinegar', 'Frozen Pancakes', 'Canned Tuna', 'Frozen Waffles']",4,Debit Card,Trevinomouth,Young Adult (20-29),Fall,Discount on Selected Items,No,Midday,34.67
2023-08-01 14:32:02,Terri Brooks,"['Laundry Detergent', 'Jump Rope', 'Olive Oil', 'Cucumber', 'Ear Muffs', 'Gym Towel']",6,Credit Card,Port Troy,Middle-aged (50-64),Summer,Discount on Selected Items,Yes,Midday,56.07
2023-08-01 15:01:42,Jeffery Johns,"['Peanuts', 'Stamps']",2,Credit Card,North Bradley,Adult (30-49),Fall,Discount on Selected Items,Yes,Midday,14.55
2023-08-01 17:19:49,Kayla Wright,['Bubble Bath'],1,Cash,West Ricky,Young Adult (20-29),Fall,BOGO (Buy One Get One),No,Afternoon,5.14
2023-08-01 23:16:38,Kimberly Delgado,['Disinfectant Wipes'],1,Credit Card,Lake William,Young Adult (20-29),Spring,Discount on Selected Items,No,Late Night,5.14
2023-08-02 01:05:29,Debra Boyle,"['Deodorant', 'Tomato Sauce', 'Frozen Pie', 'Almonds', 'Picture Frames']",5,Cash,Lake Elizabethmouth,Young Adult (20-29),Summer,Discount on Selected Items,Yes,Early Morning,44.95
2023-08-02 08:33:33,Jaclyn Morgan,"['Elliptical', 'Trail Mix', 'Ramen', 'Bikini']",4,Mobile Payment,East Theodoremouth,Young Adult (20-29),Winter,BOGO (Buy One Get One),Yes,Morning,34.67
2023-08-02 09:59:32,Christine Martin,"['Lollipops', 'Pajamas', 'Granola Bars', 'Leggings', 'Bathrobe', 'Dress', 'Detergent', 'Ketchup', 'Honey', 'Carry-on Bag', 'Toothbrush']",11,Cash,Wrightshire,Young Adult (20-29),Summer,Discount on Selected Items,Yes,Morning,113.03
2023-08-02 11:42:17,Joseph Huang,"['Beer', 'Butter']",2,Cash,South Jasonland,Middle-aged (50-64),Spring,Unknown Promotion,No,Midday,14.55
2023-08-02 11:50:51,Peter Burton,"['Baking Soda', 'Frozen Bagels', 'Moving Boxes', 'Air Freshener', 'Cream Cheese', 'Paper Towels', 'Luggage']",7,Debit Card,Crosstown,Senior (65+),Winter,BOGO (Buy One Get One),Yes,Midday,65.86
2023-08-02 13:27:57,Jeremy Matthews,"['Frozen Garlic Bread', 'Frozen Pancakes', 'Crayons', 'Tomato Sauce']",4,Credit Card,Adrianmouth,Young Adult (20-29),Winter,Unknown Promotion,Yes,Midday,34.67
2023-08-02 14:53:27,Ray Lewis,"['Gym Towel', 'Sunscreen', 'First Aid Kit', 'Almonds', 'Dryer Sheets', 'Cotton Balls', 'Pain Relievers', 'Handbag']",8,Cash,Marymouth,Middle-aged (50-64),Winter,Discount on Selected Items,Yes,Midday,77.1
2023-08-02 15:47:53,Denise Orozco,['Batteries'],1,Debit Card,East Stephaniestad,Young Adult (20-29),Fall,Unknown Promotion,Yes,Midday,5.14
2023-08-02 15:50:31,Crystal King,"['Deodorant', 'Insect Repellent', 'Hairbrush', 'Aluminum Foil']",4,Mobile Payment,Duncanfort,Adult (30-49),Fall,BOGO (Buy One Get One),No,Midday,34.67
2023-08-02 17:45:06,Amanda Gibbs,"['Wine', 'Tweezers', 'Ice Cream', 'Flashlight', 'Rice', 'Sponges', 'Water', 'Gelato', 'Snack Cakes', 'Paper Towels']",10,Credit Card,Nelsonview,Adult (30-49),Summer,Discount on Selected Items,Yes,Afternoon,102.2
2023-08-02 18:40:44,Justin Powell,"['Cotton Balls', 'Frozen Fruit', 'Winter Hat', 'Stain Remover']",4,Debit Card,Lake Dianaberg,Young Adult (20-29),Spring,Discount on Selected Items,Yes,Afternoon,34.67
2023-08-02 19:02:27,John Carr,"['Plastic Wrap', 'Paper Cups', 'Canned Fruit', 'Light Bulbs', 'Pretzels']",5,Credit Card,New Amanda,Young Adult (20-29),Summer,Unknown Promotion,Yes,Evening,44.95
2023-08-02 19:48:52,Tracy Dixon,"['Cinnamon', 'Butter', 'Notebook Paper', 'Cashews', 'Frozen Burritos', 'Shower Shoes', 'Candy Bars', 'Onion Powder']",8,Credit Card,Lake Davidland,Young Adult (20-29),Winter,BOGO (Buy One Get One),Yes,Evening,77.1
2023-08-02 21:19:06,Jay Lopez,"['Stamps', 'Baking Soda', 'Sports Drinks', 'Cereal', 'Workout Clothes', 'Duct Tape', 'Sunglasses', 'Glass Cleaner']",8,Credit Card,Lake Wesleyfort,Young Adult (20-29),Winter,Discount on Selected Items,No,Evening,77.1
2023-08-02 23:00:06,Casey Arnold,"['Oats', 'Ruler', 'Juice', 'Brown Sugar', 'Sugar']",5,Credit Card,Lake Josephmouth,Senior (65+),Winter,BOGO (Buy One Get One),No,Late Night,44.95
2023-08-03 10:21:18,Alison Rosales,"['Moving Boxes', 'Hot Sauce']",2,Debit Card,South Lisa,Adult (30-49),Spring,Unknown Promotion,Yes,Midday,14.55
2023-08-03 11:33:36,Bonnie Hernandez,"['Popsicles', 'Slippers', 'Passport Holder', 'Multi-Surface Cleaner']",4,Cash,Stephanieville,Adult (30-49),Spring,BOGO (Buy One Get One),Yes,Midday,34.67
2023-08-03 13:51:44,Larry Hubbard,"['Pretzels', 'Olives', 'Sports Bra', 'Coat', 'Cashews', 'Tote Bag', 'Carry-on Bag']",7,Cash,Port Erin,Teenager (13-19),Summer,Discount on Selected Items,No,Midday,65.86
2023-08-03 14:14:25,Vincent Henderson,"['Bikini', 'Baking Soda', 'T-Shirt', 'Frozen Bread']",4,Cash,New Ronaldfurt,Young Adult (20-29),Spring,BOGO (Buy One Get One),Yes,Midday,34.67
2023-08-03 16:09:03,Crystal Simmons,"['Cough Drops', 'Protein Powder', 'Multi-Surface Cleaner']",3,Cash,East Thomasview,Adult (30-49),Fall,BOGO (Buy One Get One),No,Afternoon,23.88
2023-08-03 19:21:39,Jessica Lambert,['Bug Spray'],1,Debit Card,Bartlettfort,Young Adult (20-29),Spring,Unknown Promotion,No,Evening,5.14
2023-08-03 20:18:09,Christian Young,"['Notebooks', 'Carry-on Bag', 'Vegetable Oil', 'Candles', 'Nail Clippers', 'Dish Soap', 'Frozen Pancakes', 'Duffel Bag', 'Wallet', 'Frozen Burritos']",10,Mobile Payment,Port William,Teenager (13-19),Summer,Discount on Selected Items,No,Evening,102.2
2023-08-04 07:28:47,Melinda Moss,"['Handbag', 'Butter']",2,Credit Card,West Maria,Middle-aged (50-64),Summer,BOGO (Buy One Get One),Yes,Morning,14.55
2023-08-04 09:03:25,Michael Bates,"['Juice', 'Brown Sugar', 'Briefcase', 'Belt']",4,Cash,New Jamesfort,Young Adult (20-29),Winter,BOGO (Buy One Get One),No,Morning,34.67
2023-08-04 09:37:18,Joseph Adams,"['Bikini', 'Hangers']",2,Mobile Payment,Justinhaven,Middle-aged (50-64),Winter,BOGO (Buy One Get One),No,Morning,14.55
2023-08-04 10:07:19,Michael Anderson,['Muffins'],1,Credit Card,Cartertown,Adult (30-49),Spring,Discount on Selected Items,Yes,Midday,5.14
2023-08-04 11:11:07,Susan Garcia,"['Paprika', 'Jacket', 'Ear Muffs', 'Salt', 'Chili Powder', 'Lollipops']",6,Cash,South Williamview,Middle-aged (50-64),Fall,Unknown Promotion,Yes,Midday,56.07
2023-08-04 15:47:41,Christopher Chung,"['Sports Drinks', 'Candy Bars', 'Frozen Pie', 'Mustard', 'Popsicles', 'Pants', 'Dress', 'Soap']",8,Debit Card,Port Janetbury,Young Adult (20-29),Winter,Discount on Selected Items,No,Midday,77.1
2023-08-04 15:59:29,Jeremy Long,"['Pain Relievers', 'Sweater', 'Winter Hat', 'Mouthwash', 'Ice Cream Bars', 'Exercise Ball', 'Frozen Garlic Bread', 'Beach Towel', 'Frozen Pie']",9,Mobile Payment,East Jasonmouth,Adult (30-49),Fall,BOGO (Buy One Get One),No,Midday,90.0
2023-08-04 16:31:16,Monica Bolton,"['Jam', 'Gym Towel', 'Napkins']",3,Credit Card,North Tammyside,Teenager (13-19),Winter,Discount on Selected Items,Yes,Afternoon,23.88
2023-08-04 17:30:10,Barbara Burns,"['Shampoo', 'Matches', 'Sponges', 'Frozen Burritos']",4,Debit Card,Weberberg,Young Adult (20-29),Spring,Unknown Promotion,Yes,Afternoon,34.67
2023-08-04 17:39:00,Kylie Houston,"['Pencils', 'Instant Noodles', 'Trail Mix']",3,Credit Card,West Regina,Middle-aged (50-64),Summer,Unknown Promotion,No,Afternoon,23.88
2023-08-04 18:18:35,Jordan Castillo,"['Peanuts', 'Sweater', 'Canned Tuna', 'Popcorn', 'Folders', 'Shaving Cream', 'Swim Trunks']",7,Debit Card,New Jessica,Middle-aged (50-64),Fall,Unknown Promotion,Yes,Afternoon,65.86
2023-08-04 20:50:11,Johnathan Hebert,"['Frozen Garlic Bread', 'Pain Relievers', 'Cream Cheese', 'Frozen Meatballs', 'Extension Cord']",5,Debit Card,East Nicole,Middle-aged (50-64),Winter,Discount on Selected Items,Yes,Evening,44.95
2023-08-04 20:54:17,Maxwell Nolan,"['Swim Cap', 'Exercise Bike', 'Wallet', 'Ruler', 'Sports Drinks']",5,Mobile Payment,Phillipberg,Senior (65+),Summer,Unknown Promotion,Yes,Evening,44.95
2023-08-04 21:12:11,Vincent Mcneil,"['Trail Mix', 'Jam', 'Scissors', 'Backpack', 'Cumin', 'Chewing Gum']",6,Credit Card,Port Kathryn,Young Adult (20-29),Fall,BOGO (Buy One Get One),Yes,Evening,56.07
2023-08-05 04:32:17,Gary Estrada,"['Sports Bra', 'Thermometer', 'Sunscreen', 'Cashews']",4,Credit Card,Josephhaven,Young Adult (20-29),Summer,BOGO (Buy One Get One),No,Morning,34.67
2023-08-05 10:43:20,Richard Dennis,"['Olives', 'Jeans', 'Floss', 'Paper Plates', 'Suitcase', 'Nail Clippers']",6,Debit Card,North Kelli,Adult (30-49),Spring,Unknown Promotion,Yes,Midday,56.07
2023-08-05 11:25:24,Megan Moore,"['Wallet', 'Oranges', 'Iced Tea', 'Canned Vegetables', 'Packing Tape', 'Bathrobe', 'Soy Sauce']",7,Credit Card,West Jill,Adult (30-49),Fall,Discount on Selected Items,Yes,Midday,65.86
2023-08-05 13:05:19,Miguel Duke,"['Binders', 'Pencils', 'Slippers', 'Cotton Balls']",4,Debit Card,Jacobton,Teenager (13-19),Summer,BOGO (Buy One Get One),Yes,Midday,34.67
2023-08-05 13:17:04,Angela Green PhD,['Suitcase'],1,Cash,Bradleyland,Middle-aged (50-64),Winter,BOGO (Buy One Get One),Yes,Midday,5.14
2023-08-05 14:38:14,Victor Smith,"['Vinegar', 'Pants', 'One-Piece Swimsuit', 'Stamps', 'Pull-up Bar', 'Storage Bins', 'Floss', 'Glue', 'Mustard', 'Suitcase']",10,Debit Card,Port Jane,Senior (65+),Winter,Unknown Promotion,No,Midday,102.2
2023-08-05 14:42:42,Jennifer Brown,"['Paprika', 'Super Glue', 'Extension Cord']",3,Credit Card,South Ashleystad,Adult (30-49),Fall,Unknown Promotion,No,Midday,23.88
2023-08-05 16:07:07,Emily Rosales,"['Foam Roller', 'Flip Flops', 'Bananas', 'Aluminum Foil', 'Energy Drinks', 'Belt', 'Frozen Meatballs', 'Bath Salts', 'Chili Powder', 'Calculator']",10,Cash,Alexton,Adult (30-49),Spring,Discount on Selected Items,No,Afternoon,102.2
2023-08-05 16:24:26,Linda Frazier,"['Passport Holder', 'Scissors', 'Cashews', 'Hair Ties', 'Tomatoes', 'Frozen Breakfast Sandwiches', 'Frozen Sausages', 'Messenger Bag', 'Chewing Gum']",9,Debit Card,Lake Melissahaven,Adult (30-49),Spring,Discount on Selected Items,Yes,Afternoon,90.0
2023-08-05 17:52:41,Valerie Bowen,"['Matches', 'Frozen Pie', 'Sweatshirt']",3,Credit Card,New Heather,Young Adult (20-29),Summer,BOGO (Buy One Get One),No,Afternoon,23.88
2023-08-05 18:44:57,Luis Walker,['Body Wash'],1,Mobile Payment,West Sueville,Adult (30-49),Spring,Unknown Promotion,Yes,Afternoon,5.14
2023-08-06 02:23:07,Randy Lowe,"['Laptop Bag', 'Bra', 'Passport Holder', 'Apples', 'Sports Drinks', 'Frozen Waffles']",6,Debit Card,Knightside,Teenager (13-19),Fall,BOGO (Buy One Get One),Yes,Early Morning,56.07
2023-08-06 05:12:09,Cynthia Davis,"['Paper Towels', 'Scissors', 'Popsicles', 'Nail Clippers', 'Sunglasses']",5,Credit Card,Hillmouth,Middle-aged (50-64),Winter,Discount on Selected Items,No,Morning,44.95
2023-08-06 07:29:04,Lauren Cruz,"['Crackers', 'Plastic Utensils', 'Sunscreen', 'Headbands', 'Flats', 'Conditioner']",6,Credit Card,Lake Anna,Adult (30-49),Winter,BOGO (Buy One Get One),No,Morning,57.61
2023-08-06 08:16:29,Jennifer Rosario,"['Shower Shoes', 'Shower Curtain', 'Floss', 'Toothbrush']",4,Mobile Payment,Mclaughlinfort,Young Adult (20-29),Spring,Unknown Promotion,Yes,Morning,34.67
2023-08-06 09:57:15,Jo Smith,"['Detergent', 'Shaving Cream', 'Glue', 'Sneakers', 'Butter', 'Backpack']",6,Mobile Payment,Nguyenton,Young Adult (20-29),Winter,Discount on Selected Items,Yes,Morning,56.07
2023-08-06 10:00:01,Julie Garrett,"['Facial Tissue', 'Muffins', 'Protein Powder', 'Dryer Sheets', 'First Aid Kit', 'Thermometer']",6,Mobile Payment,Hallland,Senior (65+),Fall,BOGO (Buy One Get One),No,Midday,57.61
2023-08-06 10:40:52,Kristin Short,['Fabric Softener'],1,Mobile Payment,Emilyland,Adult (30-49),Summer,BOGO (Buy One Get One),No,Midday,5.14
2023-08-06 11:26:24,Brenda Jackson,"['Stamps', 'Oats', 'Cereal', 'Pencils']",4,Cash,Lake Daltonchester,Adult (30-49),Summer,BOGO (Buy One Get One),Yes,Midday,34.67
2023-08-06 11:54:24,Kristy Valentine,"['Scrubbers', 'Scarf', 'Shower Cap', 'Storage Bins', 'Paper Towels']",5,Cash,Lake Jimmy,Young Adult (20-29),Spring,BOGO (Buy One Get One),Yes,Midday,44.95
2023-08-06 12:15:19,Katherine Washington,"['Jeans', 'Yogurt', 'Tape', 'Bubble Bath']",4,Mobile Payment,Douglasland,Senior (65+),Spring,Unknown Promotion,Yes,Midday,34.67
2023-08-06 12:33:45,John Estrada,"['Beef', 'Donuts', 'Sunscreen', 'Calculator', 'Bug Spray']",5,Mobile Payment,Mooreview,Adult (30-49),Winter,Unknown Promotion,No,Midday,44.95
2023-08-06 13:30:51,Brian Williams,"['Cotton Balls', 'Shower Curtain', 'Frozen Pie', 'Soy Sauce', 'Baking Powder', 'Briefcase']",6,Credit Card,Carrollport,Middle-aged (50-64),Spring,BOGO (Buy One Get One),Yes,Midday,56.07
2023-08-06 13:30:57,Roger Obrien,"['Dried Cranberries', 'Pepper', 'Stamps', 'Cough Drops', 'Envelopes', 'T-Shirt', 'Tomatoes']",7,Cash,Flowersberg,Middle-aged (50-64),Fall,Unknown Promotion,No,Midday,65.86
2023-08-06 15:08:37,Jaime Andrews,"['Chocolate', 'Frozen Fries', 'Sports Bra', 'Comb']",4,Credit Card,New Ashleyland,Teenager (13-19),Fall,Unknown Promotion,No,Midday,34.67
2023-08-06 15:31:26,Christopher Pearson,['Hair Ties'],1,Mobile Payment,Elizabethborough,Adult (30-49),Summer,Unknown Promotion,No,Midday,5.14
2023-08-06 16:00:36,John Young,"['Tape', 'Paper Plates', 'Foam Roller']",3,Cash,North Heathermouth,Young Adult (20-29),Winter,Discount on Selected Items,No,Afternoon,23.88
2023-08-06 16:28:46,Corey Villarreal,['Luggage'],1,Cash,Gayside,Adult (30-49),Summer,BOGO (Buy One Get One),No,Afternoon,5.14
2023-08-07 07:51:39,Gregory Gross,['Laptop Bag'],1,Debit Card,South Georgefurt,Middle-aged (50-64),Summer,Unknown Promotion,Yes,Morning,5.14
2023-08-07 08:56:28,Emily Wheeler,"['Energy Drinks', 'Toothpaste', 'Shower Curtain']",3,Mobile Payment,Carmenmouth,Adult (30-49),Winter,BOGO (Buy One Get One),No,Morning,23.88
2023-08-07 09:50:36,Ryan Maynard,"['Wine', 'Sunscreen', 'Peanut Butter', 'Bra']",4,Credit Card,Graceburgh,Young Adult (20-29),Summer,Discount on Selected Items,No,Morning,34.67
2023-08-07 11:01:41,Thomas Graham,"['Spaghetti', 'Vegetable Oil', 'One-Piece Swimsuit', 'Sponges', 'Nail Polish Remover', 'Cheese']",6,Cash,Collierland,Senior (65+),Summer,Discount on Selected Items,No,Midday,57.61
2023-08-07 11:02:11,Eric Stone,"['Chili Powder', 'Bathrobe', 'Treadmill', 'Cucumber']",4,Credit Card,South Robertchester,Adult (30-49),Winter,Discount on Selected Items,Yes,Midday,34.67
2023-08-07 12:29:04,Richard Brady,"['Bath Mat', 'Flats', 'Soda', 'Mac and Cheese', 'Rice']",5,Mobile Payment,South Alexashire,Middle-aged (50-64),Winter,Discount on Selected Items,No,Midday,44.95
2023-08-07 12:30:00,Emily Medina,"['Envelopes', 'Hand Sanitizer', 'Paper Plates', 'Light Bulbs', 'Soy Sauce', 'Cookies', 'Frozen Breakfast Sandwiches']",7,Debit Card,Petermouth,Senior (65+),Spring,Unknown Promotion,Yes,Midday,65.86
2023-08-07 12:34:05,Daryl Goodwin,"['Dish Soap', 'Colored Pencils', 'Binders']",3,Mobile Payment,Lindaberg,Adult (30-49),Spring,BOGO (Buy One Get One),Yes,Midday,23.88
2023-08-07 13:20:04,Daniel Martin,"['Lollipops', 'Oranges', 'Toothpaste', 'Raincoat', 'Garlic Powder']",5,Credit Card,Foxshire,Adult (30-49),Winter,BOGO (Buy One Get One),Yes,Midday,44.95
2023-08-07 13:48:58,Amy Ford,"['Coffee', 'Batteries', 'Luggage', 'Sunglasses', 'Sweater']",5,Cash,North Phillipmouth,Adult (30-49),Spring,Unknown Promotion,Yes,Midday,44.95
2023-08-07 14:01:25,Emily Guzman,"['Sandals', 'Apples', 'Pajamas', 'Shower Curtain']",4,Credit Card,Christopherville,Adult (30-49),Winter,Unknown Promotion,No,Midday,34.67
2023-08-07 14:16:43,Zoe Elliott,"['Chewing Gum', 'Toilet Bowl Cleaner', 'Stain Remover', 'Umbrella']",4,Mobile Payment,Lake Gregory,Adult (30-49),Winter,BOGO (Buy One Get One),No,Midday,34.67
2023-08-07 16:22:28,Christopher Carter,['Cashews'],1,Cash,Martinfurt,Adult (30-49),Summer,Discount on Selected Items,Yes,Afternoon,5.14
2023-08-07 17:08:10,Julian Escobar,"['Mints', 'Boots', 'Gelato', 'Sports Drinks', 'Pickles', 'Bathrobe', 'Nail Polish']",7,Debit Card,Lake James,Young Adult (20-29),Fall,BOGO (Buy One Get One),Yes,Afternoon,65.86
2023-08-07 18:14:32,Meghan Moore,"['Laptop Bag', 'Trash Bags', 'Capri Pants']",3,Mobile Payment,South Cheryl,Adult (30-49),Fall,Unknown Promotion,No,Afternoon,23.88
2023-08-07 18:48:20,Timothy Lopez,"['Bananas', 'Tea']",2,Cash,Kellyview,Adult (30-49),Fall,Discount on Selected Items,Yes,Afternoon,14.55
2023-08-07 22:07:30,David Jones,"['Laundry Basket', 'Batteries', 'Gum', 'Protein Bars', 'Candles', 'Ketchup', 'Peanuts', 'Jam']",8,Mobile Payment,North Michael,Senior (65+),Fall,BOGO (Buy One Get One),Yes,Late Night,77.1
2023-08-08 10:26:47,Latoya Jordan,"['Vegetable Oil', 'Canned Fruit']",2,Cash,Bakerburgh,Teenager (13-19),Spring,Unknown Promotion,Yes,Midday,14.55
2023-08-08 12:01:30,Tyler Adams,"['Razors', 'Bra']",2,Cash,West Lydiabury,Teenager (13-19),Fall,Discount on Selected Items,No,Midday,14.55
2023-08-08 12:06:09,Katherine Tanner,"['Chewing Gum', 'Scrubbers', 'Notebook Paper', 'Shampoo']",4,Debit Card,Duncanburgh,Middle-aged (50-64),Fall,Unknown Promotion,Yes,Midday,34.67
2023-08-08 12:15:06,Clifford Tucker,"['Ketchup', 'Iced Tea']",2,Cash,Lesliefort,Young Adult (20-29),Winter,BOGO (Buy One Get One),No,Midday,14.55
2023-08-08 13:20:19,Joshua Shaffer,"['Carry-on Bag', 'Bananas', 'Mints', 'Sunglasses', 'Toothbrush']",5,Cash,Lake Margaret,Adult (30-49),Spring,Unknown Promotion,Yes,Midday,44.95
2023-08-08 17:33:14,Samantha Rodriguez,"['Mouthwash', 'Water Bottle', 'Frozen Pizza Rolls', 'Snack Cakes', 'Frozen Cake']",5,Cash,West Christian,Adult (30-49),Spring,BOGO (Buy One Get One),Yes,Afternoon,44.95
2023-08-08 17:46:29,Jessica Bauer,['Tweezers'],1,Mobile Payment,Kaitlinview,Adult (30-49),Fall,BOGO (Buy One Get One),No,Afternoon,5.14
2023-08-08 19:39:10,Anthony Bartlett,"['Floss', 'Belt', 'Bobby Pins', 'Rowing Machine', 'Pickles']",5,Debit Card,Port Christine,Teenager (13-19),Spring,Discount on Selected Items,No,Evening,44.95
2023-08-08 20:28:00,Dylan Martinez,"['Popcorn', 'Bath Mat', 'Cotton Balls', 'Frozen Fries', 'Peanuts', 'Notebooks']",6,Mobile Payment,Camachohaven,Senior (65+),Fall,Discount on Selected Items,Yes,Evening,56.07
2023-08-08 20:44:04,Joseph Peters,"['Honey', 'Tea', 'Candles', 'Oranges', 'Cashews', 'Nail Polish Remover', 'Hat']",7,Mobile Payment,Crystalmouth,Senior (65+),Spring,Unknown Promotion,Yes,Evening,65.86
2023-08-08 21:54:59,Kevin Graham,"['Muffins', 'Chili Powder', 'Chips', 'Sugar', 'Nail Clippers', 'Dumbbells', 'Workout Clothes', 'Pants', 'Protein Shakes']",9,Credit Card,East Ryan,Young Adult (20-29),Spring,Discount on Selected Items,No,Evening,90.0
2023-08-09 06:46:37,Amy Malone,"['Chocolate', 'Raincoat', 'Thermometer', 'Beef']",4,Credit Card,Tylerstad,Adult (30-49),Fall,Discount on Selected Items,Yes,Morning,34.67
2023-08-09 06:50:15,Heather Gonzalez,"['Resistance Bands', 'Thermometer', 'Sandals']",3,Debit Card,New Davidmouth,Senior (65+),Summer,Discount on Selected Items,No,Morning,23.88
2023-08-09 09:37:40,Gary Williams,"['Frozen Breakfast Sandwiches', 'Foam Roller', 'Laundry Basket', 'Donuts', 'Sponges', 'Snack Cakes', 'Underwear', 'Popcorn', 'Eggs']",9,Mobile Payment,Carolmouth,Adult (30-49),Winter,BOGO (Buy One Get One),Yes,Morning,90.0
2023-08-09 09:39:24,Kimberly Dixon,"['Eggs', 'Post-it Notes', 'Mouthwash', 'Paper Towels', 'Olive Oil', 'Workout Clothes', 'Bleach', 'Juice']",8,Cash,New Christopherstad,Young Adult (20-29),Summer,Discount on Selected Items,No,Morning,77.1
2023-08-09 13:09:57,Susan Hernandez,"['Sunscreen', 'Multi-Surface Cleaner', 'Pepper', 'Canned Tuna']",4,Debit Card,Lopezborough,Senior (65+),Fall,Unknown Promotion,Yes,Midday,34.67
2023-08-09 13:44:05,Michael Smith,"['Disinfectant Wipes', 'Tweezers']",2,Cash,New Heidi,Young Adult (20-29),Winter,BOGO (Buy One Get One),No,Midday,14.55
2023-08-09 13:50:54,Crystal Lopez,"['Frozen Garlic Bread', 'Paper Towels', 'Heels']",3,Debit Card,Emilymouth,Young Adult (20-29),Winter,BOGO (Buy One Get One),No,Midday,23.88
2023-08-09 15:01:41,Amanda Jones,"['Cashews', 'Spaghetti']",2,Debit Card,Stephanieshire,Young Adult (20-29),Spring,BOGO (Buy One Get One),Yes,Midday,14.55
2023-08-09 15:09:30,Ann Rios,"['Vegetable Oil', 'Scissors', 'Lollipops', 'Laptop Bag', 'Cotton Swabs', 'Cinnamon']",6,Credit Card,Lewisstad,Middle-aged (50-64),Winter,BOGO (Buy One Get One),Yes,Midday,56.07
2023-08-09 16:00:57,Tara Travis,"['Flour', 'Moving Boxes', 'Ziploc Bags']",3,Mobile Payment,Perryborough,Adult (30-49),Winter,Discount on Selected Items,No,Afternoon,23.88
2023-08-09 16:15:11,Noah Sexton,"['Floss', 'Matches', 'Post-it Notes', 'Soy Sauce']",4,Cash,Andersonberg,Young Adult (20-29),Winter,Unknown Promotion,No,Afternoon,34.67
2023-08-09 21:28:35,Carrie Phillips,"['Frozen Meatballs', 'Protein Shakes', 'Rug']",3,Debit Card,Ruizfort,Middle-aged (50-64),Fall,Unknown Promotion,No,Evening,23.88
2023-08-09 21:33:26,Louis Huynh,"['Frozen Cake', 'Treadmill', 'Shower Shoes', 'Elliptical', 'Paper Towels', 'Sports Drinks', 'Sunscreen']",7,Credit Card,Lake Christinaburgh,Adult (30-49),Summer,Discount on Selected Items,No,Evening,65.86
2023-08-10 00:58:46,Jennifer Hicks,"['Deodorant', 'Yoga Pants', 'Canned Vegetables', 'Mac and Cheese', 'Frozen Bread', 'Donuts', 'Kettlebells']",7,Debit Card,Lake Jason,Adult (30-49),Fall,Unknown Promotion,No,Early Morning,65.86
2023-08-10 07:30:00,Matthew Poole,"['Cough Drops', 'Envelopes', 'Toilet Paper', 'Brownies']",4,Cash,Andrewview,Young Adult (20-29),Winter,Unknown Promotion,No,Morning,34.67
2023-08-10 08:36:38,Sharon Owens,"['Lighter Fluid', 'Winter Hat', 'Multi-Surface Cleaner', 'Frozen Sausages', 'Resistance Bands']",5,Debit Card,Millerborough,Senior (65+),Spring,BOGO (Buy One Get One),Yes,Morning,44.95
2023-08-10 11:53:07,Michael Gates,"['Oranges', 'Frozen Burritos', 'Storage Bins', 'Frozen Pie', 'Hairbrush', 'Iced Tea', 'Yogurt']",7,Cash,Martintown,Teenager (13-19),Fall,Unknown Promotion,Yes,Midday,65.86
2023-08-10 13:26:31,Linda Shaw,"['Sweater', 'Passport Holder', 'Pickles', 'Shower Shoes', 'Almonds']",5,Cash,Gordonfort,Senior (65+),Winter,Discount on Selected Items,Yes,Midday,44.95
2023-08-10 16:10:00,Joshua Lopez,"['Rice', 'Frozen Pie']",2,Mobile Payment,Matthewberg,Senior (65+),Fall,Unknown Promotion,Yes,Afternoon,14.55
2023-08-10 18:57:27,Carla Jenkins,"['Hot Sauce', 'Barbecue Sauce', 'Baking Soda', 'Milk']",4,Debit Card,North Tiffany,Young Adult (20-29),Spring,Discount on Selected Items,No,Afternoon,34.67
2023-08-10 19:10:59,Sherry Allen,"['Carry-on Bag', 'Ear Muffs', 'Rice', 'Sports Drinks', 'Almonds', 'Bagels']",6,Cash,North Susan,Adult (30-49),Spring,Unknown Promotion,Yes,Evening,56.07
2023-08-10 20:29:28,Robert Baker,"['Raisins', 'Headbands', 'Insect Repellent', 'Granola Bars', 'Chili Powder']",5,Mobile Payment,North James,Adult (30-49),Winter,Discount on Selected Items,No,Evening,44.95
2023-08-10 22:53:13,Christopher Cannon,"['Tape', 'Carry-on Bag', 'Mayonnaise', 'Raincoat', 'Leggings', 'Pretzels']",6,Debit Card,Lake Stevenmouth,Adult (30-49),Fall,Unknown Promotion,No,Late Night,57.61
2023-08-11 07:43:51,Duane Wright,"['Oats', 'Frozen Breakfast Sandwiches', 'Lighter Fluid', 'Treadmill']",4,Debit Card,New Jofort,Adult (30-49),Fall,Discount on Selected Items,Yes,Morning,34.67
2023-08-11 08:11:14,Corey Duncan,"['Vegetable Oil', 'Ear Muffs', 'Yoga Mat', 'Band-Aids', 'Sweater']",5,Credit Card,Lake Spencer,Adult (30-49),Winter,Discount on Selected Items,Yes,Morning,44.95
2023-08-11 09:12:53,Jacqueline Lowe,['Mouthwash'],1,Debit Card,Wileyville,Young Adult (20-29),Winter,BOGO (Buy One Get One),Yes,Morning,5.14
2023-08-11 09:34:29,Alice Rangel,"['Sneakers', 'Exercise Bike', 'Canned Vegetables', 'Mac and Cheese', 'Sweater', 'Headbands', 'Fabric Softener', 'Frozen Dinners', 'Rug', 'Slippers']",10,Cash,West Sharon,Adult (30-49),Fall,Unknown Promotion,No,Morning,102.2
2023-08-11 10:37:00,Paula Peck,"['Resistance Bands', 'Gelato', 'Photo Albums', 'Binders', 'Cough Drops', 'Laptop Bag']",6,Cash,Lake Alan,Young Adult (20-29),Fall,Unknown Promotion,Yes,Midday,56.07
2023-08-11 12:08:48,Joanna Parker,"['Insect Repellent', 'Cashews', 'Socks', 'Bread']",4,Credit Card,West Ryan,Teenager (13-19),Summer,BOGO (Buy One Get One),Yes,Midday,34.67
2023-08-11 12:36:04,Thomas Miller,"['Bikini', 'Ear Muffs', 'Facial Tissue', 'Water Bottle']",4,Credit Card,Port Stephanie,Senior (65+),Winter,Unknown Promotion,Yes,Midday,34.67
2023-08-11 14:23:43,Amber Henderson,"['Ice Cream Tubs', 'Yogurt', 'Ice Cream Sandwiches', 'Gloves']",4,Debit Card,Amandaton,Middle-aged (50-64),Fall,Unknown Promotion,No,Midday,34.67
2023-08-11 14:30:39,Antonio Moore,"['Tote Bag', 'Popsicles']",2,Debit Card,West James,Senior (65+),Fall,Discount on Selected Items,No,Midday,14.55
2023-08-11 17:43:56,Brian Smith,"['Hairbrush', 'Cereal']",2,Mobile Payment,Stephenfurt,Middle-aged (50-64),Summer,Discount on Selected Items,No,Afternoon,14.55
2023-08-11 19:07:37,Timothy Dickson,"['Brownies', 'Scissors']",2,Cash,Kimberlyburgh,Teenager (13-19),Winter,Unknown Promotion,Yes,Evening,14.55
2023-08-11 19:08:15,Anthony Davis,"['Trail Mix', 'Tea', 'Scrubbers', 'Umbrella']",4,Debit Card,Port Edwardton,Adult (30-49),Spring,BOGO (Buy One Get One),No,Evening,34.67
2023-08-11 21:01:25,Stacey Rice,"['Pickles', 'Frozen Bagels', 'Milk', 'Onion Powder']",4,Debit Card,Lake Anthony,Young Adult (20-29),Summer,Unknown Promotion,No,Evening,34.67
2023-08-12 00:43:36,Gerald Campbell,"['Bananas', 'Post-it Notes', 'Lollipops']",3,Cash,Port Joshua,Middle-aged (50-64),Fall,Discount on Selected Items,Yes,Early Morning,23.88
2023-08-12 08:40:38,William Williams,"['Beef', 'Nail Polish', 'Sports Bra', 'Winter Hat']",4,Mobile Payment,Roblesshire,Teenager (13-19),Fall,Discount on Selected Items,No,Morning,34.67
2023-08-12 08:58:08,Danny Wilson,['Energy Drinks'],1,Credit Card,North Josephmouth,Middle-aged (50-64),Winter,Unknown Promotion,Yes,Morning,5.14
2023-08-12 09:26:39,George Hammond,"['Sunscreen', 'Lighter', 'Hot Sauce', 'Scissors', 'Brownies', 'Shower Cap']",6,Cash,North Michaelport,Middle-aged (50-64),Spring,BOGO (Buy One Get One),No,Morning,57.61
2023-08-12 14:24:39,Amber Kelly,"['Thermometer', 'Canned Vegetables', 'Duct Tape', 'Weight Bench']",4,Debit Card,Rhondahaven,Adult (30-49),Spring,Discount on Selected Items,No,Midday,34.67
2023-08-12 14:29:36,Katherine Fernandez,"['Shoes', 'Cucumber', 'Coffee', 'Gym Bag', 'Shelving', 'Aluminum Foil']",6,Debit Card,Julialand,Middle-aged (50-64),Spring,Discount on Selected Items,No,Midday,57.61
2023-08-12 15:14:12,Sharon Ellison,"['Markers', 'Skirt', 'Bobby Pins', 'Energy Drinks', 'Beef', 'Chips', 'Frozen Waffles', 'T-Shirt']",8,Debit Card,Millershire,Middle-aged (50-64),Summer,BOGO (Buy One Get One),No,Midday,77.1
2023-08-12 16:46:37,Troy Taylor,"['Index Cards', 'Toothbrush', 'Calculator', 'Almonds', 'Comb', 'Trash Bags', 'Frozen Pizza Rolls', 'Skirt']",8,Debit Card,East Leeside,Middle-aged (50-64),Fall,Unknown Promotion,Yes,Afternoon,77.1
2023-08-12 17:22:20,Edward Curry,"['Light Bulbs', 'Protein Shakes']",2,Cash,Haleystad,Teenager (13-19),Winter,Unknown Promotion,No,Afternoon,14.55
2023-08-12 17:48:36,Shelby Hawkins,"['Post-it Notes', 'Canned Fruit', 'Pickles', 'Sports Bra', 'Shampoo', 'Granola Bars']",6,Credit Card,New Arthurland,Adult (30-49),Winter,Discount on Selected Items,Yes,Afternoon,56.07
2023-08-12 20:33:44,Sarah Rogers,"['Soap', 'Extension Cord', 'Duffel Bag', 'Gum', 'Soda']",5,Credit Card,Salasville,Teenager (13-19),Spring,Unknown Promotion,Yes,Evening,44.95
2023-08-12 21:33:04,Stacey Schneider,"['Frozen Cake', 'Wine', 'Paper Cups']",3,Debit Card,New William,Adult (30-49),Summer,BOGO (Buy One Get One),Yes,Evening,23.88
2023-08-13 05:29:04,James Jones,"['Shorts', 'Granola Bars', 'Deodorant', 'Frozen Meatballs']",4,Credit Card,New Ronald,Adult (30-49),Spring,BOGO (Buy One Get One),Yes,Morning,34.67
2023-08-13 07:41:40,Rachael Smith,"['Candy Bars', 'Chips', 'Toilet Bowl Cleaner', 'Sorbets', 'Juice', 'Bananas', 'Washcloths', 'Candles']",8,Debit Card,North Maryland,Young Adult (20-29),Winter,Unknown Promotion,No,Morning,77.1
2023-08-13 08:50:12,Thomas Lee,"['Dumbbells', 'Bikini', 'Eggs', 'Razors', 'Capri Pants', 'Frozen Breakfast Sandwiches']",6,Mobile Payment,Port Jamesbury,Teenager (13-19),Fall,BOGO (Buy One Get One),No,Morning,57.61
2023-08-13 09:58:09,Danielle Watson,"['Pull-up Bar', 'Shampoo', 'Bubble Bath', 'Folders']",4,Credit Card,Ballchester,Senior (65+),Fall,Discount on Selected Items,Yes,Morning,34.67
2023-08-13 11:15:02,Susan Howell,"['Oranges', 'Brownies', 'Workout Clothes', 'Crayons']",4,Credit Card,Coleville,Middle-aged (50-64),Winter,Discount on Selected Items,No,Midday,34.67
2023-08-13 12:05:40,Claudia Lambert,"['Brown Sugar', 'Exercise Bike', 'Canned Soup', 'Hand Sanitizer', 'Capri Pants', 'Scrubbers', 'Bathrobe', 'Frozen Pizza']",8,Mobile Payment,West Laurafort,Young Adult (20-29),Spring,Unknown Promotion,No,Midday,77.1
2023-08-13 12:58:25,Jessica Watson,"['Frozen Bread', 'Treadmill', 'Chocolate', 'Polo Shirt', 'Nail Clippers', 'Frozen Vegetables']",6,Cash,New Laurieshire,Young Adult (20-29),Fall,Unknown Promotion,Yes,Midday,56.07
2023-08-13 13:08:22,Dr. Brian Valenzuela,"['Nail Polish Remover', 'Cookies', 'Frozen Burritos', 'Handbag', 'Olive Oil', 'Plastic Cups', 'Lemonade']",7,Debit Card,Wilsonton,Middle-aged (50-64),Fall,BOGO (Buy One Get One),Yes,Midday,65.86
2023-08-13 14:35:00,Brian Terrell,"['Underwear', 'Frozen Bagels', 'Baking Soda', 'Muffins']",4,Credit Card,Jonathanside,Young Adult (20-29),Summer,Discount on Selected Items,Yes,Midday,34.67
2023-08-13 14:41:22,Shawn Richmond,"['Flashlight', 'Raincoat', 'Lighter Fluid', 'Pepper']",4,Cash,New Stevenfurt,Teenager (13-19),Fall,Discount on Selected Items,No,Midday,34.67
2023-08-13 14:56:56,Kevin Rich,"['Markers', 'Messenger Bag', 'Iced Tea', 'Purse', 'Envelopes', 'Frozen Pizza Rolls']",6,Mobile Payment,Harrisborough,Middle-aged (50-64),Fall,Discount on Selected Items,No,Midday,57.61
2023-08-13 15:27:23,Melanie Adams,"['Lighter', 'Ramen', 'Beef']",3,Debit Card,Port Jenniferfort,Young Adult (20-29),Spring,BOGO (Buy One Get One),Yes,Midday,23.88
2023-08-13 17:57:21,James Mclaughlin,"['Frozen Fries', 'Ziploc Bags', 'Multi-Surface Cleaner']",3,Debit Card,Bakerburgh,Adult (30-49),Summer,Discount on Selected Items,No,Afternoon,23.88
2023-08-13 19:23:33,Angela Brady,"['Bubble Bath', 'Capri Pants', 'Scarf', 'Shorts', 'Raincoat']",5,Debit Card,Knightside,Adult (30-49),Spring,BOGO (Buy One Get One),Yes,Evening,44.95
2023-08-13 19:26:05,Heather Stevens,"['Pretzels', 'Beach Towel', 'Paper Towels', 'Post-it Notes', 'Sunscreen', 'Water Bottle']",6,Cash,Rodriguezshire,Teenager (13-19),Spring,BOGO (Buy One Get One),Yes,Evening,56.07
2023-08-13 20:54:01,Amanda Beasley,"['Soap', 'Canned Soup', 'Frozen Pie', 'Yoga Pants']",4,Cash,Lake Gwendolyn,Middle-aged (50-64),Spring,BOGO (Buy One Get One),Yes,Evening,34.67
2023-08-13 21:19:46,Angelica Hull,"['Umbrella', 'Frozen Cookies', 'Storage Bins']",3,Debit Card,Autumnchester,Middle-aged (50-64),Spring,Discount on Selected Items,No,Evening,23.88
2023-08-13 23:18:15,Laura Smith,"['Flour', 'Oranges', 'Bathrobe', 'Bath Bombs']",4,Credit Card,Jacquelineport,Adult (30-49),Winter,Discount on Selected Items,No,Late Night,34.67
2023-08-14 07:31:04,Nancy Frederick,"['Orange Juice', 'Cheese']",2,Debit Card,East Danielle,Adult (30-49),Fall,Discount on Selected Items,Yes,Morning,14.55
2023-08-14 08:30:44,Michael Wilson,"['Bathrobe', 'Ice Cream Bars']",2,Cash,Danamouth,Adult (30-49),Winter,Unknown Promotion,Yes,Morning,14.55
2023-08-14 08:47:52,Logan Williams,"['Olive Oil', 'Ice Cream Tubs', 'Hand Sanitizer', 'Scissors', 'Cold Medicine', 'Batteries']",6,Debit Card,Parkershire,Senior (65+),Spring,Discount on Selected Items,Yes,Morning,56.07
2023-08-14 09:38:34,Luke Alvarez,"['Lighter Fluid', 'Aluminum Foil', 'Shaving Cream', 'Raisins', 'Gym Bag', 'Weight Bench', 'Candy Bars', 'Shoes', 'Toothbrush', 'Tote Bag', 'Frozen Pie']",11,Credit Card,East Brandibury,Adult (30-49),Fall,Discount on Selected Items,No,Morning,115.89
2023-08-14 10:39:14,Christopher Kelly,"['Bananas', 'Gym Towel', 'Eggs', 'Washcloths']",4,Credit Card,West Melissaland,Adult (30-49),Fall,BOGO (Buy One Get One),No,Midday,34.67
2023-08-14 11:46:13,Miranda Williams,['Pencils'],1,Cash,East Amyshire,Adult (30-49),Summer,BOGO (Buy One Get One),Yes,Midday,5.14
2023-08-14 12:02:57,Victoria Davis,"['Sweater', 'Extension Cord']",2,Debit Card,New Daniel,Middle-aged (50-64),Spring,Unknown Promotion,No,Midday,14.55
2023-08-14 13:09:20,Edward Mcdaniel,"['Toothpaste', 'Lemonade', 'Sunscreen', 'Extension Cord', 'Shoes', 'Matches']",6,Cash,Loveborough,Middle-aged (50-64),Summer,Discount on Selected Items,No,Midday,57.61
2023-08-14 13:10:57,Gregory Warren,"['Heels', 'Juice', 'Shampoo', 'Water Bottle']",4,Debit Card,Lake Charles,Middle-aged (50-64),Spring,Unknown Promotion,Yes,Midday,34.67
2023-08-14 14:51:04,Heather Brown,"['Thermometer', 'Deodorant', 'Jump Rope', 'Popsicles']",4,Cash,Mitchellfurt,Young Adult (20-29),Winter,BOGO (Buy One Get One),Yes,Midday,34.67
2023-08-14 15:41:53,Richard Jackson PhD,"['Socks', 'Flour']",2,Credit Card,Lake Elizabeth,Adult (30-49),Winter,Unknown Promotion,Yes,Midday,14.55
2023-08-14 17:05:52,Traci Webb,"['Bug Spray', 'Candy Bars', 'Protein Bars', 'Nail Clippers', 'Gum']",5,Mobile Payment,Halefurt,Adult (30-49),Winter,Unknown Promotion,Yes,Afternoon,44.95
2023-08-14 17:15:03,Samuel Mathews,"['Olives', 'Rice', 'Sneakers', 'Bathrobe', 'Tomato Sauce', 'Beef', 'Frozen Cake', 'Juice', 'Sweater', 'Raisins']",10,Cash,Gregorymouth,Teenager (13-19),Fall,Discount on Selected Items,No,Afternoon,102.2
2023-08-14 18:12:58,Stephanie Tyler,['Protein Shakes'],1,Credit Card,Oliviashire,Young Adult (20-29),Fall,BOGO (Buy One Get One),No,Afternoon,5.14
2023-08-15 04:55:28,Fernando Graves,"['Hangers', 'Lemonade', 'Frozen Fish Sticks']",3,Debit Card,Lake Anthonymouth,Teenager (13-19),Summer,Discount on Selected Items,Yes,Morning,23.88
2023-08-15 06:08:37,Wendy Johnson,"['Air Freshener', 'Protein Powder', 'Laundry Detergent', 'Comb', 'Sorbets']",5,Mobile Payment,Travisport,Adult (30-49),Spring,Discount on Selected Items,Yes,Morning,44.95
2023-08-15 10:02:10,Alicia Mora,"['Sunscreen', 'Cream Cheese']",2,Credit Card,New Don,Adult (30-49),Fall,BOGO (Buy One Get One),No,Midday,14.55
2023-08-15 11:56:39,Stephanie Lewis,"['Folders', 'Band-Aids', 'Trail Mix', 'Shelving']",4,Cash,Port Stacy,Teenager (13-19),Winter,Unknown Promotion,Yes,Midday,34.67
2023-08-15 12:33:11,Jennifer Weeks,"['Gelato', 'Sunscreen', 'Dish Soap', 'Cumin', 'Mac and Cheese', 'Dryer Sheets', 'Boots', 'Exercise Ball']",8,Mobile Payment,Heatherhaven,Young Adult (20-29),Fall,Unknown Promotion,No,Midday,77.1
2023-08-15 13:04:44,Jennifer Hicks,"['Shaving Cream', 'Protein Powder', 'Duffel Bag', 'Lighter', 'Cotton Swabs', 'Frozen Dinners', 'Spaghetti']",7,Debit Card,Rachaelhaven,Adult (30-49),Winter,Discount on Selected Items,Yes,Midday,65.86
2023-08-15 15:13:50,Brett West,"['Orange Juice', 'Raisins', 'Deodorant', 'Scarf', 'Tote Bag']",5,Mobile Payment,Katieborough,Middle-aged (50-64),Fall,BOGO (Buy One Get One),Yes,Midday,44.95
2023-08-15 17:32:28,Brittany Wong,"['Frozen Waffles', 'Facial Tissue', 'Air Freshener', 'Soap', 'Sweatshirt', 'Cheese', 'Flashlight', 'Tea']",8,Mobile Payment,Clairechester,Middle-aged (50-64),Fall,Discount on Selected Items,Yes,Afternoon,77.1
2023-08-16 02:24:36,Sierra Cooper,"['Bubble Bath', 'Jacket']",2,Credit Card,Knoxview,Senior (65+),Winter,BOGO (Buy One Get One),Yes,Early Morning,14.55
2023-08-16 03:30:46,Nancy Li,"['Energy Drinks', 'Sweatshirt', 'Jacket']",3,Credit Card,Kellerhaven,Young Adult (20-29),Winter,Unknown Promotion,Yes,Early Morning,23.88
2023-08-16 08:00:14,Patrick Jones,"['Rice', 'Fabric Softener', 'Snack Cakes', 'Water', 'Bleach', 'Vinegar', 'Chili Powder']",7,Credit Card,Nelsonburgh,Teenager (13-19),Winter,Unknown Promotion,No,Morning,65.86
2023-08-16 08:39:36,Tammy Cannon,"['Tape', 'Cotton Balls', 'Detergent', 'Picture Frames', 'Popcorn', 'Juice', 'Tomatoes', 'Heels', 'Suitcase', 'Shorts']",10,Cash,Salazarburgh,Adult (30-49),Summer,Discount on Selected Items,No,Morning,102.2
2023-08-16 09:32:42,Deborah Mejia,"['Frozen Fries', 'Tea', 'Frozen Waffles', 'Jelly', 'Paper Towels', 'Orange Juice', 'Heels', 'Tomato Sauce', 'Cotton Swabs', 'Sweatshirt']",10,Mobile Payment,Figueroaburgh,Young Adult (20-29),Summer,Discount on Selected Items,No,Morning,102.2
2023-08-16 10:08:27,Dawn Good,"['Yogurt', 'Cold Medicine', 'Cough Drops', 'Pretzels']",4,Mobile Payment,New Margaretmouth,Young Adult (20-29),Winter,Discount on Selected Items,No,Midday,34.67
2023-08-16 10:27:31,Gregory Adams,"['Duffel Bag', 'Bubble Bath', 'Soy Sauce', 'Cotton Balls', 'Allergy Medicine', 'Weight Bench', 'Bathrobe', 'Hat', 'Garlic Powder', 'Popcorn', 'Rice', 'Pens']",12,Cash,Booneview,Adult (30-49),Spring,BOGO (Buy One Get One),Yes,Midday,124.9
2023-08-16 12:44:39,April Moore,"['Pasta Sauce', 'Scissors', 'Hand Sanitizer', 'Cumin', 'Frozen Waffles', 'Ketchup', 'Swim Cap', 'Protein Bars', 'Mustard']",9,Debit Card,Thompsonfort,Adult (30-49),Fall,Discount on Selected Items,Yes,Midday,90.0
2023-08-16 14:17:11,Richard Yu,"['Air Freshener', 'Pasta', 'Packing Tape', 'Laptop Bag', 'Boots', 'Bikini', 'Toilet Bowl Cleaner', 'Sandals', 'Messenger Bag']",9,Mobile Payment,Allisonside,Adult (30-49),Fall,Discount on Selected Items,Yes,Midday,90.0
2023-08-16 14:58:07,Sarah Hicks,"['Candles', 'Index Cards', 'Yogurt', 'Body Wash', 'First Aid Kit', 'Sports Drinks', 'Frozen Burritos', 'Heels', 'Napkins']",9,Cash,Caseyland,Middle-aged (50-64),Fall,BOGO (Buy One Get One),Yes,Midday,90.0
2023-08-16 15:21:06,Victoria Matthews,"['Wallet', 'Capri Pants', 'Toilet Bowl Cleaner', 'Mac and Cheese', 'Bug Spray', 'Frozen Fish Sticks']",6,Cash,Charlesburgh,Adult (30-49),Spring,Unknown Promotion,No,Midday,57.61
2023-08-16 15:39:01,Allison Flores,"['Bath Salts', 'Peanut Butter', 'Bug Spray', 'Lighter Fluid', 'Candles', 'Sunglasses', 'Sponges']",7,Mobile Payment,Gonzalezburgh,Adult (30-49),Winter,Unknown Promotion,No,Midday,65.86
2023-08-16 16:15:47,Michael White,"['Cucumber', 'Passport Holder', 'Barbecue Sauce']",3,Cash,Jamietown,Middle-aged (50-64),Summer,Unknown Promotion,Yes,Afternoon,23.88
2023-08-16 17:09:28,Rachel Newton,"['Almonds', 'Cough Drops', 'Insect Repellent', 'Treadmill', 'Granola Bars', 'Air Freshener', 'Charcoal']",7,Credit Card,South Bethton,Middle-aged (50-64),Winter,BOGO (Buy One Get One),Yes,Afternoon,65.86
2023-08-16 17:40:31,Mark King,"['Energy Drinks', 'Milk', 'Instant Noodles']",3,Credit Card,North Andreatown,Senior (65+),Fall,Unknown Promotion,Yes,Afternoon,23.88
2023-08-16 17:48:48,Kelli Le,['Oranges'],1,Cash,Ronaldburgh,Adult (30-49),Winter,BOGO (Buy One Get One),Yes,Afternoon,5.14
2023-08-16 18:31:11,Lori Nelson,"['Leggings', 'Lighter', 'Kettlebells', 'One-Piece Swimsuit']",4,Cash,New Taylorburgh,Middle-aged (50-64),Fall,BOGO (Buy One Get One),No,Afternoon,34.67
2023-08-16 22:37:52,Kenneth Price,"['Beach Towel', 'Blouse', 'Binders', 'Canola Oil', 'Frozen Cake', 'Brown Sugar']",6,Mobile Payment,Martinezville,Senior (65+),Summer,Discount on Selected Items,Yes,Late Night,56.07
2023-08-17 06:31:41,Laura Cobb,"['Comb', 'Paper Towels', 'Garlic Powder', 'Shorts', 'Sweatshirt', 'Yogurt']",6,Mobile Payment,Lindseymouth,Adult (30-49),Spring,BOGO (Buy One Get One),No,Morning,57.61
2023-08-17 10:45:07,Christopher Sanchez,"['Multi-Surface Cleaner', 'Dryer Sheets', 'Shorts', 'Backpack']",4,Mobile Payment,Riceborough,Adult (30-49),Fall,Discount on Selected Items,No,Midday,34.67
2023-08-17 11:01:19,Courtney Daniels,"['Passport Holder', 'Shower Curtain', 'Multi-Surface Cleaner', 'Rowing Machine']",4,Credit Card,Craigmouth,Young Adult (20-29),Winter,Unknown Promotion,No,Midday,34.67
2023-08-17 11:19:48,Joshua Garcia,"['Exercise Bike', 'Frozen Bagels', 'Tea']",3,Cash,Bushmouth,Adult (30-49),Winter,BOGO (Buy One Get One),Yes,Midday,23.88
2023-08-17 12:00:09,Phillip Blankenship,"['Trail Mix', 'Plastic Wrap', 'Yoga Mat', 'Frozen Waffles']",4,Credit Card,Joshualand,Adult (30-49),Summer,BOGO (Buy One Get One),Yes,Midday,34.67
2023-08-17 12:02:40,Joshua Brown,"['Pencils', 'Ice Cream']",2,Cash,Lake Stacey,Senior (65+),Summer,BOGO (Buy One Get One),Yes,Midday,14.55
2023-08-17 12:17:38,Megan Swanson,"['Duffel Bag', 'Cough Syrup', 'Mouthwash', 'Handbag', 'Thermometer']",5,Cash,Deniseport,Middle-aged (50-64),Spring,Discount on Selected Items,Yes,Midday,44.95
2023-08-17 12:34:07,Jonathan Lewis MD,"['Butter', 'Candles', 'Chocolate', 'Super Glue', 'Ice Cream Tubs']",5,Debit Card,West Jasonview,Adult (30-49),Fall,BOGO (Buy One Get One),Yes,Midday,44.95
2023-08-17 13:17:07,Karen Sanchez,"['Blouse', 'Photo Albums', 'Mints', 'Gym Bag', 'Chili Powder', 'Batteries', 'Hat']",7,Cash,South Kristinfurt,Young Adult (20-29),Fall,Discount on Selected Items,Yes,Midday,65.86
2023-08-17 14:07:47,Jessica Cooper,"['Cinnamon', 'Exercise Bike', 'Slippers']",3,Cash,West Michael,Senior (65+),Summer,Unknown Promotion,Yes,Midday,23.88
2023-08-17 14:13:38,Mackenzie Garrett,"['Umbrella', 'Index Cards', 'Tomatoes', 'Pickles', 'Exercise Ball', 'Ice Cream Sandwiches', 'Frozen Garlic Bread']",7,Debit Card,Sarahside,Young Adult (20-29),Winter,Unknown Promotion,Yes,Midday,65.86
2023-08-17 14:27:39,Brian Edwards,['Luggage'],1,Cash,West Jimmyhaven,Middle-aged (50-64),Spring,BOGO (Buy One Get One),Yes,Midday,5.14
2023-08-17 14:39:54,James Peterson,"['Frozen Pizza Rolls', 'Shaving Cream', 'Cumin', 'Aluminum Foil', 'Raincoat', 'Beach Towel', 'Bleach', 'Storage Bins']",8,Mobile Payment,Reyesfurt,Adult (30-49),Summer,Unknown Promotion,No,Midday,77.1
2023-08-17 14:42:35,Alexander Williams,"['Paper Plates', 'Coat', 'Frozen Fish Sticks']",3,Mobile Payment,Sloanshire,Adult (30-49),Spring,Discount on Selected Items,No,Midday,23.88
2023-08-17 15:16:01,Danielle Blackwell,"['Orange Juice', 'Donuts', 'Eggs', 'Hand Sanitizer', 'Shower Cap', 'Tape', 'Canned Soup']",7,Cash,Breannaborough,Middle-aged (50-64),Summer,Unknown Promotion,Yes,Midday,65.86
2023-08-17 15:39:34,Kelly Adams,['Canned Fruit'],1,Credit Card,Taraton,Middle-aged (50-64),Spring,Unknown Promotion,Yes,Midday,5.14
2023-08-17 17:44:55,Sarah Andrews,"['Plastic Cups', 'Plastic Wrap', 'Frozen Pancakes', 'Frozen Garlic Bread']",4,Cash,Lake Erinshire,Adult (30-49),Winter,BOGO (Buy One Get One),Yes,Afternoon,34.67
2023-08-17 17:45:28,Mary Rangel,"['Ketchup', 'Calculator', 'Air Freshener']",3,Mobile Payment,Lake Angela,Young Adult (20-29),Spring,BOGO (Buy One Get One),No,Afternoon,23.88
2023-08-17 18:13:19,Heather Neal,"['Bath Bombs', 'Frozen Pancakes']",2,Mobile Payment,New Jacob,Adult (30-49),Fall,Unknown Promotion,Yes,Afternoon,14.55
2023-08-17 19:23:19,Samuel Santiago,"['Polo Shirt', 'Tote Bag', 'Sugar', 'Super Glue', 'Frozen Pizza', 'Frozen Pie', 'Garlic Powder', 'Jeans']",8,Credit Card,North Markland,Young Adult (20-29),Winter,BOGO (Buy One Get One),Yes,Evening,77.1
2023-08-17 19:56:02,Paul Moore,"['Vinegar', 'Popsicles', 'Gelato', 'Laundry Detergent']",4,Debit Card,North Jenniferstad,Teenager (13-19),Winter,Discount on Selected Items,No,Evening,34.67
2023-08-18 00:01:41,Allison Jackson,"['Bananas', 'Lemonade', 'Frozen Chicken Nuggets', 'Onion Powder', 'Toothbrush', 'Pajamas', 'Bath Mat', 'Baking Powder', 'Stain Remover', 'Laptop Bag']",10,Debit Card,Port Jasminebury,Middle-aged (50-64),Fall,Discount on Selected Items,No,Early Morning,102.2
2023-08-18 08:45:52,Jessica Cardenas,"['Ice Cream Tubs', 'Shelving', 'Exercise Ball', 'Underwear', 'Mac and Cheese', 'Carry-on Bag', 'Gym Towel', 'Suitcase', 'Sneakers', 'Exercise Bike', 'Oranges']",11,Credit Card,Sydneymouth,Adult (30-49),Spring,BOGO (Buy One Get One),Yes,Morning,113.03
2023-08-18 12:29:13,Frances Garcia,"['Soy Sauce', 'Resistance Bands', 'Gelato', 'Iced Tea', 'Polo Shirt', 'Packing Tape', 'Exercise Bike', 'Jacket', 'Frozen Bread', 'Cookies']",10,Mobile Payment,Brownstad,Senior (65+),Summer,Discount on Selected Items,No,Midday,102.2
2023-08-18 13:52:02,Stephen Greer PhD,"['Cashews', 'Pretzels']",2,Mobile Payment,Whiteborough,Middle-aged (50-64),Winter,Discount on Selected Items,Yes,Midday,14.55
2023-08-18 15:45:40,Rita Wood,['Frozen Waffles'],1,Cash,South Maria,Young Adult (20-29),Spring,Discount on Selected Items,Yes,Midday,5.14
2023-08-18 15:55:51,Christina Green,"['Cumin', 'Popcorn', 'Paper Cups', 'Ice Cream', 'Brownies']",5,Mobile Payment,West Curtishaven,Middle-aged (50-64),Spring,BOGO (Buy One Get One),No,Midday,44.95
2023-08-18 16:10:40,Corey Hood,"['Cashews', 'Frozen Breakfast Sandwiches', 'Sponges', 'Foam Roller', 'Matches', 'Exercise Ball']",6,Mobile Payment,Lake Michael,Middle-aged (50-64),Spring,BOGO (Buy One Get One),No,Afternoon,57.61
2023-08-18 16:36:54,Erin Roberts,"['Resistance Bands', 'Frozen Pie', 'Insect Repellent', 'Tank Top', 'Flour', 'Rice', 'Flashlight', 'Lollipops', 'Beer', 'Lighter Fluid']",10,Debit Card,New Jenniferton,Young Adult (20-29),Winter,Discount on Selected Items,No,Afternoon,102.2
2023-08-18 18:36:55,Timothy Fox,['Post-it Notes'],1,Debit Card,Williamsfort,Middle-aged (50-64),Summer,Discount on Selected Items,No,Afternoon,5.14
2023-08-18 18:47:14,David Knox,"['Orange Juice', 'Bubble Wrap', 'Yogurt', 'Laptop Bag', 'Sunscreen', 'Stain Remover', 'Cotton Swabs', 'Plastic Wrap', 'Wallet', 'Eggs']",10,Cash,Hannahburgh,Adult (30-49),Winter,BOGO (Buy One Get One),Yes,Afternoon,102.2
2023-08-18 18:48:48,Susan Jones,"['Frozen Garlic Bread', 'Body Wash', 'Bath Salts', 'One-Piece Swimsuit', 'Hoodie']",5,Debit Card,Watkinsbury,Adult (30-49),Spring,Discount on Selected Items,No,Afternoon,44.95
2023-08-18 19:15:43,Morgan Anderson,"['Hat', 'Cereal', 'Orange Juice', 'Blouse', 'Paprika']",5,Debit Card,Griffinview,Young Adult (20-29),Winter,Discount on Selected Items,Yes,Evening,44.95
2023-08-18 19:16:35,Michael Espinoza,"['Insect Repellent', 'Weight Bench']",2,Credit Card,West Mary,Adult (30-49),Spring,BOGO (Buy One Get One),Yes,Evening,14.55
2023-08-19 07:54:30,Michelle Acosta,"['Index Cards', 'Soy Sauce', 'Pants', 'Yoga Pants']",4,Credit Card,Jacksonstad,Adult (30-49),Summer,Unknown Promotion,No,Morning,34.67
2023-08-19 10:49:23,Megan Blankenship,"['Frozen Dinners', 'Iced Tea']",2,Mobile Payment,Glenshire,Teenager (13-19),Winter,Unknown Promotion,Yes,Midday,14.55
2023-08-19 11:42:27,Steven Williams,"['Granola Bars', 'Ice Cream Cones', 'Exercise Ball', 'Soda', 'Dried Cranberries']",5,Mobile Payment,Websterchester,Teenager (13-19),Spring,Unknown Promotion,No,Midday,44.95
2023-08-19 12:41:13,Valerie Bell,"['Ice Cream Bars', 'Lip Balm', 'Exercise Bike', 'Batteries', 'Lemonade']",5,Credit Card,Alexandermouth,Adult (30-49),Fall,BOGO (Buy One Get One),No,Midday,44.95
2023-08-19 13:23:44,Kenneth May,"['Charcoal', 'Frozen Fruit', 'Laundry Detergent', 'Beach Towel', 'Cream Cheese', 'Glue', 'Post-it Notes', 'Storage Bins', 'Insect Repellent', 'Tank Top', 'Butter']",11,Mobile Payment,North Brian,Adult (30-49),Spring,Unknown Promotion,Yes,Midday,113.03
2023-08-19 13:31:07,Antonio Gonzalez,"['Mayonnaise', 'Lip Balm', 'Sunscreen', 'Disinfectant Wipes', 'Pickles', 'Wine', 'Snack Cakes']",7,Mobile Payment,Chenville,Young Adult (20-29),Winter,Unknown Promotion,No,Midday,65.86
2023-08-19 15:30:51,Valerie White,"['Binders', 'Goggles', 'Luggage', 'Napkins', 'Towels', 'Photo Albums']",6,Debit Card,Diazton,Teenager (13-19),Summer,Discount on Selected Items,Yes,Midday,56.07
2023-08-19 17:34:50,Kelly Salas,"['Pretzels', 'Popsicles', 'Instant Noodles', 'Frozen Meatballs', 'Tweezers']",5,Debit Card,North Aprilport,Young Adult (20-29),Winter,BOGO (Buy One Get One),Yes,Afternoon,44.95
2023-08-19 18:09:53,John Simpson,"['Allergy Medicine', 'Messenger Bag', 'Paper Cups', 'Eggs']",4,Mobile Payment,East Jenniferstad,Adult (30-49),Winter,BOGO (Buy One Get One),Yes,Afternoon,34.67
2023-08-19 18:54:50,Kimberly Brown,"['Ice Cream Sandwiches', 'Frozen Vegetables', 'Nail Clippers', 'Fabric Softener', 'Tomatoes', 'Spaghetti']",6,Cash,South Sarahshire,Adult (30-49),Spring,Discount on Selected Items,Yes,Afternoon,56.07
2023-08-19 21:08:01,Amber Jackson,"['Floss', 'Underwear', 'Mustard', 'Boots', 'Sports Bra', 'Duffel Bag', 'Hairbrush', 'Storage Bins']",8,Credit Card,East Joanborough,Teenager (13-19),Fall,BOGO (Buy One Get One),No,Evening,77.1
2023-08-19 22:41:41,Stephanie Guzman,"['One-Piece Swimsuit', 'Canned Vegetables']",2,Debit Card,New Ashleyview,Adult (30-49),Fall,BOGO (Buy One Get One),No,Late Night,14.55
2023-08-20 07:11:01,Samantha Jackson,['Razors'],1,Mobile Payment,West Oscar,Middle-aged (50-64),Fall,BOGO (Buy One Get One),No,Morning,5.14
2023-08-20 09:22:39,Jacob Copeland,"['Mac and Cheese', 'Cough Syrup', 'Paprika', 'Blouse', 'Frozen Cookies', 'Towels', 'Shampoo', 'Deodorant', 'Index Cards', 'Detergent']",10,Debit Card,Port Brenda,Young Adult (20-29),Fall,BOGO (Buy One Get One),No,Morning,102.2
2023-08-20 09:53:35,Tara Aguilar,"['Weight Bench', 'Frozen Pancakes', 'Toothbrush', 'Bathrobe', 'Beer']",5,Cash,North Trevorstad,Adult (30-49),Spring,Discount on Selected Items,Yes,Morning,44.95
2023-08-20 10:08:31,Maria Chaney,"['Markers', 'Insect Repellent', 'Swim Cap', 'Deodorant', 'Chips']",5,Debit Card,South Laura,Young Adult (20-29),Spring,Discount on Selected Items,Yes,Midday,44.95
2023-08-20 10:34:26,Kathleen Thomas,"['Lotion', 'Frozen Meatballs', 'Sorbets', 'Notebooks']",4,Credit Card,Frederickview,Young Adult (20-29),Summer,Unknown Promotion,No,Midday,34.67
2023-08-20 10:46:43,Tina Pierce,"['Sneakers', 'Yoga Pants', 'Flats']",3,Mobile Payment,South Billyview,Young Adult (20-29),Winter,BOGO (Buy One Get One),Yes,Midday,23.88
2023-08-20 11:08:20,Aaron Crawford,"['Beach Towel', 'Frozen Burritos', 'Garlic Powder', 'Baking Soda']",4,Mobile Payment,Mahoneyhaven,Senior (65+),Spring,BOGO (Buy One Get One),No,Midday,34.67
2023-08-20 12:19:54,Whitney Long,"['Water Bottle', 'Frozen Cookies', 'Trail Mix', 'Lollipops']",4,Credit Card,Port Williamton,Teenager (13-19),Fall,BOGO (Buy One Get One),No,Midday,34.67
2023-08-20 12:36:35,Nathan Robinson,"['Sugar', 'Passport Holder', 'Blouse', 'Binders', 'Instant Noodles', 'Dress']",6,Debit Card,New Leslie,Middle-aged (50-64),Fall,Discount on Selected Items,Yes,Midday,56.07
2023-08-20 13:57:33,Amy Peterson,"['Aluminum Foil', 'Colored Pencils', 'Swim Cap', 'Calculator', 'Granola Bars', 'Sweater', 'Scrubbers']",7,Mobile Payment,Browningbury,Adult (30-49),Summer,Unknown Promotion,Yes,Midday,65.86
2023-08-20 14:50:20,Stephanie Young,"['Glass Cleaner', 'Paper Plates', 'Bath Mat', 'Shower Shoes', 'Cream Cheese']",5,Mobile Payment,Anthonyville,Middle-aged (50-64),Winter,Unknown Promotion,Yes,Midday,44.95
2023-08-20 15:57:44,Misty Pope,"['Resistance Bands', 'Apples', 'Bikini', 'Headbands', 'Canned Fruit', 'Chips']",6,Debit Card,Port Evan,Teenager (13-19),Winter,BOGO (Buy One Get One),Yes,Midday,56.07
2023-08-20 17:25:54,Maria Miller,"['Baking Powder', 'Sunscreen', 'Sorbets']",3,Cash,Lynnfort,Middle-aged (50-64),Winter,BOGO (Buy One Get One),No,Afternoon,23.88
2023-08-20 18:06:07,Sandra Pham,"['Folders', 'Lotion']",2,Cash,West Josephborough,Adult (30-49),Summer,Discount on Selected Items,No,Afternoon,14.55
2023-08-21 02:23:27,Brenda Clayton DDS,"['Baking Powder', 'Laundry Basket', 'Shaving Cream', 'Canned Tuna', 'Backpack', 'Milk', 'Mayonnaise', 'Photo Albums']",8,Cash,Williamsside,Adult (30-49),Spring,Unknown Promotion,Yes,Early Morning,77.1
2023-08-21 05:33:40,Catherine Gomez,"['Frozen Vegetables', 'Pens']",2,Debit Card,Jonesbury,Teenager (13-19),Summer,BOGO (Buy One Get One),Yes,Morning,14.55
2023-08-21 07:04:46,Juan Rodriguez,"['One-Piece Swimsuit', 'Carry-on Bag', 'Plastic Utensils', 'Mouthwash', 'Tape', 'Notebooks', 'Notebook Paper', 'Frozen Vegetables', 'Shower Shoes', 'Brownies']",10,Debit Card,Hinesmouth,Middle-aged (50-64),Summer,Discount on Selected Items,No,Morning,102.2
2023-08-21 07:06:14,Seth Reynolds,"['Cookies', 'Headbands', 'Passport Holder']",3,Cash,Jamieburgh,Adult (30-49),Summer,BOGO (Buy One Get One),Yes,Morning,23.88
2023-08-21 09:41:31,Christina Watts,"['Dish Soap', 'Syrup', 'Frozen Pizza Rolls', 'Water']",4,Credit Card,South Mariaborough,Middle-aged (50-64),Spring,Discount on Selected Items,Yes,Morning,34.67
2023-08-21 10:58:39,Anthony Stewart,"['Brownies', 'Water', 'Toothbrush', 'Messenger Bag', 'Insect Repellent']",5,Credit Card,Jacksonmouth,Middle-aged (50-64),Spring,Discount on Selected Items,No,Midday,44.95
2023-08-21 12:12:51,Christine Parks,"['Frozen Breakfast Sandwiches', 'Water', 'Facial Tissue', 'Nail Clippers', 'Ice Cream Tubs', 'Razors']",6,Debit Card,Lake Tammy,Senior (65+),Fall,BOGO (Buy One Get One),Yes,Midday,56.07
2023-08-21 12:16:09,Cynthia Alexander,"['Shoes', 'Thermometer', 'Canned Fruit', 'Chewing Gum', 'Envelopes']",5,Credit Card,Johnsonland,Adult (30-49),Winter,Discount on Selected Items,No,Midday,44.95
2023-08-21 12:33:18,Caitlin Galloway,"['Shampoo', 'Chili Powder', 'Snack Cakes', 'Suitcase']",4,Mobile Payment,Vasquezborough,Adult (30-49),Winter,Unknown Promotion,Yes,Midday,34.67
2023-08-21 13:47:57,Justin Phelps,"['Hangers', 'Flour']",2,Cash,Williamport,Young Adult (20-29),Fall,Unknown Promotion,Yes,Midday,14.55
2023-08-21 14:37:17,Joseph Perez,"['Cereal', 'Briefcase', 'Laundry Detergent', 'Towels', 'Elliptical']",5,Credit Card,Lake Anthony,Middle-aged (50-64),Spring,Unknown Promotion,Yes,Midday,44.95
2023-08-21 17:31:04,Virginia Lara,"['Cumin', 'Exercise Ball', 'Yogurt', 'Protein Powder', 'Disinfectant Wipes', 'Raincoat', 'Notebook Paper', 'Jam', 'Carry-on Bag']",9,Mobile Payment,Sueview,Middle-aged (50-64),Fall,BOGO (Buy One Get One),No,Afternoon,90.0
2023-08-21 17:46:22,Kathleen Ramirez,"['Skirt', 'Tea', 'Canned Soup', 'Brownies']",4,Debit Card,West Brianhaven,Young Adult (20-29),Winter,Discount on Selected Items,Yes,Afternoon,34.67
2023-08-21 19:17:16,Katie Robinson DDS,"['Frozen Fish Sticks', 'Sandals']",2,Mobile Payment,South Danielstad,Senior (65+),Winter,Unknown Promotion,Yes,Evening,14.55
2023-08-22 05:04:15,Emily Johnson,"['Sugar', 'Jam', 'Slippers', 'Deodorant', 'Crackers', 'Pens']",6,Credit Card,Lake Williamchester,Young Adult (20-29),Summer,BOGO (Buy One Get One),No,Morning,57.61
2023-08-22 11:13:55,Mckenzie Perry,['Onion Powder'],1,Debit Card,South Paulshire,Middle-aged (50-64),Spring,Discount on Selected Items,No,Midday,5.14
2023-08-22 11:18:29,Dr. Michael Odonnell,"['Popsicles', 'Shampoo', 'Beef', 'Baking Soda']",4,Cash,Bentonmouth,Adult (30-49),Summer,BOGO (Buy One Get One),No,Midday,34.67
2023-08-22 14:36:58,Angela Harding,"['Cream Cheese', 'Honey', 'Beer']",3,Credit Card,West Kaylaside,Adult (30-49),Summer,Unknown Promotion,Yes,Midday,23.88
2023-08-22 14:41:46,Alex Martin,"['Frozen Vegetables', 'Sweatshirt', 'Canned Soup', 'Nail Clippers']",4,Mobile Payment,South Laurafort,Teenager (13-19),Winter,Discount on Selected Items,Yes,Midday,34.67
2023-08-22 14:44:11,Sean Scott,['Raincoat'],1,Credit Card,Navarroside,Adult (30-49),Fall,BOGO (Buy One Get One),No,Midday,5.14
2023-08-22 14:53:53,James Hardy,"['Elliptical', 'Swim Trunks', 'Toothpaste']",3,Credit Card,Port Juan,Middle-aged (50-64),Spring,Discount on Selected Items,Yes,Midday,23.88
2023-08-22 15:23:13,James Martin,"['Cotton Swabs', 'Facial Tissue', 'Allergy Medicine', 'Batteries', 'Paper Cups', 'Laptop Bag', 'Frozen Bread', 'Soy Sauce', 'Gym Bag', 'Shampoo', 'Ice Cream Bars']",11,Debit Card,West Charles,Young Adult (20-29),Fall,BOGO (Buy One Get One),No,Midday,115.89
2023-08-22 16:40:30,Matthew Mitchell,"['Protein Shakes', 'Bobby Pins', 'Frozen Waffles', 'Briefcase']",4,Cash,West Greggtown,Adult (30-49),Fall,Discount on Selected Items,Yes,Afternoon,34.67
2023-08-22 17:00:52,Laura Harris,"['Blouse', 'Cookies', 'Bleach']",3,Cash,South Jasmineberg,Adult (30-49),Fall,Unknown Promotion,Yes,Afternoon,23.88
2023-08-22 17:04:45,Kenneth Torres,"['Fabric Softener', 'Nail Polish', 'Oranges', 'Workout Clothes', 'Dish Soap', 'Honey', 'Skirt', 'Cold Medicine', 'Orange Juice']",9,Mobile Payment,North Danielle,Adult (30-49),Summer,BOGO (Buy One Get One),No,Afternoon,90.0
2023-08-22 17:56:59,Daniel Pratt,"['Rice', 'Olive Oil', 'Frozen Dinners']",3,Credit Card,North Jared,Teenager (13-19),Summer,Discount on Selected Items,Yes,Afternoon,23.88
2023-08-22 19:42:49,Thomas Brown,"['Bath Bombs', 'Brownies', 'Frozen Breakfast Sandwiches', 'Olive Oil', 'Toilet Bowl Cleaner', 'Colored Pencils', 'Slippers', 'Toothbrush', 'Beach Towel', 'Luggage']",10,Credit Card,West Valerie,Middle-aged (50-64),Winter,Discount on Selected Items,Yes,Evening,102.2
2023-08-22 19:59:21,Justin Jones,"['Plastic Cups', 'Bathrobe', 'Iced Tea', 'Bagels']",4,Credit Card,Steinton,Teenager (13-19),Spring,BOGO (Buy One Get One),No,Evening,34.67
2023-08-22 20:55:54,Beth Mcguire,"['Notebook Paper', 'Jam']",2,Mobile Payment,Jimeneztown,Young Adult (20-29),Spring,Discount on Selected Items,No,Evening,14.55
2023-08-22 21:11:35,Tanya Mckay,"['Dish Soap', 'Bagels', 'Jelly', 'Jacket', 'Thermometer']",5,Cash,New Rebecca,Adult (30-49),Summer,Discount on Selected Items,Yes,Evening,44.95
2023-08-22 23:37:34,Jared Glass,"['Backpack', 'Laundry Detergent', 'Flour']",3,Mobile Payment,Dennisbury,Young Adult (20-29),Summer,Unknown Promotion,Yes,Late Night,23.88
2023-08-22 23:51:35,Janet Ballard,"['Candles', 'Belt', 'Toilet Paper', 'Rice', 'Bath Mat', 'Pajamas', 'Lollipops']",7,Mobile Payment,East Brent,Adult (30-49),Summer,Unknown Promotion,No,Late Night,65.86
2023-08-23 01:30:17,Mark Jones,"['Frozen Meatballs', 'Shower Cap', 'Lighter', 'Chicken', 'Insect Repellent', 'Allergy Medicine']",6,Cash,Haroldville,Adult (30-49),Spring,BOGO (Buy One Get One),No,Early Morning,57.61
2023-08-23 04:57:09,Teresa Hamilton,['Gelato'],1,Debit Card,Collinschester,Adult (30-49),Fall,Discount on Selected Items,No,Morning,5.14
2023-08-23 06:51:23,Maria Lewis,['Iced Tea'],1,Credit Card,Potterside,Middle-aged (50-64),Summer,Discount on Selected Items,Yes,Morning,5.14
2023-08-23 06:56:51,Leslie Villanueva,"['Olive Oil', 'Insect Repellent', 'Pull-up Bar', 'Jam', 'Spaghetti', 'Chicken', 'Bath Salts', 'Flashlight', 'Flip Flops', 'Cucumber']",10,Credit Card,North David,Adult (30-49),Summer,BOGO (Buy One Get One),No,Morning,102.2
2023-08-23 08:23:51,William Hill,"['Frozen Bagels', 'Disinfectant Wipes', 'Frozen Pizza']",3,Credit Card,Lake Samuel,Middle-aged (50-64),Fall,BOGO (Buy One Get One),No,Morning,23.88
2023-08-23 08:33:51,Timothy Harrell,"['Lighter', 'Frozen Bread', 'Juice', 'Flats']",4,Mobile Payment,Sylviashire,Adult (30-49),Summer,Unknown Promotion,No,Morning,34.67
2023-08-23 09:44:27,Deanna Malone,"['Cookies', 'Frozen Fruit', 'Frozen Waffles', 'Bobby Pins', 'Picture Frames', 'Bubble Wrap', 'Bra']",7,Cash,Jamesside,Senior (65+),Summer,BOGO (Buy One Get One),Yes,Morning,65.86
2023-08-23 10:34:48,Michaela Hunter,"['Moving Boxes', 'Pasta Sauce', 'Bleach', 'Chocolate', 'Canned Fruit', 'Raisins', 'Workout Clothes', 'Tomato Sauce', 'Laundry Basket']",9,Credit Card,South Michelle,Adult (30-49),Summer,Unknown Promotion,No,Midday,90.0
2023-08-23 10:47:27,Eric Haas,"['Canola Oil', 'Ice Cream Cones', 'Umbrella']",3,Cash,East Daniel,Middle-aged (50-64),Summer,Unknown Promotion,No,Midday,23.88
2023-08-23 10:59:45,William Curry,"['Shorts', 'Deodorant', 'Sunscreen', 'Tomatoes', 'Super Glue', 'Capri Pants']",6,Cash,Robertfort,Young Adult (20-29),Summer,Unknown Promotion,Yes,Midday,56.07
2023-08-23 11:29:26,Michael Coffey,"['Vegetable Oil', 'Vinegar', 'Tape', 'Bathrobe']",4,Cash,New Brianchester,Adult (30-49),Summer,Discount on Selected Items,No,Midday,34.67
2023-08-23 13:22:53,Amber Stokes,"['Frozen Fish Sticks', 'Yoga Mat', 'Tea', 'Disinfectant Wipes', 'Ice Cream Bars']",5,Debit Card,Jimmyview,Senior (65+),Fall,Unknown Promotion,Yes,Midday,44.95
2023-08-23 13:31:30,Kyle Clark,"['Cumin', 'Shower Cap', 'Stain Remover', 'Orange Juice', 'Pants', 'Ice Cream Cones']",6,Debit Card,Haynesfurt,Teenager (13-19),Fall,Unknown Promotion,Yes,Midday,56.07
2023-08-23 13:34:38,Martin Montgomery,"['Canned Vegetables', 'Disinfectant Wipes', 'Laundry Basket', 'Pants', 'Glass Cleaner', 'Baking Soda']",6,Debit Card,Melaniechester,Middle-aged (50-64),Winter,Discount on Selected Items,No,Midday,57.61
2023-08-23 14:06:30,Cody Holden,"['Notebooks', 'Apples', 'Paper Towels', 'Hair Ties', 'Bath Bombs', 'Paprika', 'Coffee', 'Treadmill', 'Sweatshirt', 'Cotton Swabs']",10,Cash,Gambleport,Middle-aged (50-64),Fall,Discount on Selected Items,No,Midday,102.2
2023-08-23 14:53:22,Justin Mcgee,"['Sponges', 'Bath Mat', 'Sunscreen', 'Winter Hat', 'Insect Repellent', 'Chewing Gum', 'Bikini', 'Popcorn']",8,Mobile Payment,Hoodbury,Adult (30-49),Summer,Discount on Selected Items,No,Midday,77.1
2023-08-23 15:58:14,Angela Flynn,"['Bug Spray', 'Slippers', 'Sorbets', 'Pencils', 'Weight Bench', 'Oats']",6,Cash,Lake Troy,Adult (30-49),Fall,Discount on Selected Items,Yes,Midday,56.07
2023-08-23 16:46:01,Wesley Cox,"['Pain Relievers', 'Pretzels', 'Butter', 'Kettlebells', 'Donuts']",5,Cash,North Robertfurt,Adult (30-49),Fall,BOGO (Buy One Get One),No,Afternoon,44.95
2023-08-23 18:02:33,Olivia Leon,"['Light Bulbs', 'Construction Paper', 'Candles', 'Trash Bags', 'Briefcase', 'Washcloths']",6,Cash,East Lisa,Adult (30-49),Winter,BOGO (Buy One Get One),No,Afternoon,57.61
2023-08-23 19:21:58,Emily Clark,"['Ramen', 'Bathrobe', 'Socks', 'Energy Drinks', 'Headbands', 'Scarf', 'Dumbbells', 'Sweater']",8,Debit Card,Cooktown,Adult (30-49),Winter,Unknown Promotion,Yes,Evening,77.1
2023-08-24 09:02:41,Shawn Moran,"['Soap', 'Detergent', 'Pepper', 'Tote Bag']",4,Mobile Payment,Donaldshire,Adult (30-49),Summer,Unknown Promotion,No,Morning,34.67
2023-08-24 09:31:44,John Walton,"['Toilet Paper', 'Notebook Paper', 'Mouthwash', 'Bleach', 'Cashews', 'One-Piece Swimsuit', 'Jeans', 'Ruler', 'Mints']",9,Mobile Payment,Tylerbury,Senior (65+),Summer,BOGO (Buy One Get One),No,Morning,90.0
2023-08-24 10:41:24,Lydia Olson,['Treadmill'],1,Cash,Andrewborough,Adult (30-49),Winter,Discount on Selected Items,Yes,Midday,5.14
2023-08-24 13:01:43,Deborah Taylor,"['Extension Cord', 'Swim Cap', 'Frozen Pizza Rolls', 'Bikini', 'Nail Polish', 'Aluminum Foil']",6,Debit Card,Smithberg,Teenager (13-19),Winter,Unknown Promotion,No,Midday,57.61
2023-08-24 14:55:09,Tom Hall,"['Sponges', 'Bubble Bath', 'Pasta Sauce', 'Hand Sanitizer', 'One-Piece Swimsuit', 'Onion Powder']",6,Mobile Payment,West Caitlin,Young Adult (20-29),Summer,Discount on Selected Items,Yes,Midday,56.07
2023-08-24 15:26:39,Carmen Frost,"['Brown Sugar', 'Treadmill', 'Folders', 'Air Freshener', 'Dress', 'Bubble Wrap']",6,Cash,Port Douglasmouth,Young Adult (20-29),Fall,BOGO (Buy One Get One),Yes,Midday,56.07
2023-08-24 18:26:40,Robert Love,"['Frozen Garlic Bread', 'Extension Cord', 'Raincoat', 'Wallet']",4,Cash,Cummingsberg,Adult (30-49),Fall,Discount on Selected Items,Yes,Afternoon,34.67
2023-08-24 18:52:08,John Taylor,"['Water Bottle', 'Plastic Cups']",2,Debit Card,Williamchester,Adult (30-49),Spring,BOGO (Buy One Get One),No,Afternoon,14.55
2023-08-24 20:01:14,Andrea Mayo,"['Juice', 'Rice', 'Handbag', 'Flashlight']",4,Mobile Payment,North Lauren,Young Adult (20-29),Summer,Unknown Promotion,Yes,Evening,34.67
2023-08-24 20:15:40,Ashley Ramos,"['Candy Bars', 'Extension Cord', 'Ice Cream Cones', 'Body Wash']",4,Mobile Payment,South Anthony,Adult (30-49),Summer,Unknown Promotion,Yes,Evening,34.67
2023-08-24 20:42:55,Regina Morrison,"['Shower Curtain', 'Body Wash', 'Beef', 'Jump Rope', 'Frozen Dinners']",5,Mobile Payment,North John,Teenager (13-19),Spring,BOGO (Buy One Get One),No,Evening,44.95
2023-08-25 02:49:47,Paul Marshall,"['Bread', 'Sneakers', 'Bra']",3,Cash,South Jenniferchester,Adult (30-49),Fall,Unknown Promotion,No,Early Morning,23.88
2023-08-25 04:37:45,Dana Morrison,"['Kettlebells', 'Bread', 'Stamps']",3,Debit Card,North Amandaburgh,Young Adult (20-29),Fall,BOGO (Buy One Get One),Yes,Morning,23.88
2023-08-25 05:45:53,Larry Garcia,"['Salt', 'Paper Cups', 'Hand Sanitizer', 'Wallet', 'Tweezers', 'Lemonade']",6,Debit Card,New Joshuaview,Adult (30-49),Spring,Discount on Selected Items,Yes,Morning,56.07
2023-08-25 08:46:26,Sarah Williams,"['Dress', 'Baking Soda', 'Oranges', 'Photo Albums']",4,Credit Card,Shaneview,Teenager (13-19),Fall,Unknown Promotion,No,Morning,34.67
2023-08-25 09:20:15,Sarah Waters,"['Swim Cap', 'Almonds', 'Milk', 'Shower Shoes', 'Wallet', 'Towels', 'Cream Cheese', 'Frozen Pizza', 'Olives']",9,Debit Card,Port Tarastad,Young Adult (20-29),Winter,Unknown Promotion,Yes,Morning,90.0
2023-08-25 10:03:13,William Turner,"['Briefcase', 'Flashlight', 'Frozen Meatballs', 'Soap', 'Pickles']",5,Cash,West Ashley,Young Adult (20-29),Winter,Discount on Selected Items,Yes,Midday,44.95
2023-08-25 10:04:50,Thomas Smith MD,"['Brownies', 'Apples', 'Flour', 'Pants', 'T-Shirt', 'Towels']",6,Credit Card,Danachester,Adult (30-49),Summer,Unknown Promotion,Yes,Midday,56.07
2023-08-25 13:12:03,Melanie Hall,"['Tank Top', 'Peanut Butter', 'Lip Balm', 'Laundry Detergent']",4,Mobile Payment,Lake John,Adult (30-49),Summer,Unknown Promotion,Yes,Midday,34.67
2023-08-25 13:28:34,Tracy Miller,"['Colored Pencils', 'Dryer Sheets']",2,Debit Card,Tiffanyburgh,Young Adult (20-29),Winter,BOGO (Buy One Get One),No,Midday,14.55
2023-08-25 13:38:14,Darrell Manning,"['Bobby Pins', 'Batteries', 'Flour', 'Moving Boxes', 'Pepper', 'Frozen Pancakes']",6,Mobile Payment,West Danielle,Middle-aged (50-64),Summer,Discount on Selected Items,Yes,Midday,56.07
2023-08-25 15:47:04,Terry Scott,"['Gum', 'Sweatshirt', 'Syrup', 'Cough Syrup', 'Almonds', 'Jelly', 'Pain Relievers', 'Sports Bra', 'Slippers', 'Workout Clothes']",10,Mobile Payment,Cooperstad,Adult (30-49),Spring,Unknown Promotion,No,Midday,102.2
2023-08-25 17:09:07,William Anderson,"['Raisins', 'Suitcase', 'Laptop Bag', 'Cinnamon']",4,Debit Card,Lake Jesusburgh,Middle-aged (50-64),Spring,Unknown Promotion,Yes,Afternoon,34.67
2023-08-25 18:55:47,Lisa Rivera,"['Frozen Meatballs', 'Bath Mat']",2,Debit Card,North Thomas,Middle-aged (50-64),Spring,Discount on Selected Items,No,Afternoon,14.55
2023-08-25 19:43:20,Julia Campbell,"['Water Bottle', 'Tomatoes']",2,Cash,North Tamara,Middle-aged (50-64),Fall,Discount on Selected Items,Yes,Evening,14.55
2023-08-25 20:06:20,Steve Williams,"['Swim Cap', 'Thermometer', 'Frozen Cake']",3,Mobile Payment,North Edward,Adult (30-49),Winter,Discount on Selected Items,No,Evening,23.88
2023-08-26 09:55:06,Steven Le,"['Bananas', 'Detergent', 'Paper Towels']",3,Debit Card,Port Courtney,Adult (30-49),Summer,Unknown Promotion,Yes,Morning,23.88
2023-08-26 10:36:45,Debra Randall,"['Extension Cord', 'Gelato', 'Frozen Waffles', 'Nail Polish Remover', 'Water Bottle']",5,Cash,Matthewfurt,Young Adult (20-29),Summer,Unknown Promotion,No,Midday,44.95
2023-08-26 11:46:06,Robert Pittman,"['Shower Curtain', 'Lip Balm', 'Fabric Softener']",3,Debit Card,West Christine,Adult (30-49),Summer,BOGO (Buy One Get One),Yes,Midday,23.88
2023-08-26 12:08:19,Amber Kelly MD,"['Candles', 'Sweatshirt', 'Canola Oil', 'Thermometer']",4,Mobile Payment,Rowlandview,Young Adult (20-29),Summer,BOGO (Buy One Get One),Yes,Midday,34.67
2023-08-26 13:24:08,Leonard Evans,['Briefcase'],1,Cash,Wareborough,Adult (30-49),Spring,BOGO (Buy One Get One),Yes,Midday,5.14
2023-08-27 08:04:55,Angelica Stevenson,"['Cinnamon', 'Protein Bars', 'Soap', 'Soy Sauce', 'Sunscreen', 'Jeans', 'Vinegar']",7,Mobile Payment,Port Kelly,Adult (30-49),Fall,BOGO (Buy One Get One),Yes,Morning,65.86
2023-08-27 09:16:27,Mark Friedman,"['Carry-on Bag', 'Ramen']",2,Debit Card,Shawnburgh,Young Adult (20-29),Spring,Unknown Promotion,Yes,Morning,14.55
2023-08-27 09:28:44,Lawrence Thompson,"['Pajamas', 'Butter', 'Storage Bins', 'Donuts', 'Honey', 'Syrup', 'Water Bottle']",7,Credit Card,Lake Meghan,Middle-aged (50-64),Winter,BOGO (Buy One Get One),No,Morning,65.86
2023-08-27 10:01:08,Tammy Adams,"['Canned Tuna', 'Underwear', 'Barbecue Sauce', 'Swim Trunks', 'Swim Cap', 'Brown Sugar', 'Bobby Pins']",7,Cash,East Jacobhaven,Adult (30-49),Winter,Discount on Selected Items,No,Midday,65.86
2023-08-27 10:56:09,Joseph Andrade,"['Razors', 'Frozen Garlic Bread', 'Frozen Vegetables', 'Soda', 'Bagels', 'Toilet Paper', 'Calculator']",7,Credit Card,Aaronview,Middle-aged (50-64),Summer,Discount on Selected Items,No,Midday,65.86
2023-08-27 11:32:29,Jesse Hernandez,"['Cashews', 'Sorbets', 'Scrubbers']",3,Credit Card,East Karenview,Adult (30-49),Spring,BOGO (Buy One Get One),Yes,Midday,23.88
2023-08-27 12:37:43,Danielle Murphy,"['First Aid Kit', 'Raisins', 'Belt', 'Dumbbells', 'Frozen Cake']",5,Mobile Payment,North Davidmouth,Young Adult (20-29),Winter,Discount on Selected Items,No,Midday,44.95
2023-08-27 14:19:21,James Lucas,"['Barbecue Sauce', 'Nail Polish Remover', 'Bagels', 'Aluminum Foil', 'Exercise Bike', 'Pull-up Bar', 'Pajamas', 'Pretzels', 'Sports Bra', 'Gum']",10,Credit Card,East Brianport,Young Adult (20-29),Spring,Discount on Selected Items,No,Midday,102.2
2023-08-27 14:49:40,Kimberly Williams,"['Slippers', 'Laptop Bag', 'Frozen Pizza', 'Purse']",4,Cash,Tannermouth,Young Adult (20-29),Fall,BOGO (Buy One Get One),No,Midday,34.67
2023-08-27 16:23:47,Janet Mitchell,"['Yoga Pants', 'Swim Cap', 'Comb', 'Bread']",4,Credit Card,Lake Tara,Teenager (13-19),Winter,Unknown Promotion,Yes,Afternoon,34.67
2023-08-27 16:41:22,Christopher Fry,"['Scrubbers', 'Frozen Pie', 'Bug Spray', 'Folders', 'Raincoat', 'Envelopes', 'Plastic Cups']",7,Debit Card,Rebeccaton,Adult (30-49),Fall,BOGO (Buy One Get One),No,Afternoon,65.86
2023-08-27 16:41:52,Brandon Rice,['Beef'],1,Cash,Deckerstad,Young Adult (20-29),Winter,Unknown Promotion,No,Afternoon,5.14
2023-08-27 19:29:24,Shannon Dorsey,"['Mints', 'Water', 'Jelly', 'Oats']",4,Cash,South Jacob,Young Adult (20-29),Winter,Discount on Selected Items,Yes,Evening,34.67
2023-08-27 20:07:16,Jason Nguyen,"['Thermometer', 'Dress', 'Floss', 'Cotton Balls', 'Passport Holder', 'Ice Cream Tubs']",6,Credit Card,Samuelton,Young Adult (20-29),Fall,Unknown Promotion,No,Evening,57.61
2023-08-27 20:43:29,Tina Lindsey,"['Storage Bins', 'Sunglasses', 'Towels']",3,Credit Card,New Michaelstad,Middle-aged (50-64),Winter,Discount on Selected Items,No,Evening,23.88
2023-08-27 21:32:21,James Adams,"['Cinnamon', 'Rice', 'Peanuts', 'Underwear', 'Bug Spray', 'Ice Cream Sandwiches', 'Belt', 'Protein Shakes']",8,Credit Card,East John,Adult (30-49),Winter,BOGO (Buy One Get One),Yes,Evening,77.1
2023-08-27 23:27:27,Tonya Davis,"['Onion Powder', 'Toilet Bowl Cleaner', 'Floss']",3,Cash,Campbellmouth,Middle-aged (50-64),Winter,Discount on Selected Items,Yes,Late Night,23.88
2023-08-28 02:54:08,Erin Sanders,"['Weight Bench', 'Sandals', 'Body Wash', 'Stain Remover', 'Blouse', 'Sweater', 'Frozen Sausages', 'Elliptical', 'Onion Powder', 'Duct Tape']",10,Mobile Payment,South Renee,Young Adult (20-29),Spring,Discount on Selected Items,No,Early Morning,102.2
2023-08-28 04:05:26,Teresa Jackson,"['Scarf', 'Frozen Bread', 'Exercise Ball', 'Barbecue Sauce', 'Luggage', 'Weight Bench']",6,Credit Card,Karentown,Young Adult (20-29),Fall,Unknown Promotion,Yes,Morning,56.07
2023-08-28 06:07:12,Tina Roman,"['Purse', 'Candles', 'Jacket', 'Frozen Cookies']",4,Credit Card,Parkerstad,Adult (30-49),Spring,Unknown Promotion,Yes,Morning,34.67
2023-08-28 10:19:57,Alexander Rivera,"['Tea', 'Calculator', 'Colored Pencils', 'Sponges', 'Laundry Detergent', 'Granola Bars', 'Kettlebells', 'Multi-Surface Cleaner', 'Chips']",9,Credit Card,Ramosshire,Middle-aged (50-64),Fall,BOGO (Buy One Get One),Yes,Midday,90.0
2023-08-28 11:23:28,Cory Atkinson,['Canned Vegetables'],1,Debit Card,Ronniefurt,Adult (30-49),Winter,Discount on Selected Items,No,Midday,5.14
2023-08-28 13:34:17,Philip Moore,"['Calculator', 'Notebooks', 'Cough Syrup', 'Frozen Cake', 'Light Bulbs', 'Bananas']",6,Cash,Lake Alyssafurt,Young Adult (20-29),Winter,Discount on Selected Items,No,Midday,57.61
2023-08-28 14:05:21,Alan Roberts,"['Bubble Bath', 'Juice', 'Canned Vegetables', 'Bath Salts', 'Lotion', 'Sneakers', 'Canned Soup', 'Sorbets', 'Rice']",9,Debit Card,East Krystalport,Adult (30-49),Winter,BOGO (Buy One Get One),No,Midday,90.0
2023-08-28 14:48:55,Calvin Henderson,"['Moving Boxes', 'Protein Powder', 'Shaving Cream', 'Jelly', 'Goggles', 'Ice Cream', 'Frozen Pancakes', 'Ziploc Bags']",8,Mobile Payment,Lambertmouth,Middle-aged (50-64),Winter,Discount on Selected Items,Yes,Midday,77.1
2023-08-28 19:11:55,Elizabeth King,"['Baking Powder', 'Instant Noodles', 'Tomato Sauce']",3,Credit Card,New Cherylton,Middle-aged (50-64),Winter,BOGO (Buy One Get One),No,Evening,23.88
2023-08-28 19:21:04,Joseph Williams,['Paper Plates'],1,Credit Card,Tammybury,Young Adult (20-29),Summer,BOGO (Buy One Get One),Yes,Evening,5.14
2023-08-28 19:32:04,Jamie Reid,"['Mac and Cheese', 'Frozen Meatballs', 'First Aid Kit', 'Bathrobe', 'Storage Bins', 'Pencils', 'Duffel Bag', 'Chicken']",8,Cash,Galvanville,Adult (30-49),Winter,Discount on Selected Items,Yes,Evening,77.1
2023-08-28 21:08:27,Jennifer White,"['Water Bottle', 'Beach Towel', 'Sports Bra', 'Toilet Paper', 'Comb', 'Hot Sauce', 'Oats', 'Bagels']",8,Credit Card,Patriciaton,Young Adult (20-29),Spring,BOGO (Buy One Get One),No,Evening,77.1
2023-08-28 22:53:56,Robert Stephens,"['Sneakers', 'Orange Juice', 'Frozen Fruit', 'Thermometer']",4,Cash,Wilkinsfort,Young Adult (20-29),Spring,Discount on Selected Items,No,Late Night,34.67
2023-08-29 13:05:45,Michele Price,"['Dish Soap', 'Razors', 'Dryer Sheets']",3,Credit Card,West Christinamouth,Adult (30-49),Fall,Discount on Selected Items,No,Midday,23.88
2023-08-29 13:59:15,John Lewis,"['Sunglasses', 'Crayons', 'Gelato']",3,Credit Card,Heatherfort,Adult (30-49),Fall,BOGO (Buy One Get One),Yes,Midday,23.88
2023-08-29 16:41:14,Michael Aguilar,"['Bread', 'Tank Top', 'Exercise Ball', 'Spaghetti']",4,Debit Card,Samuelburgh,Young Adult (20-29),Summer,BOGO (Buy One Get One),No,Afternoon,34.67
2023-08-29 16:51:08,Lisa Mcconnell,"['Sponges', 'Tea', 'Frozen Pizza Rolls', 'Apples', 'Gum', 'Frozen Vegetables', 'Cold Medicine', 'Post-it Notes', 'Comb']",9,Credit Card,Lake Edward,Senior (65+),Summer,BOGO (Buy One Get One),No,Afternoon,90.0
2023-08-29 16:54:52,Andrew Bell,"['Socks', 'Flour', 'Construction Paper', 'Trail Mix', 'Batteries', 'Picture Frames']",6,Credit Card,Shelleyberg,Young Adult (20-29),Summer,BOGO (Buy One Get One),Yes,Afternoon,56.07
2023-08-29 17:10:24,Timothy Harris,"['Super Glue', 'Notebook Paper', 'Pain Relievers']",3,Mobile Payment,South Mallory,Middle-aged (50-64),Fall,Unknown Promotion,No,Afternoon,23.88
2023-08-29 17:36:36,Mr. Michael Edwards,"['Ice Cream', 'Deodorant', 'Napkins', 'Protein Shakes', 'Bathrobe', 'Mouthwash']",6,Debit Card,West Willie,Middle-aged (50-64),Spring,Unknown Promotion,No,Afternoon,57.61
2023-08-29 18:09:47,Marcus Anderson,['Vegetable Oil'],1,Mobile Payment,South Nathan,Adult (30-49),Fall,BOGO (Buy One Get One),No,Afternoon,5.14
2023-08-29 21:24:52,Aaron Cuevas,"['Water', 'Elliptical', 'Beach Towel', 'Lighter', 'Frozen Vegetables', 'Body Wash', 'Exercise Bike', 'Lollipops']",8,Debit Card,South Angela,Adult (30-49),Summer,Discount on Selected Items,No,Evening,77.1
2023-08-29 21:26:15,Steven Smith,"['Cream Cheese', 'Shaving Cream', 'Sunscreen', 'Hand Sanitizer', 'Winter Hat', 'Jelly']",6,Cash,Nathanville,Senior (65+),Winter,BOGO (Buy One Get One),Yes,Evening,56.07
2023-08-29 21:47:06,Claudia Nguyen,"['Envelopes', 'Wallet', 'Laundry Detergent', 'Light Bulbs']",4,Mobile Payment,New Joseph,Young Adult (20-29),Spring,Unknown Promotion,Yes,Evening,34.67
2023-08-30 06:35:44,Steven Cohen,"['Winter Hat', 'Water Bottle', 'Hair Ties', 'Napkins']",4,Cash,Lake Aliciaburgh,Young Adult (20-29),Summer,Unknown Promotion,No,Morning,34.67
2023-08-30 08:27:46,Gregory Wilson,"['Shorts', 'Moving Boxes', 'Cream Cheese', 'Frozen Dinners', 'Bikini']",5,Cash,Jacksonbury,Senior (65+),Spring,Unknown Promotion,No,Morning,44.95
2023-08-30 09:12:47,Nathan Johnson,"['Luggage', 'Juice', 'Washcloths', 'Bra', 'Granola Bars']",5,Credit Card,Johnsmouth,Young Adult (20-29),Summer,Discount on Selected Items,No,Morning,44.95
2023-08-30 09:42:55,Elizabeth Mathis,"['Iced Tea', 'Vegetable Oil', 'Ear Muffs', 'Canola Oil', 'Jam']",5,Debit Card,North Carl,Adult (30-49),Winter,Unknown Promotion,Yes,Morning,44.95
2023-08-30 12:20:44,Francisco Sutton,"['Glass Cleaner', 'Heels', 'Crayons']",3,Mobile Payment,Michellebury,Middle-aged (50-64),Winter,BOGO (Buy One Get One),Yes,Midday,23.88
2023-08-30 14:00:26,Benjamin Martin,"['Leggings', 'Folders', 'Slippers', 'Frozen Fruit', 'Notebook Paper', 'Exercise Bike', 'Suitcase', 'Sweatshirt', 'Energy Drinks']",9,Cash,West Jenniferville,Middle-aged (50-64),Fall,Unknown Promotion,No,Midday,90.0
2023-08-30 14:01:09,Beverly Gonzalez,['Brown Sugar'],1,Mobile Payment,Reidside,Middle-aged (50-64),Summer,BOGO (Buy One Get One),No,Midday,5.14
2023-08-30 16:21:39,Melissa Edwards,"['Swim Cap', 'Rug', 'Exercise Bike', 'Post-it Notes', 'Batteries', 'Frozen Fries', 'Allergy Medicine', 'Frozen Vegetables', 'Bagels', 'Frozen Pizza', 'Duct Tape']",11,Mobile Payment,Warrenport,Senior (65+),Summer,BOGO (Buy One Get One),Yes,Afternoon,113.03
2023-08-30 16:52:17,Jason Rivera,"['Jump Rope', 'Rice', 'Napkins', 'Underwear']",4,Mobile Payment,North Janeton,Senior (65+),Summer,Discount on Selected Items,Yes,Afternoon,34.67
2023-08-30 17:13:48,Courtney Harrison,"['Dress', 'Band-Aids', 'Frozen Pie', 'Yogurt', 'Eggs']",5,Cash,Helenstad,Senior (65+),Winter,BOGO (Buy One Get One),No,Afternoon,44.95
2023-08-30 17:29:07,Amanda Gonzalez,"['Slippers', 'T-Shirt', 'Toothbrush', 'Moving Boxes', 'Pens', 'Duct Tape', 'Coffee']",7,Debit Card,Lopezborough,Young Adult (20-29),Summer,Unknown Promotion,No,Afternoon,65.86
2023-08-30 17:47:55,Samantha Herrera,['Picture Frames'],1,Cash,Leeside,Adult (30-49),Fall,Discount on Selected Items,No,Afternoon,5.14
2023-08-30 19:34:30,Nancy Cooper,"['Barbecue Sauce', 'Flip Flops', 'Towels']",3,Cash,Judyborough,Middle-aged (50-64),Fall,Discount on Selected Items,Yes,Evening,23.88
2023-08-30 19:36:36,Matthew Hartman,"['Swim Cap', 'Boots', 'Ice Cream Tubs', 'Cheese', 'Laundry Basket']",5,Debit Card,Hollandborough,Young Adult (20-29),Fall,BOGO (Buy One Get One),Yes,Evening,44.95
2023-08-30 20:05:17,Vanessa Mason,"['Towels', 'Brownies', 'Coat', 'Almonds', 'Hand Sanitizer', 'Orange Juice']",6,Mobile Payment,South Christina,Senior (65+),Fall,Unknown Promotion,Yes,Evening,56.07
2023-08-30 21:17:27,Alan Douglas,"['Jelly', 'Sneakers']",2,Cash,Mariamouth,Adult (30-49),Spring,Discount on Selected Items,No,Evening,14.55
2023-08-30 21:46:55,Jennifer Higgins DDS,['Water'],1,Credit Card,Kingfort,Adult (30-49),Fall,Discount on Selected Items,Yes,Evening,5.14
2023-08-31 05:58:06,James Johnson,"['Canned Tuna', 'Hot Sauce', 'Rowing Machine', 'Dish Soap']",4,Credit Card,Jenniferberg,Young Adult (20-29),Fall,Unknown Promotion,No,Morning,34.67
2023-08-31 12:15:53,Michael Williams,"['Multi-Surface Cleaner', 'Gym Towel']",2,Cash,Krystalport,Middle-aged (50-64),Fall,BOGO (Buy One Get One),Yes,Midday,14.55
2023-08-31 13:57:34,Dale Larsen,"['Heels', 'Ramen', 'Air Freshener', 'Cream Cheese', 'Sports Drinks']",5,Cash,Kristyshire,Teenager (13-19),Spring,Discount on Selected Items,No,Midday,44.95
2023-08-31 14:13:56,Gary Beasley,"['Pencils', 'Exercise Ball', 'Sweater', 'Olives', 'Vinegar', 'Gelato']",6,Debit Card,Port Christopherfurt,Senior (65+),Fall,Discount on Selected Items,No,Midday,57.61
2023-08-31 15:08:32,Gerald Valencia,"['Paprika', 'Notebook Paper', 'Handbag', 'Chips', 'Paper Towels']",5,Mobile Payment,South Daniellefort,Young Adult (20-29),Fall,Discount on Selected Items,Yes,Midday,44.95
2023-08-31 15:10:23,Paul Steele,['Bubble Bath'],1,Debit Card,Deborahport,Middle-aged (50-64),Winter,Discount on Selected Items,No,Midday,5.14
2023-08-31 16:43:39,Julie Rivera,"['Batteries', 'Bagels', 'Shower Curtain']",3,Mobile Payment,Lake Kelly,Young Adult (20-29),Fall,Unknown Promotion,Yes,Afternoon,23.88
2023-08-31 17:06:09,Gerald Gilbert,"['Nail Polish Remover', 'Sunscreen', 'Granola Bars', 'Almonds', 'Wine', 'Flour', 'Shower Curtain', 'Onion Powder', 'Chili Powder', 'Canned Fruit', 'Batteries', 'Protein Powder']",12,Cash,Nicolechester,Senior (65+),Summer,BOGO (Buy One Get One),No,Afternoon,124.9
2023-08-31 18:28:53,Robert Benitez,"['Allergy Medicine', 'Lotion', 'Umbrella', 'Frozen Cookies', 'Pants', 'Deodorant', 'Tweezers', 'Frozen Bread', 'Jam', 'Sports Drinks']",10,Debit Card,Robinsonshire,Senior (65+),Winter,BOGO (Buy One Get One),Yes,Afternoon,102.2
2023-08-31 19:28:25,Sean Thompson,"['Frozen Cake', 'Shampoo', 'Exercise Ball', 'Ear Muffs']",4,Cash,Wangmouth,Teenager (13-19),Spring,Discount on Selected Items,No,Evening,34.67
2023-08-31 19:37:02,Jacob Mason,"['Skirt', 'Bananas', 'Canola Oil', 'Frozen Cookies', 'Laundry Detergent']",5,Mobile Payment,Lake Rebeccastad,Young Adult (20-29),Summer,Unknown Promotion,Yes,Evening,44.95
2023-08-31 19:38:58,Tara Goodwin,"['Gloves', 'Pasta Sauce', 'Jacket', 'Suitcase']",4,Debit Card,West Wendy,Teenager (13-19),Winter,BOGO (Buy One Get One),No,Evening,34.67
2023-08-31 23:12:37,Tina Mcdowell,"['Shower Curtain', 'Crayons']",2,Mobile Payment,Johnathantown,Young Adult (20-29),Summer,Unknown Promotion,No,Late Night,14.55
2023-09-01 09:38:57,Tina Hart,"['Pain Relievers', 'Sweatshirt', 'Shower Curtain', 'Scarf', 'Deodorant', 'Dryer Sheets', 'Ice Cream Bars', 'Flip Flops', 'Bobby Pins']",9,Mobile Payment,East Cassandra,Young Adult (20-29),Spring,Discount on Selected Items,No,Morning,90.0
2023-09-01 10:45:32,Jessica Marquez,"['Soap', 'Chili Powder', 'Lemonade', 'Candy Bars', 'Packing Tape', 'Paper Towels']",6,Mobile Payment,Jontown,Young Adult (20-29),Summer,Unknown Promotion,No,Midday,57.61
2023-09-01 11:40:52,Elizabeth Sanchez,"['Construction Paper', 'Exercise Bike', 'Glue', 'Cotton Swabs', 'Hat', 'Cumin']",6,Credit Card,Schneiderberg,Adult (30-49),Winter,Discount on Selected Items,No,Midday,57.61
2023-09-01 12:36:29,Margaret Garza,"['Frozen Pizza Rolls', 'Scrubbers', 'Beach Towel', 'Hangers', 'Heels', 'Paper Cups']",6,Cash,Meyersshire,Young Adult (20-29),Spring,BOGO (Buy One Get One),No,Midday,57.61
2023-09-01 12:51:42,Justin Flores,"['Jeans', 'Paper Towels', 'Swim Cap', 'Disinfectant Wipes']",4,Debit Card,West Bobbyport,Young Adult (20-29),Spring,Unknown Promotion,Yes,Midday,34.67
2023-09-01 14:47:02,Jennifer Gutierrez,"['Gum', 'Flour', 'Beef', 'Hangers', 'Olives', 'Moving Boxes', 'Bathrobe', 'Bikini']",8,Debit Card,West Robertton,Middle-aged (50-64),Fall,BOGO (Buy One Get One),No,Midday,77.1
2023-09-01 15:51:27,Stephanie Collins,['Sweatshirt'],1,Cash,North Ryanland,Adult (30-49),Winter,Discount on Selected Items,No,Midday,5.14
2023-09-01 15:56:33,Brian Davis,['Cashews'],1,Credit Card,North Kristabury,Teenager (13-19),Winter,Unknown Promotion,Yes,Midday,5.14
2023-09-01 15:58:55,Amanda House,"['Baking Soda', 'Sweater', 'Insect Repellent', 'Heels', 'Construction Paper', 'Dumbbells', 'Sunscreen']",7,Mobile Payment,Parkerfurt,Senior (65+),Summer,Unknown Promotion,Yes,Midday,65.86
2023-09-01 16:56:32,Ellen Proctor,"['Ice Cream Cones', 'Washcloths', 'Rug', 'Donuts', 'Protein Shakes']",5,Cash,Aaronville,Middle-aged (50-64),Winter,Unknown Promotion,No,Afternoon,44.95
2023-09-01 18:07:02,Janet Roberts,"['Flashlight', 'Bobby Pins', 'Gelato', 'Flats', 'Pens', 'Crayons', 'Shampoo']",7,Debit Card,Lake Susan,Adult (30-49),Fall,BOGO (Buy One Get One),Yes,Afternoon,65.86
2023-09-01 18:48:34,Jacob Morrow,"['Winter Hat', 'Toothpaste', 'Frozen Cake', 'Butter', 'Crayons', 'Sneakers', 'Tweezers', 'Wallet', 'Socks']",9,Credit Card,Chloebury,Adult (30-49),Summer,Unknown Promotion,Yes,Afternoon,90.0
2023-09-01 18:48:57,Amy Stevens,"['Cookies', 'Salt', 'Cough Drops', 'Toothpaste', 'Sports Drinks', 'Water']",6,Cash,Raymondton,Adult (30-49),Winter,BOGO (Buy One Get One),No,Afternoon,57.61
2023-09-01 19:57:35,Ronnie Hawkins,"['Beach Towel', 'Hairbrush', 'Oats', 'Frozen Pizza Rolls', 'Wallet']",5,Debit Card,Jamesfort,Senior (65+),Spring,Unknown Promotion,No,Evening,44.95
2023-09-01 21:48:31,Adam Green,"['Carry-on Bag', 'Mustard', 'Hand Sanitizer', 'Frozen Chicken Nuggets', 'Nail Polish Remover', 'Olives', 'Headbands']",7,Credit Card,Rossport,Teenager (13-19),Summer,BOGO (Buy One Get One),No,Evening,65.86
2023-09-02 06:58:19,Chris Nelson,"['Gym Towel', 'Goggles', 'Frozen Cookies', 'Lollipops', 'One-Piece Swimsuit', 'Pens', 'Tank Top', 'Canned Soup', 'Winter Hat']",9,Debit Card,South Toniport,Middle-aged (50-64),Summer,BOGO (Buy One Get One),Yes,Morning,90.0
2023-09-02 08:50:12,Matthew Mack DVM,"['Scrubbers', 'Scissors', 'Canned Fruit', 'Pants', 'Facial Tissue', 'Frozen Fruit', 'Plastic Cups', 'Dish Soap', 'Body Wash', 'Cashews', 'Construction Paper', 'Jam']",12,Mobile Payment,Christineview,Middle-aged (50-64),Summer,BOGO (Buy One Get One),No,Morning,124.9
2023-09-02 09:35:41,Amy James,['Charcoal'],1,Cash,Tammieton,Middle-aged (50-64),Fall,BOGO (Buy One Get One),Yes,Morning,5.14
2023-09-02 09:48:01,Bonnie Schneider,"['Kettlebells', 'Sweater', 'Bread', 'Crackers', 'Photo Albums', 'First Aid Kit', 'Cold Medicine', 'Storage Bins']",8,Cash,Johnsonbury,Teenager (13-19),Fall,Unknown Promotion,No,Morning,77.1
2023-09-02 10:37:02,Jennifer White,"['Toothpaste', 'Razors', 'Hand Sanitizer', 'Flashlight', 'Yoga Mat', 'Disinfectant Wipes']",6,Mobile Payment,South Lisaton,Adult (30-49),Summer,Discount on Selected Items,Yes,Midday,56.07
2023-09-02 10:59:12,Karen Castro,"['Cream Cheese', 'Frozen Vegetables', 'Thermometer']",3,Debit Card,Jeffreyside,Teenager (13-19),Summer,Unknown Promotion,No,Midday,23.88
2023-09-02 12:13:56,Linda Marquez,"['Hangers', 'Laundry Basket', 'Ketchup', 'Cumin']",4,Credit Card,Lake April,Adult (30-49),Summer,Discount on Selected Items,Yes,Midday,34.67
2023-09-02 14:04:06,Jason Cooper,"['Yoga Pants', 'Hat']",2,Debit Card,Aprilville,Adult (30-49),Summer,BOGO (Buy One Get One),Yes,Midday,14.55
2023-09-02 14:41:33,Shawn Simon,"['Pepper', 'Canned Vegetables']",2,Mobile Payment,Larsenburgh,Teenager (13-19),Winter,Discount on Selected Items,No,Midday,14.55
2023-09-02 15:05:09,Brandi Fisher,"['Goggles', 'Tomatoes']",2,Cash,Lake Matthew,Young Adult (20-29),Summer,Discount on Selected Items,Yes,Midday,14.55
2023-09-02 17:13:01,Sharon Stone,"['Candles', 'Ziploc Bags', 'Folders', 'Exercise Ball', 'Frozen Garlic Bread', 'Plastic Cups', 'Hairbrush', 'Tomato Sauce']",8,Cash,South Patty,Middle-aged (50-64),Spring,Discount on Selected Items,Yes,Afternoon,77.1
2023-09-02 17:14:21,Jerry Cunningham,"['Purse', 'Frozen Vegetables', 'Nail Clippers', 'Dumbbells']",4,Cash,Hamiltonfort,Teenager (13-19),Spring,BOGO (Buy One Get One),No,Afternoon,34.67
2023-09-02 17:26:51,Erin Whitehead,"['Ice Cream Bars', 'Flour', 'Band-Aids', 'Canned Fruit', 'Trail Mix', 'Picture Frames', 'Extension Cord']",7,Cash,West Beth,Adult (30-49),Spring,BOGO (Buy One Get One),No,Afternoon,65.86
2023-09-02 18:04:51,Darren Cameron,"['Bikini', 'Shower Cap', 'Coffee', 'Frozen Meatballs', 'Ice Cream Sandwiches', 'Protein Shakes', 'Vegetable Oil', 'Energy Drinks', 'Frozen Burritos', 'Leggings']",10,Mobile Payment,Gillton,Adult (30-49),Summer,Unknown Promotion,No,Afternoon,102.2
2023-09-02 18:07:29,Jonathan Jackson,"['Frozen Pancakes', 'Bathrobe']",2,Mobile Payment,Bethborough,Middle-aged (50-64),Spring,BOGO (Buy One Get One),No,Afternoon,14.55
2023-09-02 20:37:33,Angel Miller,"['Moving Boxes', 'Canola Oil']",2,Credit Card,East Elizabethbury,Adult (30-49),Spring,BOGO (Buy One Get One),No,Evening,14.55
2023-09-02 21:25:46,Darlene James,"['Bananas', 'Pajamas', 'Cinnamon']",3,Mobile Payment,New Rebeccafort,Adult (30-49),Summer,Unknown Promotion,No,Evening,23.88
2023-09-02 21:35:20,Kellie Riley,"['Flour', 'Water Bottle']",2,Cash,Finleyfurt,Adult (30-49),Winter,Discount on Selected Items,Yes,Evening,14.55
2023-09-03 07:49:06,Daniel Mcdonald,"['Chewing Gum', 'Soda', 'Hairbrush', 'Frozen Burritos', 'Yogurt']",5,Debit Card,Lewiston,Senior (65+),Summer,BOGO (Buy One Get One),No,Morning,44.95
2023-09-03 08:01:46,Jennifer Casey,"['Onion Powder', 'Sneakers', 'Vegetable Oil', 'Gelato']",4,Credit Card,Cunninghamside,Teenager (13-19),Summer,BOGO (Buy One Get One),No,Morning,34.67
2023-09-03 08:36:17,Diane Gomez,"['Dryer Sheets', 'Slippers', 'Batteries', 'Conditioner', 'Charcoal']",5,Mobile Payment,Christinebury,Senior (65+),Winter,Discount on Selected Items,No,Morning,44.95
2023-09-03 09:15:54,Brandon Benitez,"['Flip Flops', 'Canned Tuna', 'Goggles']",3,Mobile Payment,Mathewside,Senior (65+),Summer,BOGO (Buy One Get One),No,Morning,23.88
2023-09-03 09:54:16,Scott Palmer,"['Cough Syrup', 'Cookies', 'Picture Frames']",3,Cash,South Eric,Adult (30-49),Fall,Discount on Selected Items,No,Morning,23.88
2023-09-03 11:13:23,Chelsey Barton,"['Soy Sauce', 'Pickles']",2,Credit Card,North Raymond,Adult (30-49),Winter,Unknown Promotion,No,Midday,14.55
2023-09-03 12:20:20,Maria Johnson,"['Duffel Bag', 'Frozen Pie', 'Frozen Garlic Bread', 'Frozen Sausages']",4,Credit Card,North Justinborough,Adult (30-49),Winter,Discount on Selected Items,No,Midday,34.67
2023-09-03 14:40:24,Donna Taylor,"['Chili Powder', 'Chips', 'Stain Remover']",3,Credit Card,South Amyport,Senior (65+),Summer,BOGO (Buy One Get One),Yes,Midday,23.88
2023-09-03 14:56:05,Frank Barnes,"['Bobby Pins', 'Chewing Gum', 'Exercise Bike', 'Bug Spray', 'Construction Paper', 'Headbands']",6,Mobile Payment,Mcmahonburgh,Adult (30-49),Summer,Discount on Selected Items,No,Midday,57.61
2023-09-03 16:27:19,Natalie Mueller,"['Shampoo', 'Flats', 'Beef', 'Yogurt', 'Flip Flops', 'Sneakers']",6,Cash,Anafort,Senior (65+),Summer,Discount on Selected Items,Yes,Afternoon,56.07
2023-09-03 17:56:33,Jason Lopez,"['Bananas', 'Ice Cream Tubs', 'Thermometer', 'Sunglasses', 'Goggles', 'Apples']",6,Cash,Michelleview,Adult (30-49),Winter,BOGO (Buy One Get One),Yes,Afternoon,56.07
2023-09-03 18:36:48,Kendra Rodriguez,"['Notebooks', 'Shampoo', 'Yogurt', 'Protein Bars', 'Jeans', 'Toilet Paper']",6,Cash,Port Randall,Adult (30-49),Spring,BOGO (Buy One Get One),Yes,Afternoon,56.07
2023-09-03 18:42:20,Jennifer Mercado,"['Scarf', 'Luggage', 'Frozen Burritos', 'Umbrella', 'Yoga Mat', 'Mints']",6,Cash,North Amber,Teenager (13-19),Summer,BOGO (Buy One Get One),Yes,Afternoon,56.07
2023-09-03 19:52:29,Phillip Glenn,"['Swim Cap', 'Jump Rope', 'Water']",3,Cash,New Elizabethville,Teenager (13-19),Winter,BOGO (Buy One Get One),No,Evening,23.88
2023-09-03 20:32:32,Meghan Marks,"['Gloves', 'Pepper', 'Scarf', 'Bubble Wrap', 'Beer', 'Aluminum Foil']",6,Cash,South Paul,Young Adult (20-29),Fall,Unknown Promotion,Yes,Evening,56.07
2023-09-03 21:22:02,Bradley Perez,"['Frozen Bread', 'Construction Paper']",2,Credit Card,North Maryview,Young Adult (20-29),Winter,BOGO (Buy One Get One),Yes,Evening,14.55
2023-09-03 21:31:37,Julie Sheppard,"['Frozen Fruit', 'Jump Rope']",2,Mobile Payment,South Jamesshire,Young Adult (20-29),Winter,BOGO (Buy One Get One),No,Evening,14.55
2023-09-04 10:37:01,Patricia Smith,"['Disinfectant Wipes', 'Laptop Bag', 'Plastic Wrap']",3,Credit Card,Austinville,Young Adult (20-29),Fall,BOGO (Buy One Get One),Yes,Midday,23.88
2023-09-04 11:14:55,Thomas Jordan,"['Ice Cream Tubs', 'Fabric Softener', 'Gum', 'Tea', 'Sunscreen']",5,Debit Card,East Grace,Adult (30-49),Fall,Discount on Selected Items,Yes,Midday,44.95
2023-09-04 11:50:26,Calvin Williams,"['Garlic Powder', 'Spaghetti']",2,Mobile Payment,North Brendamouth,Adult (30-49),Winter,Unknown Promotion,No,Midday,14.55
2023-09-04 13:29:44,Nicole Washington,['Suitcase'],1,Cash,Lake Andrewside,Young Adult (20-29),Summer,Unknown Promotion,Yes,Midday,5.14
2023-09-04 14:43:58,Eric Hogan,"['Dress', 'Dish Soap', 'Vegetable Oil', 'Shower Curtain', 'Cucumber', 'Body Wash']",6,Debit Card,Campbellstad,Middle-aged (50-64),Fall,BOGO (Buy One Get One),Yes,Midday,56.07
2023-09-04 15:16:58,Nathaniel Massey,"['Pasta Sauce', 'Dryer Sheets', 'Mouthwash']",3,Mobile Payment,Melissamouth,Young Adult (20-29),Fall,BOGO (Buy One Get One),No,Midday,23.88
2023-09-04 16:22:25,Kimberly Cook,"['Bread', 'Toilet Paper', 'Popsicles', 'Duct Tape', 'Disinfectant Wipes', 'Brownies']",6,Mobile Payment,West Steven,Middle-aged (50-64),Winter,Discount on Selected Items,No,Afternoon,57.61
2023-09-04 16:25:03,Brian Ray,"['Messenger Bag', 'Glue', 'Air Freshener', 'Winter Hat', 'Trail Mix']",5,Cash,Terrenceside,Young Adult (20-29),Summer,Discount on Selected Items,Yes,Afternoon,44.95
2023-09-04 16:35:09,Michael Rojas,"['Ear Muffs', 'Cheese', 'Frozen Waffles', 'Exercise Bike']",4,Cash,Lake Tammietown,Middle-aged (50-64),Winter,Unknown Promotion,No,Afternoon,34.67
2023-09-04 16:47:58,Katherine Braun,"['Pickles', 'Almonds', 'Water Bottle', 'Fabric Softener']",4,Credit Card,Halltown,Senior (65+),Fall,Discount on Selected Items,Yes,Afternoon,34.67
2023-09-04 17:02:02,Mr. Shawn Young,"['Slippers', 'Flashlight', 'Pajamas', 'Batteries', 'Nail Polish', 'Frozen Burritos']",6,Debit Card,Port Christianton,Adult (30-49),Spring,BOGO (Buy One Get One),Yes,Afternoon,56.07
2023-09-04 17:53:37,Robert Smith,"['Vegetable Oil', 'Tweezers', 'Glass Cleaner', 'Ketchup', 'Beef', 'Dried Cranberries']",6,Mobile Payment,Tanyamouth,Adult (30-49),Summer,Discount on Selected Items,No,Afternoon,57.61
2023-09-04 18:22:30,Vickie Taylor,"['Heels', 'Scarf']",2,Debit Card,Gonzalesmouth,Middle-aged (50-64),Fall,Discount on Selected Items,Yes,Afternoon,14.55
2023-09-04 19:07:37,Arthur Meyer,"['Shampoo', 'Scrubbers', 'Capri Pants', 'Extension Cord', 'Winter Hat', 'Mustard', 'Cumin', 'Flip Flops', 'Tank Top', 'Frozen Meatballs']",10,Cash,Stacietown,Adult (30-49),Fall,Unknown Promotion,Yes,Evening,102.2
2023-09-04 22:31:25,Julia Wall,"['Allergy Medicine', 'Winter Hat', 'Suitcase', 'Polo Shirt', 'Moving Boxes', 'Purse', 'Bath Mat']",7,Mobile Payment,Jimenezmouth,Young Adult (20-29),Fall,Unknown Promotion,Yes,Late Night,65.86
2023-09-05 04:12:43,Herbert Coleman,"['Slippers', 'Popcorn', 'Laundry Detergent', 'Towels', 'Paprika']",5,Mobile Payment,New Wendy,Young Adult (20-29),Summer,Unknown Promotion,No,Morning,44.95
2023-09-05 04:21:41,Sarah Maxwell,"['Markers', 'Mac and Cheese', 'Napkins', 'Ramen', 'Glass Cleaner', 'Ruler']",6,Cash,Smithfort,Adult (30-49),Winter,BOGO (Buy One Get One),No,Morning,57.61
2023-09-05 05:15:37,Diane Henson,['Binders'],1,Credit Card,Port Noah,Senior (65+),Fall,Discount on Selected Items,No,Morning,5.14
2023-09-05 08:36:44,Holly Hull,"['Shower Curtain', 'Tweezers', 'Sorbets']",3,Cash,Zamoraberg,Adult (30-49),Fall,Discount on Selected Items,Yes,Morning,23.88
2023-09-05 08:54:30,Jenna Scott,"['Nail Polish', 'Frozen Pizza Rolls']",2,Cash,West Ericaborough,Young Adult (20-29),Spring,Unknown Promotion,Yes,Morning,14.55
2023-09-05 10:18:51,Jordan Andersen,"['Pull-up Bar', 'Paper Towels', 'Paper Towels']",3,Cash,Simonmouth,Senior (65+),Fall,BOGO (Buy One Get One),Yes,Midday,23.88
2023-09-05 11:12:03,Garrett Young,"['Canola Oil', 'Lighter Fluid', 'Baking Powder', 'Bra']",4,Mobile Payment,West Kevin,Adult (30-49),Spring,Discount on Selected Items,No,Midday,34.67
2023-09-05 11:26:50,Brandon Knapp,"['Plastic Utensils', 'Mustard', 'Paper Towels', 'Sneakers', 'Swim Cap', 'Boots']",6,Mobile Payment,Lake Erin,Young Adult (20-29),Fall,Discount on Selected Items,Yes,Midday,56.07
2023-09-05 11:32:10,Harry Baker,"['Popsicles', 'Sneakers', 'Chili Powder', 'Facial Tissue', 'Frozen Cookies']",5,Mobile Payment,Tammytown,Middle-aged (50-64),Spring,Discount on Selected Items,Yes,Midday,44.95
2023-09-05 12:51:56,Jorge Roberson,['Soap'],1,Mobile Payment,West Lauraberg,Middle-aged (50-64),Winter,Unknown Promotion,Yes,Midday,5.14
2023-09-05 13:46:09,Rachel Leblanc,"['Frozen Pizza', 'Olive Oil', 'Mac and Cheese', 'Laundry Basket', 'Construction Paper', 'Raincoat']",6,Credit Card,Whiteport,Senior (65+),Winter,BOGO (Buy One Get One),No,Midday,57.61
2023-09-05 14:50:52,Jason Williams,"['Olives', 'Frozen Fries', 'Facial Tissue', 'Olive Oil', 'Scissors', 'Notebooks', 'Tote Bag']",7,Cash,Port Thomas,Teenager (13-19),Spring,Unknown Promotion,Yes,Midday,65.86
2023-09-05 16:30:12,Mr. Gregory Suarez,"['Dried Cranberries', 'Frozen Fruit', 'Frozen Bread', 'Chips', 'Laundry Basket', 'Paper Cups']",6,Cash,Abigailborough,Senior (65+),Fall,BOGO (Buy One Get One),Yes,Afternoon,56.07
2023-09-05 18:00:32,Heather Clayton,"['Coffee', 'Goggles', 'Mouthwash', 'Frozen Garlic Bread', 'Slippers', 'Eggs', 'Cotton Swabs', 'Weight Bench', 'Honey', 'Peanuts']",10,Mobile Payment,New Jenniferview,Adult (30-49),Summer,BOGO (Buy One Get One),Yes,Afternoon,102.2
2023-09-05 20:02:19,Hayley Townsend,"['Light Bulbs', 'Lemonade', 'Body Wash', 'Cold Medicine', 'Slippers', 'Shower Curtain', 'Packing Tape', 'Oranges']",8,Mobile Payment,New Andreaburgh,Adult (30-49),Winter,BOGO (Buy One Get One),Yes,Evening,77.1
2023-09-05 20:20:57,Justin Santos DVM,"['Sorbets', 'Hat', 'Paper Plates', 'Binders', 'Nail Clippers', 'Elliptical', 'Orange Juice']",7,Debit Card,South Nathaniel,Teenager (13-19),Fall,Discount on Selected Items,No,Evening,65.86
2023-09-05 21:01:30,Allison King,"['Duct Tape', 'Fabric Softener', 'Stain Remover', 'Index Cards']",4,Cash,Douglasside,Young Adult (20-29),Summer,BOGO (Buy One Get One),No,Evening,34.67
2023-09-05 21:54:42,Gregory Ray,"['Ice Cream Tubs', 'Coat', 'Hangers', 'Polo Shirt', 'Folders', 'Cereal', 'Coffee', 'Resistance Bands']",8,Debit Card,New Debra,Middle-aged (50-64),Fall,Discount on Selected Items,Yes,Evening,77.1
2023-09-05 22:59:34,Lauren Cole,"['Bagels', 'Honey', 'Water', 'Butter', 'Mustard', 'Frozen Fruit', 'Crayons', 'Yoga Pants', 'Notebook Paper']",9,Cash,Lake Caitlyn,Adult (30-49),Winter,Discount on Selected Items,No,Late Night,90.0
2023-09-06 07:39:17,Michele Reynolds,"['Pretzels', 'Shaving Cream']",2,Cash,Lake Tina,Adult (30-49),Summer,BOGO (Buy One Get One),No,Morning,14.55
2023-09-06 08:42:07,Bradley Dixon DDS,"['Storage Bins', 'Almonds']",2,Mobile Payment,Boltonstad,Adult (30-49),Winter,BOGO (Buy One Get One),Yes,Morning,14.55
2023-09-06 11:27:11,Kevin Delgado,"['Snack Cakes', 'Tweezers', 'Pain Relievers', 'Laundry Basket', 'Frozen Dinners']",5,Mobile Payment,Mooreside,Adult (30-49),Winter,BOGO (Buy One Get One),Yes,Midday,44.95
2023-09-06 11:30:32,Rebecca White,"['Jacket', 'Jam', 'Frozen Pie', 'Tweezers']",4,Cash,Joetown,Young Adult (20-29),Summer,Unknown Promotion,No,Midday,34.67
2023-09-06 11:31:14,Ashley Dominguez,['Polo Shirt'],1,Mobile Payment,Christopherbury,Senior (65+),Summer,Unknown Promotion,Yes,Midday,5.14
2023-09-06 13:42:25,Ruth Brown,"['Brown Sugar', 'Goggles', 'Suitcase', 'Workout Clothes', 'Pickles']",5,Cash,East Mackenzieport,Adult (30-49),Winter,Unknown Promotion,No,Midday,44.95
2023-09-06 15:12:42,David Klein,"['Socks', 'Paper Plates', 'Umbrella', 'Dried Cranberries', 'Winter Hat']",5,Credit Card,North Jeffreystad,Adult (30-49),Winter,Discount on Selected Items,No,Midday,44.95
2023-09-06 15:27:47,Manuel Welch,"['Pasta Sauce', 'Bagels', 'Cinnamon', 'Flip Flops', 'Kettlebells', 'Air Freshener', 'Swim Trunks', 'Bath Bombs', 'Mints']",9,Cash,West Paul,Middle-aged (50-64),Summer,BOGO (Buy One Get One),No,Midday,90.0
2023-09-06 15:54:28,Hunter Williams,"['Vegetable Oil', 'Notebooks', 'Ice Cream Sandwiches', 'Boots']",4,Debit Card,Andreaport,Adult (30-49),Winter,Discount on Selected Items,Yes,Midday,34.67
2023-09-06 16:14:50,Nicole Henry,"['Paper Cups', 'Sorbets', 'Exercise Bike', 'Tomatoes']",4,Mobile Payment,Portershire,Adult (30-49),Winter,Discount on Selected Items,Yes,Afternoon,34.67
2023-09-06 16:47:39,Craig Mitchell,"['Floss', 'Frozen Dinners', 'Ziploc Bags', 'Hat']",4,Cash,Emilyport,Young Adult (20-29),Winter,Unknown Promotion,No,Afternoon,34.67
2023-09-06 16:59:37,Danielle Hodge,"['Apples', 'Peanut Butter']",2,Credit Card,Brownchester,Adult (30-49),Spring,BOGO (Buy One Get One),No,Afternoon,14.55
2023-09-06 17:38:03,Dawn Stanley,"['Bath Bombs', 'Packing Tape', 'Treadmill', 'Ice Cream']",4,Credit Card,Wilsonmouth,Teenager (13-19),Fall,Unknown Promotion,No,Afternoon,34.67
2023-09-06 17:43:44,James Johnson,"['Shelving', 'Ketchup', 'Cotton Swabs', 'Frozen Fries', 'Donuts']",5,Mobile Payment,South Adrienne,Young Adult (20-29),Winter,Discount on Selected Items,No,Afternoon,44.95
2023-09-06 18:48:06,Taylor Rivas,"['Peanuts', 'Canola Oil', 'Frozen Sausages', 'Colored Pencils', 'Pretzels']",5,Cash,Powersbury,Adult (30-49),Spring,BOGO (Buy One Get One),Yes,Afternoon,44.95
2023-09-06 18:54:53,Patricia Reed,"['Sweater', 'Notebooks', 'Tweezers', 'Lollipops', 'Trail Mix']",5,Credit Card,Michaelton,Middle-aged (50-64),Fall,Discount on Selected Items,No,Afternoon,44.95
2023-09-06 19:44:00,Daniel Dunn,"['Luggage', 'Paper Plates', 'Lotion']",3,Debit Card,Millerport,Adult (30-49),Summer,BOGO (Buy One Get One),Yes,Evening,23.88
2023-09-06 20:33:09,Jeffrey Hogan,"['Gym Towel', 'Resistance Bands', 'Tomato Sauce', 'Disinfectant Wipes', 'Frozen Fries', 'Cinnamon', 'Towels', 'Jeans']",8,Debit Card,Johnsonhaven,Adult (30-49),Fall,Unknown Promotion,No,Evening,77.1
2023-09-07 09:06:26,Crystal Bruce,"['Pain Relievers', 'Colored Pencils', 'T-Shirt', 'Bobby Pins', 'Rug']",5,Cash,New Michaelville,Senior (65+),Spring,Unknown Promotion,Yes,Morning,44.95
2023-09-07 11:43:52,Pamela Mccoy,"['Frozen Cake', 'Bug Spray', 'Yogurt', 'Oranges', 'Skirt', 'Glass Cleaner', 'Thermometer', 'Bread', 'Tomatoes', 'Mouthwash', 'Cinnamon']",11,Mobile Payment,Stephenhaven,Adult (30-49),Summer,BOGO (Buy One Get One),Yes,Midday,113.03
2023-09-07 11:45:21,John Salazar,"['Duffel Bag', 'Razors', 'Granola Bars', 'Raisins', 'Folders']",5,Credit Card,West Vanessashire,Middle-aged (50-64),Fall,BOGO (Buy One Get One),Yes,Midday,44.95
2023-09-07 14:00:13,Daniel King,"['Barbecue Sauce', 'Frozen Waffles', 'Paper Towels', 'Batteries', 'Gym Bag']",5,Debit Card,Cohenton,Adult (30-49),Fall,Discount on Selected Items,Yes,Midday,44.95
2023-09-07 14:03:31,Daniel Miller Jr.,"['Messenger Bag', 'Chips', 'Peanut Butter']",3,Mobile Payment,Matthewstad,Middle-aged (50-64),Winter,Discount on Selected Items,Yes,Midday,23.88
2023-09-07 14:42:57,Dr. Tammy Reynolds,"['Apples', 'Charcoal', 'Hairbrush', 'Storage Bins', 'Shorts', 'Foam Roller', 'Dress', 'Folders', 'Dumbbells', 'Heels', 'Mustard']",11,Mobile Payment,Josephview,Young Adult (20-29),Spring,BOGO (Buy One Get One),Yes,Midday,113.03
2023-09-07 15:37:38,Valerie White,"['Protein Bars', 'Mayonnaise', 'Cough Drops', 'Nail Polish', 'Chips', 'Gym Towel']",6,Mobile Payment,Pattontown,Middle-aged (50-64),Spring,Discount on Selected Items,No,Midday,57.61
2023-09-07 15:41:45,James Lopez,"['Coat', 'Crackers', 'Ice Cream Sandwiches', 'Passport Holder']",4,Debit Card,Benjaminstad,Young Adult (20-29),Summer,Unknown Promotion,Yes,Midday,34.67
2023-09-07 16:43:23,Michael Freeman,"['Polo Shirt', 'Socks', 'Rowing Machine', 'Chocolate', 'Frozen Bagels', 'One-Piece Swimsuit', 'Chili Powder', 'Stamps', 'Eggs']",9,Cash,Port Veronica,Young Adult (20-29),Spring,BOGO (Buy One Get One),Yes,Afternoon,90.0
2023-09-07 16:59:59,Lisa Jones,"['Wine', 'Bikini', 'Ice Cream Sandwiches', 'Frozen Pie', 'Light Bulbs', 'Canned Tuna']",6,Cash,North Troybury,Senior (65+),Fall,Discount on Selected Items,Yes,Afternoon,56.07
2023-09-07 17:14:10,Amber Maynard,"['Goggles', 'Blouse', 'Briefcase']",3,Credit Card,Lake Sara,Senior (65+),Winter,BOGO (Buy One Get One),No,Afternoon,23.88
2023-09-07 17:41:13,Maria James,"['Energy Drinks', 'Bath Bombs', 'Plastic Cups', 'Plastic Utensils']",4,Credit Card,Port Regina,Young Adult (20-29),Winter,Unknown Promotion,Yes,Afternoon,34.67
2023-09-07 18:24:19,John Williams,"['Soap', 'Batteries', 'First Aid Kit', 'Extension Cord']",4,Cash,South Karenhaven,Young Adult (20-29),Summer,Unknown Promotion,Yes,Afternoon,34.67
2023-09-07 21:14:41,Aaron White,"['Extension Cord', 'Insect Repellent', 'Envelopes', 'Stain Remover', 'Multi-Surface Cleaner', 'Salt', 'Detergent', 'Cold Medicine']",8,Mobile Payment,Jimmyton,Teenager (13-19),Fall,Unknown Promotion,No,Evening,77.1
2023-09-07 21:38:09,Mary Booker,"['Bubble Wrap', 'Frozen Fish Sticks']",2,Cash,Manntown,Young Adult (20-29),Winter,Discount on Selected Items,Yes,Evening,14.55
2023-09-07 21:51:11,Aaron Contreras,"['Beef', 'Frozen Meatballs']",2,Mobile Payment,Amyhaven,Young Adult (20-29),Winter,Discount on Selected Items,Yes,Evening,14.55
2023-09-07 23:00:21,Andrew Moore,"['Sugar', 'Scarf', 'Carry-on Bag', 'Notebook Paper', 'Mayonnaise', 'Backpack', 'Milk', 'Pepper', 'Water Bottle', 'Pretzels', 'Moving Boxes']",11,Mobile Payment,East Jamesberg,Adult (30-49),Summer,Discount on Selected Items,No,Late Night,115.89
2023-09-07 23:37:04,Jerry Luna,"['Sandals', 'Multi-Surface Cleaner', 'Garlic Powder', 'Muffins']",4,Debit Card,Bradleyborough,Middle-aged (50-64),Fall,Unknown Promotion,No,Late Night,34.67
2023-09-08 08:19:59,Brian Phillips,"['Soap', 'Tomatoes']",2,Debit Card,Barbarashire,Adult (30-49),Fall,BOGO (Buy One Get One),No,Morning,14.55
2023-09-08 08:44:18,Alicia Haynes,"['Storage Bins', 'Apples', 'Resistance Bands', 'Hangers', 'Frozen Bagels', 'Mints']",6,Mobile Payment,Olsonchester,Middle-aged (50-64),Fall,BOGO (Buy One Get One),No,Morning,57.61
2023-09-08 10:06:38,Amy Jones,"['Candy Bars', 'Sports Bra', 'Energy Drinks', 'Rug', 'Sponges']",5,Mobile Payment,Barryfort,Young Adult (20-29),Spring,Discount on Selected Items,Yes,Midday,44.95
2023-09-08 11:06:46,Robert Trujillo,"['Bobby Pins', 'Dumbbells', 'Treadmill', 'Cold Medicine', 'Cream Cheese', 'Handbag']",6,Mobile Payment,Mileshaven,Young Adult (20-29),Summer,BOGO (Buy One Get One),No,Midday,57.61
2023-09-08 11:18:34,James Taylor,"['Bath Bombs', 'Rug', 'Canned Soup', 'Hair Ties', 'Markers', 'Polo Shirt', 'Leggings']",7,Cash,Nelsontown,Adult (30-49),Winter,Discount on Selected Items,Yes,Midday,65.86
2023-09-08 12:00:45,Gabriel Stuart,"['Cucumber', 'Sports Bra', 'Dumbbells', 'Envelopes', 'T-Shirt', 'Lollipops']",6,Debit Card,Foleymouth,Adult (30-49),Summer,Unknown Promotion,No,Midday,57.61
2023-09-08 14:43:21,Michael Cooper,"['Hairbrush', 'Briefcase', 'Sweater', 'Butter']",4,Cash,Henryfort,Young Adult (20-29),Summer,Discount on Selected Items,No,Midday,34.67
2023-09-08 15:16:36,Angela Sutton,"['Frozen Chicken Nuggets', 'Mayonnaise', 'Trash Bags']",3,Mobile Payment,South Kristen,Teenager (13-19),Summer,Discount on Selected Items,No,Midday,23.88
2023-09-08 16:15:00,Crystal Davis,"['Chicken', 'Hand Sanitizer', 'Slippers', 'Moving Boxes', 'Comb', 'T-Shirt']",6,Credit Card,Webbview,Middle-aged (50-64),Fall,Discount on Selected Items,No,Afternoon,57.61
2023-09-08 17:20:15,Michelle Harrison,"['Comb', 'Laptop Bag', 'Capri Pants', 'Luggage']",4,Debit Card,Gordonstad,Adult (30-49),Spring,Unknown Promotion,No,Afternoon,34.67
2023-09-08 20:00:27,Theodore Jones,"['Ice Cream', 'Yoga Mat', 'Rice', 'Scissors']",4,Mobile Payment,East Teresa,Young Adult (20-29),Fall,Discount on Selected Items,Yes,Evening,34.67
2023-09-08 20:48:48,Jasmine Soto,"['Popcorn', 'Baking Soda', 'Light Bulbs', 'Trash Bags', 'Frozen Fruit', 'Protein Bars']",6,Credit Card,Myersfurt,Middle-aged (50-64),Summer,Discount on Selected Items,No,Evening,57.61
2023-09-09 06:13:35,Darren Lester,"['Razors', 'Notebook Paper', 'Moving Boxes', 'Folders', 'Sweatshirt', 'Suitcase', 'Barbecue Sauce', 'Shower Cap', 'Kettlebells', 'Gloves']",10,Debit Card,Thompsonchester,Senior (65+),Summer,Discount on Selected Items,Yes,Morning,102.2
2023-09-09 06:19:14,Jason Martin,"['Jump Rope', 'Soy Sauce', 'Gum', 'Multi-Surface Cleaner', 'Soap', 'Canola Oil']",6,Mobile Payment,Kaylaside,Teenager (13-19),Fall,Unknown Promotion,Yes,Morning,56.07
2023-09-09 07:54:31,Denise Serrano,"['Cookies', 'Bubble Wrap', 'Candles']",3,Credit Card,Vasqueztown,Adult (30-49),Summer,Unknown Promotion,No,Morning,23.88
2023-09-09 09:21:20,Brooke Ray,"['Packing Tape', 'Bobby Pins', 'Pickles', 'Multi-Surface Cleaner', 'Rug', 'Index Cards']",6,Credit Card,Port Sabrinachester,Teenager (13-19),Summer,BOGO (Buy One Get One),Yes,Morning,56.07
2023-09-09 10:38:18,Adam Wolf,"['Moving Boxes', 'Shelving', 'Nail Polish Remover', 'Charcoal']",4,Cash,Pittmanbury,Adult (30-49),Summer,Discount on Selected Items,Yes,Midday,34.67
2023-09-09 10:50:38,Bryan Rodriguez,"['Raisins', 'Resistance Bands', 'Swim Trunks']",3,Mobile Payment,Josephchester,Middle-aged (50-64),Winter,BOGO (Buy One Get One),No,Midday,23.88
2023-09-09 14:30:16,Paul Perez,"['Toilet Bowl Cleaner', 'Dried Cranberries', 'Cucumber', 'Boots', 'Air Freshener', 'Canned Fruit']",6,Debit Card,Rodriguezberg,Middle-aged (50-64),Winter,Unknown Promotion,Yes,Midday,56.07
2023-09-09 16:31:46,Robert Schneider,"['Blouse', 'Laundry Detergent', 'Shower Curtain']",3,Mobile Payment,Velasquezbury,Adult (30-49),Spring,Unknown Promotion,No,Afternoon,23.88
2023-09-09 17:30:38,Adam Moyer,"['Skirt', 'Hand Sanitizer', 'Foam Roller', 'Cotton Swabs', 'Raincoat', 'Baking Soda', 'Pain Relievers']",7,Debit Card,Christymouth,Senior (65+),Fall,Discount on Selected Items,No,Afternoon,65.86
2023-09-09 19:20:21,Kim Moore,"['Tea', 'Chewing Gum', 'Backpack', 'Paper Cups', 'Granola Bars', 'Floss']",6,Mobile Payment,Lake Melissa,Middle-aged (50-64),Fall,Unknown Promotion,No,Evening,57.61
2023-09-09 19:34:42,Terri Reynolds,"['Toothbrush', 'Batteries', 'Picture Frames', 'Batteries']",4,Cash,Port Lauramouth,Adult (30-49),Summer,Unknown Promotion,Yes,Evening,34.67
2023-09-09 22:47:25,Brittany Vance,"['Exercise Ball', 'Dumbbells', 'Gum', 'Sports Drinks', 'Bathrobe']",5,Credit Card,West Jesus,Adult (30-49),Winter,BOGO (Buy One Get One),Yes,Late Night,44.95
2023-09-10 04:10:01,Julia Russell,"['Frozen Dinners', 'Ramen', 'Butter', 'Colored Pencils', 'Frozen Cookies', 'Frozen Pizza Rolls']",6,Mobile Payment,New Andrew,Adult (30-49),Summer,Discount on Selected Items,Yes,Morning,56.07
2023-09-10 08:23:49,Barbara Lyons,"['Chili Powder', 'Lip Balm', 'Vinegar']",3,Debit Card,North Melissa,Middle-aged (50-64),Spring,Discount on Selected Items,No,Morning,23.88
2023-09-10 08:35:00,Meghan Wilson,"['Shampoo', 'Swim Cap', 'Hairbrush']",3,Debit Card,New Dana,Middle-aged (50-64),Winter,BOGO (Buy One Get One),Yes,Morning,23.88
2023-09-10 10:26:15,Alicia Martin,['Razors'],1,Debit Card,East Julieberg,Young Adult (20-29),Spring,BOGO (Buy One Get One),Yes,Midday,5.14
2023-09-10 11:04:48,Vickie Black,"['Peanuts', 'Frozen Bread', 'Sunglasses', 'Rug', 'Jelly', 'Boots']",6,Cash,Hardingfort,Adult (30-49),Winter,Unknown Promotion,Yes,Midday,56.07
2023-09-10 12:01:13,Christopher Clark,"['Lighter', 'Nail Polish', 'Hand Sanitizer', 'Razors', 'Hair Ties']",5,Cash,North Richard,Adult (30-49),Summer,BOGO (Buy One Get One),No,Midday,44.95
2023-09-10 12:21:38,Lindsay Gonzales,"['Sports Drinks', 'Gloves', 'Swim Cap', 'Body Wash', 'Band-Aids', 'Flashlight', 'Ziploc Bags', 'Ramen']",8,Debit Card,Lukechester,Senior (65+),Spring,Unknown Promotion,Yes,Midday,77.1
2023-09-10 13:09:17,Elizabeth Brooks,"['Cheese', 'Butter', 'Plastic Cups', 'Flour']",4,Mobile Payment,North Natalie,Young Adult (20-29),Summer,BOGO (Buy One Get One),Yes,Midday,34.67
2023-09-10 13:14:40,Heather Martin,"['Thermometer', 'Chips', 'Barbecue Sauce', 'Duffel Bag']",4,Cash,Lake Jamesburgh,Middle-aged (50-64),Summer,BOGO (Buy One Get One),Yes,Midday,34.67
2023-09-10 14:18:35,Jordan Grimes,"['Trail Mix', 'Frozen Burritos', 'Envelopes', 'Eggs']",4,Debit Card,Lake John,Middle-aged (50-64),Winter,Discount on Selected Items,No,Midday,34.67
2023-09-10 15:10:07,Erica Case,"['Pepper', 'Apples', 'Envelopes']",3,Debit Card,Port Thomas,Teenager (13-19),Fall,BOGO (Buy One Get One),No,Midday,23.88
2023-09-10 17:04:50,Joseph Erickson,"['Bobby Pins', 'Hat', 'Protein Bars', 'Pasta Sauce', 'Thermometer']",5,Cash,North Alexander,Adult (30-49),Spring,Unknown Promotion,No,Afternoon,44.95
2023-09-10 17:50:25,Sandra Williams,"['Water Bottle', 'Sponges', 'Paper Plates', 'Slippers']",4,Debit Card,West Tammy,Teenager (13-19),Winter,BOGO (Buy One Get One),No,Afternoon,34.67
2023-09-10 19:22:50,Jason Palmer,"['Hoodie', 'Protein Bars', 'Glue', 'Construction Paper', 'Tape', 'Bagels']",6,Credit Card,Lake Ashleybury,Adult (30-49),Winter,BOGO (Buy One Get One),No,Evening,57.61
2023-09-11 05:26:45,April Smith,"['Polo Shirt', 'Thermometer', 'Cucumber', 'Candles', 'Sports Drinks', 'Canned Tuna']",6,Mobile Payment,West Nicole,Middle-aged (50-64),Spring,Unknown Promotion,No,Morning,57.61
2023-09-11 05:39:57,Tyler Richards,"['Shorts', 'Facial Tissue']",2,Credit Card,Ariastown,Young Adult (20-29),Fall,BOGO (Buy One Get One),No,Morning,14.55
2023-09-11 07:08:20,Mr. Brandon Adams,"['Sugar', 'Pens', 'Jacket']",3,Credit Card,Rochamouth,Adult (30-49),Spring,BOGO (Buy One Get One),No,Morning,23.88
2023-09-11 07:39:07,Rhonda Ellis,"['Allergy Medicine', 'Resistance Bands', 'Candles', 'Frozen Waffles']",4,Debit Card,Brandonmouth,Young Adult (20-29),Spring,Discount on Selected Items,Yes,Morning,34.67
2023-09-11 10:59:51,Christopher Rice,"['Toilet Paper', 'Frozen Bagels', 'Bath Bombs', 'Dried Cranberries']",4,Credit Card,Jordanstad,Young Adult (20-29),Summer,BOGO (Buy One Get One),No,Midday,34.67
2023-09-11 13:49:15,Brett Ramos,"['Bread', 'Binders', 'Ziploc Bags', 'Blouse', 'Laundry Basket', 'Bleach']",6,Debit Card,Rachaelfort,Adult (30-49),Winter,BOGO (Buy One Get One),No,Midday,57.61
2023-09-11 14:50:04,Cynthia Hickman,"['Cashews', 'Hat', 'Laundry Detergent', 'Slippers', 'Toothpaste', 'Batteries']",6,Mobile Payment,East Wandaland,Young Adult (20-29),Winter,Unknown Promotion,Yes,Midday,56.07
2023-09-11 14:55:20,Susan Williams,['Wine'],1,Debit Card,South Michael,Middle-aged (50-64),Spring,Unknown Promotion,No,Midday,5.14
2023-09-11 15:04:23,John Burgess,"['Frozen Cake', 'Kettlebells', 'Ice Cream Cones', 'Pasta']",4,Debit Card,East Ginamouth,Young Adult (20-29),Winter,Discount on Selected Items,No,Midday,34.67
2023-09-11 16:05:16,Lori Maddox,"['Jeans', 'Sports Drinks', 'Plastic Utensils', 'Frozen Pie', 'Cream Cheese', 'Tweezers', 'Treadmill']",7,Credit Card,North Brandiborough,Senior (65+),Summer,BOGO (Buy One Get One),No,Afternoon,65.86
2023-09-11 16:40:05,Andrea Gonzalez,"['Cotton Balls', 'Frozen Sausages', 'Garlic Powder']",3,Cash,Vargasstad,Middle-aged (50-64),Summer,BOGO (Buy One Get One),No,Afternoon,23.88
2023-09-11 20:30:03,William Gardner,"['Protein Bars', 'Olives', 'Glass Cleaner', 'Shower Shoes']",4,Credit Card,Karenchester,Adult (30-49),Fall,BOGO (Buy One Get One),Yes,Evening,34.67
2023-09-12 01:08:50,Chris Hobbs,"['Charcoal', 'Facial Tissue', 'Messenger Bag', 'Ear Muffs', 'Backpack', 'Popsicles', 'Wallet', 'Flour']",8,Debit Card,Port Charlesborough,Middle-aged (50-64),Summer,Unknown Promotion,Yes,Early Morning,77.1
2023-09-12 06:41:15,Richard Ward,"['Sweater', 'Chewing Gum', 'Pajamas', 'Scrubbers', 'Tea', 'Ice Cream Cones', 'Nail Clippers']",7,Debit Card,Vaughnview,Young Adult (20-29),Fall,Discount on Selected Items,No,Morning,65.86
2023-09-12 09:10:03,Stephanie Fields,"['Peanuts', 'Carry-on Bag', 'Pencils', 'Frozen Dinners', 'Ruler', 'Passport Holder', 'Sweater', 'Snack Cakes']",8,Mobile Payment,Pinedamouth,Adult (30-49),Winter,BOGO (Buy One Get One),No,Morning,77.1
2023-09-12 09:31:58,Robert Watson,"['Napkins', 'Coffee', 'Gum']",3,Credit Card,Burchland,Young Adult (20-29),Fall,BOGO (Buy One Get One),Yes,Morning,23.88
2023-09-12 12:20:23,Isabella Gallagher,"['Purse', 'Frozen Burritos', 'Jam']",3,Debit Card,Lindatown,Adult (30-49),Winter,BOGO (Buy One Get One),No,Midday,23.88
2023-09-12 14:56:44,Lisa White,"['Notebook Paper', 'Shower Shoes', 'Charcoal', 'Skirt', 'Calculator', 'Ramen']",6,Mobile Payment,Josephview,Middle-aged (50-64),Spring,BOGO (Buy One Get One),Yes,Midday,56.07
2023-09-12 16:01:51,Brandon Henderson,"['Wallet', 'Moving Boxes', 'Laundry Detergent', 'Sweater']",4,Debit Card,Sarahtown,Senior (65+),Spring,Discount on Selected Items,No,Afternoon,34.67
2023-09-12 16:14:02,Kenneth Juarez,"['Wallet', 'Stamps', 'Cheese', 'Storage Bins']",4,Mobile Payment,New Ashley,Adult (30-49),Winter,Unknown Promotion,No,Afternoon,34.67
2023-09-12 16:40:36,Robert Wallace,"['Post-it Notes', 'Hoodie', 'Pretzels', 'Construction Paper', 'Pajamas', 'Ice Cream Sandwiches', 'Disinfectant Wipes', 'Pencils']",8,Credit Card,Smithport,Adult (30-49),Summer,Unknown Promotion,No,Afternoon,77.1
2023-09-12 17:40:14,Reginald Bradley,"['Multi-Surface Cleaner', 'Frozen Fruit', 'Coffee', 'Fabric Softener']",4,Debit Card,Lake Natalie,Young Adult (20-29),Spring,BOGO (Buy One Get One),Yes,Afternoon,34.67
2023-09-12 19:43:23,Christopher Deleon,"['Ice Cream Tubs', 'Barbecue Sauce', 'Granola Bars', 'Exercise Ball', 'Paper Towels', 'Protein Powder', 'Sunscreen', 'Polo Shirt']",8,Mobile Payment,Bentonbury,Adult (30-49),Spring,Unknown Promotion,Yes,Evening,77.1
2023-09-12 19:57:23,Emily Sawyer,"['Ice Cream Tubs', 'Cotton Swabs', 'Stamps', 'Milk', 'Frozen Fries']",5,Debit Card,West Jenniferfort,Young Adult (20-29),Fall,BOGO (Buy One Get One),No,Evening,44.95
2023-09-12 21:05:41,Shelly Morgan,"['Snack Cakes', 'Allergy Medicine', 'Bread', 'Goggles', 'Skirt', 'Yoga Pants', 'Hat', 'Flats', 'Tote Bag']",9,Debit Card,West Jamesside,Senior (65+),Winter,Unknown Promotion,Yes,Evening,90.0
2023-09-13 08:02:58,Eileen Barrett,"['Frozen Breakfast Sandwiches', 'Salt', 'Sunglasses', 'Sunscreen']",4,Cash,Elizabethborough,Middle-aged (50-64),Summer,Unknown Promotion,Yes,Morning,34.67
2023-09-13 08:04:27,Robyn Dennis,"['Salt', 'Oranges']",2,Debit Card,Parksside,Senior (65+),Spring,Unknown Promotion,No,Morning,14.55
2023-09-13 10:21:04,Benjamin Stewart,"['Donuts', 'Laundry Basket', 'Chips', 'Razors', 'Bagels']",5,Cash,North Tonya,Young Adult (20-29),Fall,Unknown Promotion,No,Midday,44.95
2023-09-13 12:35:17,Kathleen Jones,"['Moving Boxes', 'Sunscreen', 'Cream Cheese', 'Cumin']",4,Debit Card,Jamestown,Young Adult (20-29),Winter,Unknown Promotion,Yes,Midday,34.67
2023-09-13 12:51:50,Lauren Scott,"['Popsicles', 'Comb', 'Tank Top', 'Shower Cap']",4,Credit Card,Barbarahaven,Senior (65+),Summer,Unknown Promotion,No,Midday,34.67
2023-09-13 15:00:01,Dennis Jones,"['Foam Roller', 'Bubble Bath', 'Ketchup']",3,Cash,South Arianaville,Young Adult (20-29),Fall,Unknown Promotion,No,Midday,23.88
2023-09-13 17:28:09,Jim Rogers,"['Granola Bars', 'Conditioner', 'Frozen Fries', 'Frozen Fruit', 'Apples']",5,Debit Card,East Karen,Young Adult (20-29),Winter,BOGO (Buy One Get One),Yes,Afternoon,44.95
2023-09-13 17:29:49,Brittney Merritt,"['Sponges', 'Washcloths', 'Cookies', 'Milk', 'Candles', 'Frozen Pie', 'Pretzels']",7,Mobile Payment,New Garymouth,Adult (30-49),Fall,Discount on Selected Items,No,Afternoon,65.86
2023-09-13 17:33:07,Jacob Morris,"['Hat', 'Razors', 'Boots', 'Swim Trunks']",4,Debit Card,Garciaside,Adult (30-49),Fall,Unknown Promotion,Yes,Afternoon,34.67
2023-09-13 20:31:06,Richard Adams,"['Soap', 'Matches', 'Jacket', 'Nail Polish']",4,Debit Card,North Paul,Middle-aged (50-64),Spring,BOGO (Buy One Get One),No,Evening,34.67
2023-09-14 10:25:29,Elizabeth Lee,"['Sunscreen', 'Lemonade', 'Washcloths', 'Shelving']",4,Credit Card,Port Marcia,Adult (30-49),Winter,Unknown Promotion,Yes,Midday,34.67
2023-09-14 10:34:45,Tammy Rosales,"['Cotton Swabs', 'Colored Pencils', 'Beef', 'Beach Towel', 'Bathrobe', 'Scissors', 'Bananas', 'Shower Cap', 'Frozen Sausages', 'Canned Vegetables']",10,Cash,Port Donnaton,Adult (30-49),Fall,Unknown Promotion,Yes,Midday,102.2
2023-09-14 11:27:52,Christina Matthews,"['Sugar', 'Notebooks', 'Dress', 'Flashlight', 'Shower Shoes', 'Disinfectant Wipes', 'Cereal', 'Mayonnaise', 'Chocolate', 'Sunscreen']",10,Debit Card,West Jerryburgh,Young Adult (20-29),Summer,Unknown Promotion,Yes,Midday,102.2
2023-09-14 13:22:26,Mr. Tanner Watson,"['Sports Drinks', 'Canned Vegetables']",2,Debit Card,Garciachester,Middle-aged (50-64),Spring,Discount on Selected Items,Yes,Midday,14.55
2023-09-14 14:31:08,Rose Baker,"['Tea', 'Water']",2,Debit Card,Angelaberg,Middle-aged (50-64),Winter,Unknown Promotion,Yes,Midday,14.55
2023-09-14 15:47:57,Jeremy Martin,"['Duffel Bag', 'Hangers', 'Plastic Utensils', 'Frozen Sausages', 'Treadmill', 'Cashews']",6,Credit Card,New Shawn,Adult (30-49),Winter,Unknown Promotion,Yes,Midday,56.07
2023-09-14 17:15:30,Cindy Brennan,"['Binders', 'Duct Tape', 'Passport Holder', 'Ice Cream', 'Lollipops']",5,Credit Card,West Antonio,Young Adult (20-29),Spring,Discount on Selected Items,No,Afternoon,44.95
2023-09-14 17:20:06,Amanda Roberts,"['Gum', 'Oats', 'Butter', 'Duffel Bag', 'Sweatshirt']",5,Mobile Payment,Alanmouth,Adult (30-49),Summer,Unknown Promotion,Yes,Afternoon,44.95
2023-09-14 18:11:41,Justin Flowers,"['Envelopes', 'Foam Roller', 'Toothpaste', 'Chili Powder', 'Duct Tape', 'Resistance Bands', 'Candy Bars', 'Skirt']",8,Debit Card,Hunterhaven,Adult (30-49),Summer,BOGO (Buy One Get One),Yes,Afternoon,77.1
2023-09-14 18:26:57,Kendra Franco,"['Canned Fruit', 'Flats', 'Brown Sugar', 'Tweezers', 'Laundry Detergent', 'Sunscreen', 'Coffee', 'Soda', 'Mustard']",9,Credit Card,South Justin,Young Adult (20-29),Spring,BOGO (Buy One Get One),Yes,Afternoon,90.0
2023-09-15 05:18:21,Joel Hardy,"['Dumbbells', 'Jelly', 'Mints']",3,Cash,Smithbury,Young Adult (20-29),Summer,BOGO (Buy One Get One),Yes,Morning,23.88
2023-09-15 08:45:54,Timothy Brewer,"['Cumin', 'Colored Pencils', 'Blouse', 'Binders', 'Chewing Gum']",5,Mobile Payment,Port Makayla,Senior (65+),Winter,Discount on Selected Items,Yes,Morning,44.95
2023-09-15 08:52:15,John Ward,"['Duffel Bag', 'Gym Bag']",2,Mobile Payment,South Jessicaport,Adult (30-49),Spring,Discount on Selected Items,Yes,Morning,14.55
2023-09-15 10:16:55,Tonya Jones,"['Muffins', 'Purse', 'Jacket', 'Shelving', 'Cotton Balls', 'Frozen Chicken Nuggets', 'Ear Muffs']",7,Cash,Michelehaven,Young Adult (20-29),Spring,BOGO (Buy One Get One),No,Midday,65.86
2023-09-15 10:55:16,Matthew Taylor,"['Onion Powder', 'Frozen Bagels', 'Cotton Swabs', 'Ice Cream', 'Frozen Vegetables', 'Shoes']",6,Mobile Payment,New Danielbury,Teenager (13-19),Summer,BOGO (Buy One Get One),No,Midday,57.61
2023-09-15 11:24:42,Jasmine Willis,"['Stain Remover', 'Coat']",2,Debit Card,West Jacobmouth,Young Adult (20-29),Summer,Unknown Promotion,Yes,Midday,14.55
2023-09-15 11:41:39,Joseph Webb,"['Sunscreen', 'Wallet', 'Umbrella', 'Ice Cream Bars', 'Pajamas', 'Goggles', 'Soy Sauce', 'Detergent', 'Bath Mat', 'Onion Powder']",10,Cash,West Laura,Senior (65+),Summer,BOGO (Buy One Get One),No,Midday,102.2
2023-09-15 15:24:53,Amber King,"['Ice Cream', 'Frozen Chicken Nuggets', 'Goggles', 'Baking Powder', 'Bagels', 'Scarf', 'Snack Cakes', 'Shampoo', 'Fabric Softener', 'Syrup']",10,Credit Card,North Lori,Middle-aged (50-64),Fall,Unknown Promotion,Yes,Midday,102.2
2023-09-15 16:42:42,Ashley Garner,"['Frozen Bagels', 'Trail Mix', 'Plastic Utensils']",3,Mobile Payment,Nicholasbury,Adult (30-49),Winter,BOGO (Buy One Get One),No,Afternoon,23.88
2023-09-15 17:16:05,Kathleen Ford,"['Beer', 'Toilet Paper', 'Gelato', 'Honey', 'Peanuts', 'Luggage', 'Bug Spray', 'Sports Drinks', 'Canola Oil', 'Slippers', 'Thermometer']",11,Mobile Payment,Lake Hector,Middle-aged (50-64),Spring,Unknown Promotion,Yes,Afternoon,113.03
2023-09-15 17:32:49,Robert Walker,"['Fabric Softener', 'Tote Bag', 'Tea', 'Frozen Fries', 'Sweater', 'Cinnamon']",6,Cash,West Brianstad,Senior (65+),Fall,Unknown Promotion,No,Afternoon,57.61
2023-09-15 18:12:01,Benjamin Newton,"['Batteries', 'Frozen Burritos', 'Polo Shirt', 'Soda', 'Insect Repellent', 'Ice Cream Bars', 'Bagels']",7,Mobile Payment,Juliaside,Young Adult (20-29),Spring,Discount on Selected Items,Yes,Afternoon,65.86
2023-09-15 18:38:41,Jennifer Pennington,"['Air Freshener', 'Hat', 'Spaghetti', 'Frozen Meatballs', 'Photo Albums', 'Tweezers', 'Cotton Swabs', 'Fabric Softener']",8,Cash,East John,Young Adult (20-29),Fall,Unknown Promotion,No,Afternoon,77.1
2023-09-15 20:02:26,Daniel Williams,"['Gym Towel', 'Cream Cheese', 'Hat', 'Olives', 'Dried Cranberries']",5,Cash,Knightville,Senior (65+),Spring,BOGO (Buy One Get One),No,Evening,44.95
2023-09-16 04:01:14,Marie Ruiz,"['Tote Bag', 'Scissors', 'Jump Rope', 'Swim Cap', 'Orange Juice', 'Stamps']",6,Mobile Payment,North Amber,Adult (30-49),Spring,Unknown Promotion,Yes,Morning,56.07
2023-09-16 09:01:59,Alexa Marshall,"['Eggs', 'Frozen Pie', 'Paper Towels', 'Moving Boxes', 'Canned Vegetables', 'Sponges', 'Cough Syrup']",7,Mobile Payment,Sarahfort,Adult (30-49),Winter,Discount on Selected Items,No,Morning,65.86
2023-09-16 09:54:39,Paul Golden,"['Vinegar', 'Resistance Bands', 'Conditioner']",3,Credit Card,Lake Barbara,Young Adult (20-29),Fall,BOGO (Buy One Get One),Yes,Morning,23.88
2023-09-16 10:17:47,Ryan Lane,"['Granola Bars', 'Crackers']",2,Mobile Payment,Lake Daniel,Adult (30-49),Fall,BOGO (Buy One Get One),No,Midday,14.55
2023-09-16 11:37:22,Jose Kirby,"['Syrup', 'Bread']",2,Debit Card,South Brendan,Young Adult (20-29),Fall,BOGO (Buy One Get One),No,Midday,14.55
2023-09-16 12:54:10,Heather Lewis,"['Nail Polish Remover', 'Cinnamon']",2,Cash,Saraside,Adult (30-49),Summer,Discount on Selected Items,No,Midday,14.55
2023-09-16 12:59:46,Laurie Alvarez,"['Candy Bars', 'Laundry Detergent', 'Disinfectant Wipes', 'Insect Repellent', 'Jam']",5,Debit Card,Elliottfurt,Adult (30-49),Summer,Unknown Promotion,No,Midday,44.95
2023-09-16 14:40:35,Jesse Green,"['Butter', 'Soy Sauce', 'Bra', 'Beef']",4,Mobile Payment,South Darinburgh,Young Adult (20-29),Winter,Discount on Selected Items,No,Midday,34.67
2023-09-16 14:58:39,Zachary Cook,"['Belt', 'Frozen Fish Sticks', 'Flats', 'Canned Fruit', 'Iced Tea', 'Chili Powder', 'Plastic Utensils', 'Shaving Cream', 'Hoodie', 'Matches']",10,Debit Card,Lake Emily,Teenager (13-19),Summer,Discount on Selected Items,No,Midday,102.2
2023-09-16 16:23:37,Janet Hernandez,"['Slippers', 'Shaving Cream', 'Jump Rope']",3,Cash,Cardenasburgh,Senior (65+),Spring,Discount on Selected Items,Yes,Afternoon,23.88
2023-09-16 18:24:08,Jessica Wade,"['Nail Clippers', 'Cinnamon', 'Frozen Pie', 'Sandals']",4,Debit Card,Robertschester,Middle-aged (50-64),Winter,Discount on Selected Items,Yes,Afternoon,34.67
2023-09-17 02:41:58,Daniel Taylor,"['Plastic Utensils', 'Tomatoes', 'Lollipops', 'Frozen Cookies', 'Instant Noodles', 'Hair Ties', 'Frozen Garlic Bread', 'Glue', 'Lighter']",9,Debit Card,East Robertmouth,Young Adult (20-29),Winter,BOGO (Buy One Get One),No,Early Morning,90.0
2023-09-17 06:01:56,Katie Garcia,"['Onion Powder', 'Tote Bag', 'Beef', 'Detergent']",4,Debit Card,Port David,Middle-aged (50-64),Spring,Unknown Promotion,No,Morning,34.67
2023-09-17 10:24:28,Pamela Barnes,['Mayonnaise'],1,Mobile Payment,West Lisaland,Adult (30-49),Winter,Discount on Selected Items,Yes,Midday,5.14
2023-09-17 10:58:41,Thomas Chambers,"['Cream Cheese', 'Bug Spray', 'Razors', 'Chicken', 'Weight Bench', 'Dryer Sheets', 'Apples']",7,Debit Card,East Cameronside,Middle-aged (50-64),Fall,BOGO (Buy One Get One),No,Midday,65.86
2023-09-17 11:26:18,Jessica Gentry,"['Laptop Bag', 'Frozen Bread']",2,Debit Card,North Olivia,Adult (30-49),Spring,BOGO (Buy One Get One),Yes,Midday,14.55
2023-09-17 11:56:22,Alicia Garcia,"['Canned Fruit', 'Peanut Butter', 'Aluminum Foil', 'Luggage', 'Popsicles', 'Gym Towel', 'Honey', 'Swim Trunks', 'Bathrobe']",9,Debit Card,Griffithberg,Young Adult (20-29),Winter,Discount on Selected Items,No,Midday,90.0
2023-09-17 14:08:13,Jesse Lambert,"['Ramen', 'Comb', 'First Aid Kit', 'Sandals', 'Multi-Surface Cleaner']",5,Mobile Payment,Shawstad,Adult (30-49),Spring,Unknown Promotion,No,Midday,44.95
2023-09-17 14:33:32,Timothy Haas,"['Almonds', 'Jacket', 'Treadmill', 'Body Wash', 'Notebook Paper', 'Workout Clothes', 'Baking Powder', 'Pasta Sauce', 'Sandals', 'One-Piece Swimsuit']",10,Credit Card,Randyton,Adult (30-49),Fall,Discount on Selected Items,No,Midday,102.2
2023-09-17 14:54:33,Sara Palmer,"['Protein Bars', 'Dress', 'Index Cards', 'Pasta']",4,Credit Card,Lake Garrettstad,Teenager (13-19),Summer,Discount on Selected Items,No,Midday,34.67
2023-09-17 15:13:38,Nicholas Thompson,"['Nail Polish', 'Notebooks', 'Backpack', 'Ziploc Bags']",4,Debit Card,East Tamara,Adult (30-49),Fall,BOGO (Buy One Get One),Yes,Midday,34.67
2023-09-17 15:48:51,Alexander Mckee,"['Sandals', 'Bubble Bath', 'Laptop Bag', 'Cereal', 'Jeans', 'Mayonnaise', 'Eggs']",7,Debit Card,Brianburgh,Adult (30-49),Summer,Unknown Promotion,Yes,Midday,65.86
2023-09-17 16:20:54,Martha Mathis,"['Onion Powder', 'Protein Powder', 'Frozen Fruit']",3,Mobile Payment,North Andrewside,Adult (30-49),Winter,BOGO (Buy One Get One),Yes,Afternoon,23.88
2023-09-17 16:22:55,Julie Brown,"['Tweezers', 'Water']",2,Mobile Payment,Hunterville,Adult (30-49),Fall,BOGO (Buy One Get One),No,Afternoon,14.55
2023-09-17 16:27:43,Christopher Gonzalez,"['Soap', 'Calculator', 'Cumin', 'Tea', 'Sweatshirt', 'Sweater']",6,Mobile Payment,Lake Roberto,Senior (65+),Winter,BOGO (Buy One Get One),Yes,Afternoon,56.07
2023-09-17 18:59:17,Jeremy Moreno,"['Flip Flops', 'Scarf', 'Bobby Pins']",3,Mobile Payment,New Melissa,Young Adult (20-29),Spring,BOGO (Buy One Get One),Yes,Afternoon,23.88
2023-09-17 19:05:28,Jack Miller,"['Oats', 'Treadmill', 'Slippers', 'Apples', 'Tweezers', 'Frozen Sausages', 'Hand Sanitizer']",7,Credit Card,Simonstad,Young Adult (20-29),Spring,Unknown Promotion,No,Evening,65.86
2023-09-17 21:34:15,Sally Jacobs,"['Winter Hat', 'Dumbbells', 'Bread']",3,Credit Card,Sanchezburgh,Middle-aged (50-64),Fall,BOGO (Buy One Get One),Yes,Evening,23.88
2023-09-18 06:11:42,Michael Lopez,"['Plastic Wrap', 'Frozen Pancakes', 'Milk', 'Insect Repellent', 'Syrup']",5,Credit Card,Andrewview,Teenager (13-19),Winter,BOGO (Buy One Get One),Yes,Morning,44.95
2023-09-18 09:02:35,Gary Fry DDS,"['Frozen Dinners', 'Comb', 'Flashlight', 'Fabric Softener', 'Gym Bag']",5,Cash,South Daniel,Adult (30-49),Spring,BOGO (Buy One Get One),No,Morning,44.95
2023-09-18 09:09:43,Christopher Diaz,"['Toothpaste', 'Canned Soup', 'Washcloths', 'Bathrobe', 'Yogurt', 'Laundry Basket', 'Tea', 'Ruler', 'Jam']",9,Mobile Payment,Port Bradleyberg,Adult (30-49),Winter,BOGO (Buy One Get One),No,Morning,90.0
2023-09-18 09:19:54,Gregory Grimes,"['Disinfectant Wipes', 'Hairbrush']",2,Cash,East Johnstad,Teenager (13-19),Winter,BOGO (Buy One Get One),No,Morning,14.55
2023-09-18 09:22:46,Kevin David,"['Pants', 'Construction Paper', 'Trail Mix']",3,Debit Card,East Stephanie,Middle-aged (50-64),Summer,Unknown Promotion,Yes,Morning,23.88
2023-09-18 10:07:21,Michael Mann,"['Frozen Dinners', 'Slippers', 'Shoes', 'Post-it Notes', 'Iced Tea', 'Mouthwash', 'Light Bulbs', 'Peanuts', 'Winter Hat']",9,Mobile Payment,Melissashire,Adult (30-49),Summer,Discount on Selected Items,No,Midday,90.0
2023-09-18 11:12:32,Jesse Hendricks,"['Shampoo', 'Paper Cups', 'Swim Cap', 'Instant Noodles', 'First Aid Kit', 'Purse']",6,Debit Card,Lake Lindseyshire,Young Adult (20-29),Winter,BOGO (Buy One Get One),No,Midday,57.61
2023-09-18 11:38:12,Rachel Morris,"['Blouse', 'Ice Cream Tubs']",2,Debit Card,Lake Cassandrahaven,Middle-aged (50-64),Spring,BOGO (Buy One Get One),Yes,Midday,14.55
2023-09-18 11:56:21,Rachel Day,"['Frozen Waffles', 'Toothpaste', 'Ketchup', 'Duffel Bag', 'Ramen', 'Folders']",6,Credit Card,Dannyton,Young Adult (20-29),Fall,Discount on Selected Items,Yes,Midday,56.07
2023-09-18 12:13:37,Michael Arellano,"['Canned Tuna', 'Chips']",2,Mobile Payment,East Stevenport,Middle-aged (50-64),Summer,BOGO (Buy One Get One),Yes,Midday,14.55
2023-09-18 12:49:58,Kyle Ortiz,['Laptop Bag'],1,Mobile Payment,Lake Yolanda,Young Adult (20-29),Winter,Unknown Promotion,No,Midday,5.14
2023-09-18 13:24:34,Karen Jackson,"['Cotton Balls', 'Ice Cream Sandwiches', 'Frozen Sausages', 'Nail Polish Remover', 'Flip Flops']",5,Mobile Payment,Bartlettmouth,Adult (30-49),Fall,BOGO (Buy One Get One),Yes,Midday,44.95
2023-09-18 14:57:37,Michael Mueller,"['Flip Flops', 'Cheese', 'Beef', 'Stain Remover', 'T-Shirt', 'Salt', 'Jelly', 'Pasta Sauce', 'Slippers']",9,Cash,West Victor,Senior (65+),Fall,Unknown Promotion,Yes,Midday,90.0
2023-09-18 15:18:32,Danielle Cowan,"['Shower Cap', 'Yoga Pants', 'Baking Soda', 'Mustard', 'Bagels', 'Crayons', 'Colored Pencils', 'Pepper', 'Towels', 'Cucumber']",10,Mobile Payment,Lake Paulshire,Young Adult (20-29),Summer,Discount on Selected Items,No,Midday,102.2
2023-09-18 15:45:10,Robert Bond,"['Shower Curtain', 'Scrubbers']",2,Mobile Payment,Dylanside,Young Adult (20-29),Summer,Discount on Selected Items,No,Midday,14.55
2023-09-18 18:27:19,Alexander Maxwell,"['Bananas', 'Pants', 'Leggings']",3,Cash,East Melodybury,Adult (30-49),Summer,BOGO (Buy One Get One),Yes,Afternoon,23.88
2023-09-18 18:55:37,Jeffrey Stone,"['Bath Bombs', 'Swim Trunks', 'Frozen Dinners', 'Beef', 'Eggs', 'Winter Hat', 'Handbag', 'Frozen Pancakes', 'Tank Top']",9,Debit Card,Mclaughlinstad,Adult (30-49),Fall,BOGO (Buy One Get One),No,Afternoon,90.0
2023-09-19 07:01:37,Jeffrey Brooks,"['Towels', 'Hoodie', 'Facial Tissue', 'Razors']",4,Credit Card,Glennside,Senior (65+),Summer,Discount on Selected Items,Yes,Morning,34.67
2023-09-19 09:27:17,Joann Dickson,"['Frozen Garlic Bread', 'Cream Cheese', 'Sponges', 'Frozen Cookies']",4,Cash,South Gerald,Adult (30-49),Winter,BOGO (Buy One Get One),Yes,Morning,34.67
2023-09-19 09:44:15,Brent Gibbs,"['Stamps', 'Frozen Chicken Nuggets', 'Frozen Cookies', 'Frozen Pie', 'Body Wash']",5,Cash,Brendaland,Senior (65+),Spring,Unknown Promotion,Yes,Morning,44.95
2023-09-19 10:51:16,Jay Miller,['Cumin'],1,Credit Card,Bennettmouth,Young Adult (20-29),Winter,Unknown Promotion,No,Midday,5.14
2023-09-19 11:36:49,Scott Wright,"['Crayons', 'Leggings', 'Crackers', 'Frozen Waffles', 'Heels']",5,Mobile Payment,Espinozaside,Young Adult (20-29),Fall,Discount on Selected Items,No,Midday,44.95
2023-09-19 13:21:18,Kristen Griffith,"['Headbands', 'Cotton Swabs', 'Scrubbers']",3,Cash,Derekmouth,Adult (30-49),Winter,BOGO (Buy One Get One),No,Midday,23.88
2023-09-19 13:24:28,Jason Sullivan,"['Frozen Breakfast Sandwiches', 'Canned Soup', 'Trash Bags', 'Washcloths', 'Butter']",5,Mobile Payment,East James,Young Adult (20-29),Winter,BOGO (Buy One Get One),No,Midday,44.95
2023-09-19 13:50:17,Michael Dickerson,"['Coffee', 'Frozen Fries', 'Pens']",3,Cash,Brentborough,Middle-aged (50-64),Winter,Unknown Promotion,No,Midday,23.88
2023-09-19 20:22:14,Michelle Ramos PhD,"['Beef', 'Sunglasses', 'Gelato', 'Sponges', 'Scarf', 'Gum']",6,Credit Card,Territon,Senior (65+),Spring,BOGO (Buy One Get One),No,Evening,57.61
2023-09-19 20:23:28,Anne Small,"['Oats', 'Notebook Paper', 'Conditioner', 'Ketchup', 'Laptop Bag', 'Paprika']",6,Mobile Payment,Carterport,Senior (65+),Summer,Discount on Selected Items,Yes,Evening,56.07
2023-09-19 20:27:03,Martin Johnson,['Pencils'],1,Credit Card,Reyesfurt,Young Adult (20-29),Summer,Discount on Selected Items,No,Evening,5.14
2023-09-19 21:11:58,Theresa Lewis,"['Umbrella', 'Trail Mix', 'Dried Cranberries', 'Swim Trunks']",4,Debit Card,Toddberg,Young Adult (20-29),Summer,Unknown Promotion,Yes,Evening,34.67
2023-09-19 21:43:05,Angela Smith,"['Peanuts', 'Skirt', 'Rowing Machine']",3,Cash,New Katie,Adult (30-49),Spring,Discount on Selected Items,Yes,Evening,23.88
2023-09-20 02:44:00,Deanna Edwards,"['Canned Soup', 'Paprika', 'Kettlebells']",3,Credit Card,New Deborahborough,Young Adult (20-29),Winter,Unknown Promotion,Yes,Early Morning,23.88
2023-09-20 06:45:33,Ross Newman,"['Shaving Cream', 'Scrubbers', 'Exercise Bike', 'Facial Tissue']",4,Debit Card,North Lindseyhaven,Senior (65+),Winter,Unknown Promotion,No,Morning,34.67
2023-09-20 09:12:29,Howard Bishop,"['Jacket', 'Bikini']",2,Cash,Jenniferburgh,Adult (30-49),Spring,BOGO (Buy One Get One),Yes,Morning,14.55
2023-09-20 09:58:57,Daniel Rosario,"['Mouthwash', 'Comb', 'Bubble Bath', 'Cheese']",4,Credit Card,Heatherfort,Middle-aged (50-64),Summer,Discount on Selected Items,Yes,Morning,34.67
2023-09-20 10:34:38,Kyle Hood,"['Shaving Cream', 'Crayons']",2,Mobile Payment,North Rebecca,Adult (30-49),Summer,Unknown Promotion,Yes,Midday,14.55
2023-09-20 10:46:11,Kelsey Franco,"['Sponges', 'Ear Muffs', 'Dryer Sheets', 'Cold Medicine']",4,Cash,West Michael,Adult (30-49),Spring,BOGO (Buy One Get One),Yes,Midday,34.67
2023-09-20 11:05:14,Tina George,"['Foam Roller', 'Salt', 'Ice Cream Tubs', 'Umbrella']",4,Debit Card,South Lisa,Senior (65+),Winter,Unknown Promotion,Yes,Midday,34.67
2023-09-20 11:19:16,Sarah Phillips,"['Spaghetti', 'Gym Bag', 'Plastic Cups', 'Bath Bombs', 'Juice']",5,Debit Card,West Billybury,Adult (30-49),Winter,BOGO (Buy One Get One),Yes,Midday,44.95
2023-09-20 13:38:27,Patrick Moore,"['Scrubbers', 'Binders', 'Paper Plates']",3,Mobile Payment,New Courtneyborough,Middle-aged (50-64),Spring,BOGO (Buy One Get One),Yes,Midday,23.88
2023-09-20 16:32:09,Shelley Gray,"['Hot Sauce', 'Frozen Pie', 'Beach Towel', 'Mints', 'Bath Mat']",5,Debit Card,Drakeland,Adult (30-49),Summer,Unknown Promotion,No,Afternoon,44.95
2023-09-20 17:11:55,Dr. Matthew Nelson,"['Frozen Pizza', 'Paper Towels', 'Flip Flops']",3,Cash,Benjamintown,Teenager (13-19),Fall,BOGO (Buy One Get One),No,Afternoon,23.88
2023-09-20 18:08:00,Justin Gilbert,"['Frozen Cake', 'Messenger Bag', 'Syrup', 'Rowing Machine', 'Shower Cap', 'Frozen Pizza', 'Candles', 'Duffel Bag', 'Crackers', 'Laundry Detergent', 'Pull-up Bar']",11,Cash,Wardfort,Young Adult (20-29),Spring,Discount on Selected Items,No,Afternoon,115.89
2023-09-20 19:31:38,Daniel Bond,"['Sports Bra', 'Conditioner', 'Cold Medicine', 'Nail Polish Remover', 'Gym Bag', 'Super Glue', 'Skirt']",7,Credit Card,Christyfurt,Adult (30-49),Summer,Unknown Promotion,Yes,Evening,65.86
2023-09-21 07:16:12,Linda Brandt MD,"['Toilet Bowl Cleaner', 'Shorts', 'Floss', 'Garlic Powder', 'Washcloths']",5,Credit Card,Lake John,Senior (65+),Summer,BOGO (Buy One Get One),Yes,Morning,44.95
2023-09-21 10:22:50,James Reed,"['Jelly', 'Candles', 'Chili Powder', 'Razors', 'Sugar']",5,Mobile Payment,Andersonhaven,Adult (30-49),Spring,Unknown Promotion,No,Midday,44.95
2023-09-21 10:34:49,James Gonzalez,"['Bobby Pins', 'Hairbrush', 'Bleach']",3,Credit Card,Bartonview,Young Adult (20-29),Winter,Discount on Selected Items,No,Midday,23.88
2023-09-21 10:34:54,Stephanie Chavez,"['Oranges', 'Canned Fruit', 'T-Shirt', 'Dumbbells', 'Paper Plates', 'Floss', 'Nail Clippers', 'Laundry Basket', 'Bathrobe']",9,Mobile Payment,New John,Adult (30-49),Spring,Discount on Selected Items,No,Midday,90.0
2023-09-21 10:44:47,Taylor Wallace,"['Notebooks', 'Dryer Sheets', 'Boots']",3,Mobile Payment,East Allisonmouth,Middle-aged (50-64),Summer,Unknown Promotion,Yes,Midday,23.88
2023-09-21 11:04:35,Jimmy Anderson,"['Bagels', 'Nail Polish Remover']",2,Mobile Payment,Port Jeffchester,Teenager (13-19),Winter,BOGO (Buy One Get One),No,Midday,14.55
2023-09-21 14:58:44,Andrea Ross,"['Vegetable Oil', 'Passport Holder', 'Ice Cream Cones', 'Detergent', 'Sunscreen']",5,Mobile Payment,East Justin,Young Adult (20-29),Winter,BOGO (Buy One Get One),Yes,Midday,44.95
2023-09-21 16:02:53,Kathryn Garcia,"['Scissors', 'Paper Cups', 'Scarf']",3,Mobile Payment,North Danielstad,Middle-aged (50-64),Fall,BOGO (Buy One Get One),Yes,Afternoon,23.88
2023-09-21 18:16:22,Brittany Olsen,"['Pepper', 'Pajamas']",2,Cash,South Jennifer,Young Adult (20-29),Fall,Discount on Selected Items,No,Afternoon,14.55
2023-09-21 19:29:32,Rhonda Pollard,"['Flats', 'Trail Mix', 'Binders', 'Frozen Breakfast Sandwiches']",4,Credit Card,South Bettyborough,Middle-aged (50-64),Fall,BOGO (Buy One Get One),Yes,Evening,34.67
2023-09-21 19:32:37,Maureen Campbell,"['Cotton Balls', 'Sunglasses', 'Multi-Surface Cleaner', 'Cinnamon']",4,Debit Card,Davidchester,Adult (30-49),Summer,BOGO (Buy One Get One),Yes,Evening,34.67
2023-09-21 21:02:14,Linda Obrien,"['Sneakers', 'Syrup', 'Frozen Pancakes', 'Soy Sauce', 'Swim Trunks', 'Tank Top', 'Flashlight', 'Cotton Balls', 'Shampoo', 'Chicken', 'Post-it Notes']",11,Debit Card,Susanberg,Teenager (13-19),Fall,Discount on Selected Items,Yes,Evening,113.03
2023-09-22 06:30:43,Kathy Gordon,"['Index Cards', 'Tweezers', 'Bath Bombs', 'Popcorn', 'Onion Powder', 'Frozen Cake', 'Rice', 'Frozen Waffles']",8,Credit Card,Stanleyfort,Adult (30-49),Summer,BOGO (Buy One Get One),No,Morning,77.1
2023-09-22 06:46:52,Ashlee Morales,"['Instant Noodles', 'Ice Cream Cones', 'Shelving', 'Ice Cream Tubs', 'Frozen Vegetables']",5,Debit Card,West Johnland,Young Adult (20-29),Winter,BOGO (Buy One Get One),No,Morning,44.95
2023-09-22 10:41:13,Amy Trevino,"['Brownies', 'Bra', 'Flashlight', 'Cream Cheese', 'Scarf', 'Bathrobe']",6,Cash,Nicholasville,Middle-aged (50-64),Spring,Discount on Selected Items,No,Midday,57.61
2023-09-22 11:09:00,Michelle Perez,"['Sports Drinks', 'Gym Towel', 'Resistance Bands', 'Frozen Fruit', 'Sweater', 'Mayonnaise', 'Iced Tea', 'Mustard', 'Hangers', 'Chewing Gum']",10,Debit Card,West Emily,Senior (65+),Winter,BOGO (Buy One Get One),Yes,Midday,102.2
2023-09-22 11:35:32,Brittney Steele,"['Shampoo', 'Tomatoes']",2,Cash,Kimberlyfurt,Teenager (13-19),Summer,Unknown Promotion,No,Midday,14.55
2023-09-22 15:36:50,Tina Harrell,"['Frozen Pizza', 'Leggings', 'Milk', 'Pasta Sauce', 'Frozen Bagels', 'Pencils']",6,Debit Card,Amandaside,Adult (30-49),Spring,BOGO (Buy One Get One),Yes,Midday,56.07
2023-09-22 15:50:07,Julie Johnson,"['Batteries', 'Sports Drinks', 'Jelly', 'Frozen Cake', 'Jacket']",5,Credit Card,Ruizchester,Adult (30-49),Fall,BOGO (Buy One Get One),Yes,Midday,44.95
2023-09-22 16:45:44,Joseph Ryan,"['Bagels', 'Onion Powder', 'Headbands', 'Bra', 'Lemonade', 'Shorts']",6,Debit Card,South Jeffreychester,Adult (30-49),Spring,BOGO (Buy One Get One),Yes,Afternoon,56.07
2023-09-22 18:39:54,Lisa Hill,"['Packing Tape', 'Syrup', 'Pepper', 'Lotion']",4,Cash,North Gailborough,Adult (30-49),Spring,Unknown Promotion,Yes,Afternoon,34.67
2023-09-22 19:27:54,Sarah Hernandez,"['Stamps', 'Water', 'Gym Bag', 'Pain Relievers', 'Popsicles']",5,Cash,Jenningsview,Young Adult (20-29),Fall,Discount on Selected Items,Yes,Evening,44.95
2023-09-22 19:49:49,Bethany Garrison,"['Butter', 'Ruler', 'Brownies', 'Super Glue', 'Plastic Wrap', 'Frozen Meatballs', 'Cream Cheese']",7,Credit Card,Jenniferberg,Young Adult (20-29),Summer,Discount on Selected Items,Yes,Evening,65.86
2023-09-22 22:23:50,Mary Hurley,"['Sports Drinks', 'Facial Tissue', 'Skirt', 'First Aid Kit']",4,Mobile Payment,New Matthewville,Young Adult (20-29),Fall,Unknown Promotion,Yes,Late Night,34.67
2023-09-23 07:18:41,Mary Johnson,"['Frozen Cookies', 'Laundry Basket', 'Gum', 'Tomato Sauce', 'Capri Pants', 'Flashlight']",6,Debit Card,West Cynthia,Middle-aged (50-64),Winter,Unknown Promotion,No,Morning,57.61
2023-09-23 08:36:26,Jesus Sanders,"['Pull-up Bar', 'Cookies', 'Mac and Cheese', 'Bathrobe', 'Yogurt', 'Ice Cream Bars', 'Hairbrush', 'Frozen Burritos', 'Tea', 'Paper Towels']",10,Debit Card,Port Jennifer,Middle-aged (50-64),Winter,Unknown Promotion,No,Morning,102.2
2023-09-23 09:02:58,Kenneth Davis,"['Bubble Bath', 'Lotion', 'Pajamas', 'Peanut Butter', 'Barbecue Sauce']",5,Credit Card,Brianahaven,Adult (30-49),Summer,Discount on Selected Items,No,Morning,44.95
2023-09-23 11:10:29,Ryan Hawkins,"['Frozen Chicken Nuggets', 'Plastic Utensils', 'Workout Clothes', 'Hot Sauce', 'Stamps']",5,Debit Card,East Julie,Adult (30-49),Spring,Discount on Selected Items,Yes,Midday,44.95
2023-09-23 11:46:32,Jacqueline Mooney,"['Sunscreen', 'Donuts', 'Juice', 'Raincoat', 'Raisins']",5,Credit Card,New Victorfort,Young Adult (20-29),Winter,Discount on Selected Items,No,Midday,44.95
2023-09-23 13:20:29,Joshua Perez,"['Luggage', 'Sunscreen', 'Envelopes', 'Onion Powder']",4,Debit Card,Victorshire,Teenager (13-19),Spring,Unknown Promotion,No,Midday,34.67
2023-09-23 13:25:25,Jennifer Hunt,"['Shorts', 'Cotton Swabs', 'Flip Flops', 'Swim Cap']",4,Credit Card,Sharonstad,Young Adult (20-29),Fall,Discount on Selected Items,Yes,Midday,34.67
2023-09-23 14:26:39,Maria Gross,"['Salt', 'Umbrella', 'Boots', 'Canned Soup', 'Sunscreen']",5,Cash,North Michaelmouth,Middle-aged (50-64),Winter,Discount on Selected Items,Yes,Midday,44.95
2023-09-23 15:07:16,Jose Bass,"['Deodorant', 'Tank Top', 'Shaving Cream']",3,Credit Card,South Jennifer,Adult (30-49),Summer,Discount on Selected Items,Yes,Midday,23.88
2023-09-23 15:58:16,Stephanie Smith,"['Tomato Sauce', 'Frozen Pizza', 'Hangers', 'Bathrobe', 'T-Shirt', 'Instant Noodles', 'Post-it Notes', 'Insect Repellent']",8,Credit Card,South Danielchester,Adult (30-49),Winter,Discount on Selected Items,Yes,Midday,77.1
2023-09-23 18:40:01,Catherine Anderson,"['Cucumber', 'Lighter', 'Band-Aids']",3,Cash,South Ashleyshire,Adult (30-49),Summer,BOGO (Buy One Get One),Yes,Afternoon,23.88
2023-09-23 18:56:06,Melissa Harris,"['Glass Cleaner', 'Jump Rope', 'Tape', 'Umbrella', 'Pens', 'Notebooks']",6,Credit Card,Lake Ronaldfort,Adult (30-49),Summer,Discount on Selected Items,Yes,Afternoon,56.07
2023-09-23 19:03:12,Deborah Vargas,"['Jam', 'Folders', 'Honey', 'Pasta Sauce', 'Baking Soda', 'Canned Tuna', 'Nail Polish', 'Pens', 'Toothpaste', 'Frozen Cookies']",10,Credit Card,Lake April,Young Adult (20-29),Summer,BOGO (Buy One Get One),Yes,Evening,102.2
2023-09-23 22:43:01,Dominic Bryant,"['Protein Powder', 'Cream Cheese', 'Toothpaste', 'Batteries', 'Beach Towel']",5,Cash,Melaniemouth,Young Adult (20-29),Winter,BOGO (Buy One Get One),Yes,Late Night,44.95
2023-09-24 06:04:17,Kylie Davies MD,"['Detergent', 'Flats']",2,Cash,Martinbury,Adult (30-49),Spring,BOGO (Buy One Get One),No,Morning,14.55
2023-09-24 07:11:32,Tyler Daniels,"['Hair Ties', 'Napkins', 'Frozen Waffles', 'Nail Polish Remover', 'Dumbbells']",5,Cash,Joemouth,Middle-aged (50-64),Winter,Discount on Selected Items,No,Morning,44.95
2023-09-24 07:51:40,Angela Nguyen,"['Cough Drops', 'Pepper', 'Construction Paper', 'Swim Cap', 'Tomato Sauce', 'Vinegar', 'Barbecue Sauce', 'Yogurt', 'Cereal', 'Paper Cups', 'Pain Relievers', 'Water']",12,Credit Card,West Luke,Young Adult (20-29),Summer,Discount on Selected Items,Yes,Morning,124.9
2023-09-24 09:14:49,Thomas Ford,"['Cheese', 'Treadmill', 'Scrubbers', 'Sneakers']",4,Cash,Jamesside,Middle-aged (50-64),Winter,BOGO (Buy One Get One),Yes,Morning,34.67
2023-09-24 10:46:58,Kurt Ramos,"['Bikini', 'Umbrella', 'Popcorn']",3,Cash,Markside,Adult (30-49),Fall,Discount on Selected Items,Yes,Midday,23.88
2023-09-24 11:20:20,Renee Lyons,['Dress'],1,Debit Card,Brianmouth,Senior (65+),Winter,Discount on Selected Items,Yes,Midday,5.14
2023-09-24 16:22:10,Stephen Williams,['Post-it Notes'],1,Credit Card,Reginaldfort,Adult (30-49),Summer,Discount on Selected Items,Yes,Afternoon,5.14
2023-09-24 18:11:01,Alexandra Wade,['Beer'],1,Debit Card,North Melissa,Adult (30-49),Fall,Discount on Selected Items,Yes,Afternoon,5.14
2023-09-24 18:31:54,Karen Hendricks,"['Notebooks', 'Bra', 'Jacket', 'Sponges', 'Crayons', 'Salt']",6,Debit Card,West Maria,Adult (30-49),Summer,Discount on Selected Items,Yes,Afternoon,56.07
2023-09-24 20:02:43,Mark Owens,"['Pasta', 'Rowing Machine', 'Paper Towels']",3,Mobile Payment,North Cassandraburgh,Adult (30-49),Winter,Discount on Selected Items,No,Evening,23.88
2023-09-25 07:55:16,Craig Tucker,"['Beef', 'Deodorant', 'One-Piece Swimsuit', 'Energy Drinks', 'Hair Ties', 'Picture Frames', 'Band-Aids', 'Sweater', 'Olives', 'Hot Sauce', 'Butter']",11,Credit Card,Raymondstad,Adult (30-49),Spring,Unknown Promotion,Yes,Morning,113.03
2023-09-25 08:13:51,Kristy Morrow,"['Shoes', 'Beer', 'Pickles', 'Shower Cap', 'Calculator']",5,Credit Card,West Vanessa,Adult (30-49),Fall,Unknown Promotion,Yes,Morning,44.95
2023-09-25 10:06:16,Mr. Larry White,['Bath Bombs'],1,Debit Card,Port Brendaville,Adult (30-49),Spring,Discount on Selected Items,No,Midday,5.14
2023-09-25 10:12:19,Nancy Stewart,"['Frozen Chicken Nuggets', 'Paprika', 'Lollipops', 'Sweatshirt']",4,Cash,North Angelaborough,Young Adult (20-29),Spring,Unknown Promotion,No,Midday,34.67
2023-09-25 11:23:48,Amber Jones,"['Photo Albums', 'Bubble Bath', 'Pull-up Bar', 'Nail Clippers', 'Spaghetti']",5,Credit Card,Lake Bill,Adult (30-49),Spring,BOGO (Buy One Get One),Yes,Midday,44.95
2023-09-25 12:25:49,David Payne,"['Sunscreen', 'Shower Cap', 'Ice Cream Tubs', 'Cinnamon']",4,Cash,Port Michaelborough,Teenager (13-19),Summer,Unknown Promotion,No,Midday,34.67
2023-09-25 14:15:32,Susan Miller,"['Paper Towels', 'Pain Relievers', 'Frozen Pizza', 'Gloves', 'Juice', 'Tea']",6,Credit Card,Danielfurt,Teenager (13-19),Spring,Unknown Promotion,No,Midday,57.61
2023-09-25 15:00:37,Dale Richardson,"['Ice Cream', 'Multi-Surface Cleaner']",2,Credit Card,Port Emilystad,Young Adult (20-29),Winter,Discount on Selected Items,Yes,Midday,14.55
2023-09-25 16:33:08,Debra Stevens,"['Handbag', 'Briefcase', 'Cumin', 'Backpack', 'Plastic Utensils', 'Frozen Cookies', 'Jam', 'Laundry Basket']",8,Cash,Lake Mary,Middle-aged (50-64),Summer,Discount on Selected Items,No,Afternoon,77.1
2023-09-25 19:30:41,Justin Rush,"['Tank Top', 'Allergy Medicine', 'Heels']",3,Mobile Payment,Watersmouth,Young Adult (20-29),Winter,Unknown Promotion,No,Evening,23.88
2023-09-25 20:42:22,Rachael Rodriguez,"['Shampoo', 'Frozen Pie', 'Shampoo', 'Headbands']",4,Credit Card,East Tina,Teenager (13-19),Summer,Discount on Selected Items,Yes,Evening,34.67
2023-09-25 22:01:03,Gerald Rodriguez,"['Allergy Medicine', 'Butter']",2,Debit Card,West Scott,Young Adult (20-29),Summer,BOGO (Buy One Get One),Yes,Late Night,14.55
2023-09-26 08:28:34,Cameron Solis,"['Lemonade', 'Envelopes', 'Energy Drinks', 'Olive Oil', 'Floss', 'Chips', 'Sweatshirt']",7,Cash,South Stephanieport,Young Adult (20-29),Spring,BOGO (Buy One Get One),No,Morning,65.86
2023-09-26 08:50:20,Patrick Taylor,"['Light Bulbs', 'Coffee', 'Sponges']",3,Credit Card,North Johnfurt,Young Adult (20-29),Fall,Discount on Selected Items,No,Morning,23.88
2023-09-26 09:05:36,Martha Rodriguez,"['Pasta', 'Swim Trunks', 'Cucumber', 'Sports Bra', 'Gelato', 'Plastic Utensils', 'Jeans']",7,Mobile Payment,Port Josestad,Middle-aged (50-64),Fall,Unknown Promotion,Yes,Morning,65.86
2023-09-26 10:48:01,Shirley Williams,"['Rug', 'Wallet', 'Cough Drops', 'Tank Top', 'Body Wash', 'Shower Curtain']",6,Mobile Payment,Port Paul,Adult (30-49),Spring,Unknown Promotion,No,Midday,57.61
2023-09-26 11:08:02,Matthew Rios,"['Stamps', 'Crackers', 'Bleach', 'Ice Cream Bars']",4,Debit Card,Lake Tylerfurt,Senior (65+),Spring,Discount on Selected Items,No,Midday,34.67
2023-09-26 12:29:09,Patricia Nicholson,"['Lighter', 'Treadmill', 'Lollipops', 'Post-it Notes']",4,Credit Card,West Rachel,Senior (65+),Summer,Discount on Selected Items,Yes,Midday,34.67
2023-09-26 15:01:47,Ellen Anderson,"['Frozen Breakfast Sandwiches', 'Glue', 'Boots', 'Brown Sugar', 'Kettlebells', 'Capri Pants']",6,Debit Card,Edwardsport,Middle-aged (50-64),Fall,BOGO (Buy One Get One),No,Midday,57.61
2023-09-26 18:59:46,Michael Brown,"['Shower Curtain', 'Juice', 'Chips', 'Polo Shirt', 'Canned Fruit', 'Shower Shoes', 'Syrup', 'Ear Muffs']",8,Mobile Payment,Lynnview,Senior (65+),Fall,Discount on Selected Items,No,Afternoon,77.1
2023-09-26 19:05:12,George Butler,"['Shower Curtain', 'Insect Repellent', 'Granola Bars', 'Peanut Butter']",4,Mobile Payment,Lake Laura,Adult (30-49),Summer,Discount on Selected Items,No,Evening,34.67
2023-09-26 19:17:46,Juan Murray,"['Conditioner', 'Bra', 'Gym Bag', 'Pain Relievers', 'Cookies', 'Duffel Bag', 'Jeans']",7,Cash,Johnport,Young Adult (20-29),Spring,Unknown Promotion,No,Evening,65.86
2023-09-26 21:14:16,Christopher Garrison,"['First Aid Kit', 'Pencils', 'Super Glue']",3,Credit Card,Leroyside,Adult (30-49),Summer,Discount on Selected Items,No,Evening,23.88
2023-09-27 10:15:12,Kathleen Thomas,"['Towels', 'Socks', 'Lip Balm', 'Canned Vegetables', 'Ear Muffs', 'Tote Bag', 'Pasta Sauce', 'Boots', 'Foam Roller']",9,Cash,West Deanna,Young Adult (20-29),Winter,Unknown Promotion,Yes,Midday,90.0
2023-09-27 11:19:55,Nathan Davis,"['Construction Paper', 'Candles']",2,Debit Card,Port Clarencechester,Adult (30-49),Winter,Unknown Promotion,Yes,Midday,14.55
2023-09-27 12:09:57,Nathaniel Chang,"['Flashlight', 'Oats', 'Tea', 'Barbecue Sauce', 'Protein Powder']",5,Credit Card,Millerfurt,Adult (30-49),Summer,Discount on Selected Items,No,Midday,44.95
2023-09-27 13:31:26,Mrs. Laura Burns,['Light Bulbs'],1,Mobile Payment,Andrewmouth,Senior (65+),Winter,Unknown Promotion,Yes,Midday,5.14
2023-09-27 15:03:44,Timothy Hebert,"['Brown Sugar', 'Blouse', 'Batteries']",3,Debit Card,Tinahaven,Adult (30-49),Fall,Unknown Promotion,No,Midday,23.88
2023-09-27 15:31:06,Lisa Clark,"['Gym Bag', 'Frozen Bagels', 'Water']",3,Cash,East Brandonborough,Young Adult (20-29),Winter,BOGO (Buy One Get One),No,Midday,23.88
2023-09-27 15:31:49,Daniel Henderson,"['Soda', 'Frozen Breakfast Sandwiches', 'Super Glue', 'Jam']",4,Credit Card,West Eric,Young Adult (20-29),Summer,Unknown Promotion,No,Midday,34.67
2023-09-27 16:37:17,Jacqueline Brown,"['Shower Curtain', 'Frozen Dinners', 'Ramen', 'Frozen Pancakes']",4,Credit Card,East Reginashire,Senior (65+),Summer,BOGO (Buy One Get One),No,Afternoon,34.67
2023-09-27 17:09:20,Jennifer French,"['Luggage', 'Workout Clothes', 'Gum', 'Boots', 'Bananas', 'Cookies']",6,Credit Card,North Katherineville,Young Adult (20-29),Fall,BOGO (Buy One Get One),Yes,Afternoon,56.07
2023-09-27 17:21:19,Tim Thompson,"['Sweater', 'Washcloths', 'Resistance Bands']",3,Mobile Payment,Wilsonview,Adult (30-49),Fall,Discount on Selected Items,No,Afternoon,23.88
2023-09-27 18:46:14,Traci Patton,"['Frozen Burritos', 'Facial Tissue', 'Water', 'Pasta', 'Shower Shoes', 'Tea', 'Peanuts']",7,Debit Card,North Vanessa,Young Adult (20-29),Winter,BOGO (Buy One Get One),Yes,Afternoon,65.86
2023-09-27 23:51:47,Leslie Davenport,"['Thermometer', 'Capri Pants']",2,Debit Card,Matthewfort,Middle-aged (50-64),Winter,Discount on Selected Items,Yes,Late Night,14.55
2023-09-27 23:53:08,Rebecca Freeman,"['Workout Clothes', 'Glue', 'Oranges']",3,Debit Card,Lake Natasha,Adult (30-49),Spring,Discount on Selected Items,Yes,Late Night,23.88
2023-09-27 23:54:31,Wayne Whitaker,"['Frozen Waffles', 'Folders', 'Tomatoes', 'Baking Powder', 'Resistance Bands']",5,Credit Card,Joshuaton,Adult (30-49),Spring,Unknown Promotion,No,Late Night,44.95
2023-09-28 09:11:54,Sara Sellers,"['T-Shirt', 'Underwear', 'Yogurt', 'Envelopes']",4,Mobile Payment,West Kimberlyport,Middle-aged (50-64),Spring,BOGO (Buy One Get One),No,Morning,34.67
2023-09-28 10:24:45,Richard Stone,"['Cheese', 'Baking Powder', 'Frozen Bread', 'Toilet Paper']",4,Mobile Payment,South Natalie,Middle-aged (50-64),Fall,BOGO (Buy One Get One),No,Midday,34.67
2023-09-28 11:13:40,Alan House,"['Gelato', 'Vinegar']",2,Mobile Payment,Bobside,Adult (30-49),Fall,Unknown Promotion,No,Midday,14.55
2023-09-28 14:03:45,Katherine Johnson,"['Popcorn', 'Hand Sanitizer', 'Yoga Mat', 'Plastic Wrap', 'Wallet', 'Laptop Bag', 'Sponges', 'Shorts']",8,Cash,West Sherry,Adult (30-49),Winter,Discount on Selected Items,No,Midday,77.1
2023-09-28 14:17:36,Nicholas Martinez,"['Frozen Sausages', 'Shorts', 'Barbecue Sauce', 'Shower Cap', 'Swim Cap']",5,Mobile Payment,New Angela,Adult (30-49),Fall,Unknown Promotion,Yes,Midday,44.95
2023-09-28 17:09:13,Jennifer Walker,"['Frozen Dinners', 'Band-Aids', 'Sports Drinks', 'Canola Oil', 'Picture Frames', 'Insect Repellent', 'Canned Vegetables', 'Exercise Ball', 'Razors', 'Bleach']",10,Credit Card,New Annestad,Adult (30-49),Summer,Discount on Selected Items,No,Afternoon,102.2
2023-09-28 19:52:52,Breanna Sampson,"['Barbecue Sauce', 'Duct Tape']",2,Mobile Payment,East Jessica,Middle-aged (50-64),Spring,Discount on Selected Items,No,Evening,14.55
2023-09-28 20:12:24,Gregory Smith,['Scissors'],1,Debit Card,Gonzalezstad,Middle-aged (50-64),Spring,Unknown Promotion,Yes,Evening,5.14
2023-09-28 21:04:17,Stephanie Craig,"['Toilet Bowl Cleaner', 'Thermometer', 'Paper Cups']",3,Debit Card,Blackstad,Adult (30-49),Winter,Discount on Selected Items,Yes,Evening,23.88
2023-09-29 04:18:32,Richard Hunt,"['Ice Cream Bars', 'Candles', 'Sorbets', 'Granola Bars', 'First Aid Kit']",5,Credit Card,West Christopher,Senior (65+),Winter,Discount on Selected Items,Yes,Morning,44.95
2023-09-29 07:01:05,Emily Jackson,"['Jump Rope', 'Sandals', 'Brown Sugar', 'Matches', 'Cookies', 'Calculator', 'Moving Boxes', 'Cinnamon', 'Baking Soda']",9,Mobile Payment,Ingramport,Adult (30-49),Winter,Unknown Promotion,No,Morning,90.0
2023-09-29 08:12:27,Michele Torres,"['Frozen Breakfast Sandwiches', 'Belt', 'Gelato', 'Post-it Notes']",4,Debit Card,North Bobfort,Young Adult (20-29),Winter,Discount on Selected Items,No,Morning,34.67
2023-09-29 09:15:47,Justin Norman,"['Leggings', 'Baking Powder', 'Honey', 'Conditioner', 'Dryer Sheets']",5,Debit Card,West Theresaton,Adult (30-49),Winter,Unknown Promotion,Yes,Morning,44.95
2023-09-29 11:33:28,John Taylor,"['Bubble Wrap', 'Insect Repellent']",2,Credit Card,Ricebury,Young Adult (20-29),Summer,Unknown Promotion,Yes,Midday,14.55
2023-09-29 14:06:32,Jessica Davis,"['Ice Cream Cones', 'Cream Cheese', 'Ice Cream Bars', 'Bathrobe', 'Goggles', 'Mayonnaise', 'Paper Plates', 'Bubble Wrap', 'Sunglasses', 'Scarf', 'Bleach']",11,Debit Card,North Troyland,Middle-aged (50-64),Winter,Unknown Promotion,Yes,Midday,113.03
2023-09-29 14:26:21,Daniel Wilcox,"['Crayons', 'Dumbbells', 'Paper Plates', 'Iced Tea', 'One-Piece Swimsuit', 'Bleach', 'Workout Clothes', 'Resistance Bands', 'Deodorant']",9,Debit Card,Kathrynstad,Adult (30-49),Fall,BOGO (Buy One Get One),Yes,Midday,90.0
2023-09-29 15:01:44,Caitlin Curry,"['Canned Fruit', 'Toothpaste', 'Almonds']",3,Debit Card,South Mistymouth,Adult (30-49),Spring,Unknown Promotion,Yes,Midday,23.88
2023-09-29 15:16:24,Thomas Ward,"['Cinnamon', 'Syrup', 'Protein Bars', 'Shower Shoes', 'Paper Towels']",5,Debit Card,Alyssaton,Middle-aged (50-64),Spring,Unknown Promotion,No,Midday,44.95
2023-09-29 19:08:32,Brenda Jones,"['Bug Spray', 'Bath Mat', 'Multi-Surface Cleaner', 'Sunglasses', 'Laptop Bag', 'Canned Vegetables', 'Mayonnaise']",7,Debit Card,Sandramouth,Adult (30-49),Fall,BOGO (Buy One Get One),Yes,Evening,65.86
2023-09-29 20:29:23,Shannon Ferguson,"['Butter', 'Frozen Garlic Bread', 'Vinegar', 'Bra', 'Aluminum Foil', 'Extension Cord', 'Napkins', 'Yoga Pants', 'Photo Albums', 'Cheese']",10,Cash,North Thomasview,Adult (30-49),Summer,Unknown Promotion,No,Evening,102.2
2023-09-29 21:46:00,Joann Hunter,"['Bubble Bath', 'Messenger Bag', 'One-Piece Swimsuit', 'Swim Trunks', 'Thermometer']",5,Cash,East Jasontown,Young Adult (20-29),Winter,BOGO (Buy One Get One),Yes,Evening,44.95
2023-09-30 08:33:05,Dr. Shannon Smith,"['Mints', 'Frozen Bagels', 'Resistance Bands', 'Pull-up Bar', 'Hoodie', 'Polo Shirt', 'Sweatshirt', 'Sneakers']",8,Credit Card,South James,Teenager (13-19),Summer,BOGO (Buy One Get One),No,Morning,77.1
2023-09-30 09:31:15,Maureen Jacobs,"['Bathrobe', 'Sorbets', 'Honey', 'Luggage']",4,Debit Card,Andrewmouth,Young Adult (20-29),Spring,Unknown Promotion,Yes,Morning,34.67
2023-09-30 10:34:56,Dr. Timothy Peters,['Lollipops'],1,Mobile Payment,Hardyton,Adult (30-49),Spring,Discount on Selected Items,Yes,Midday,5.14
2023-09-30 11:29:32,Stacey Bennett,"['Gym Towel', 'Toothbrush', 'Ice Cream']",3,Cash,Chungborough,Adult (30-49),Fall,Unknown Promotion,No,Midday,23.88
2023-09-30 13:10:57,Matthew Norris,"['Super Glue', 'Olive Oil', 'Syrup', 'Cough Syrup']",4,Mobile Payment,West Barbaraville,Middle-aged (50-64),Winter,BOGO (Buy One Get One),Yes,Midday,34.67
2023-09-30 13:58:10,Jacqueline Douglas,"['Paper Towels', 'Yogurt', 'Oranges', 'Hat', 'Rug', 'Air Freshener']",6,Cash,Taraton,Adult (30-49),Fall,Unknown Promotion,No,Midday,57.61
2023-09-30 16:13:29,Jacqueline Brooks,"['Cereal', 'Garlic Powder', 'Sunscreen', 'Lighter']",4,Debit Card,West Anthonyshire,Senior (65+),Summer,Unknown Promotion,Yes,Afternoon,34.67
2023-09-30 17:56:20,Andrea Brown,"['Canned Fruit', 'Cookies', 'Ice Cream Tubs', 'Glue', 'Deodorant']",5,Credit Card,Norrisport,Adult (30-49),Summer,Unknown Promotion,No,Afternoon,44.95
2023-09-30 20:59:00,Lisa Cunningham,"['Frozen Pizza', 'Jam', 'Luggage', 'Instant Noodles', 'Belt', 'Goggles', 'Cream Cheese', 'First Aid Kit', 'Tank Top']",9,Mobile Payment,East Jenniferberg,Young Adult (20-29),Spring,Discount on Selected Items,Yes,Evening,90.0
2023-09-30 21:27:09,Michael Martinez,"['Slippers', 'Raisins', 'Light Bulbs', 'Bobby Pins']",4,Credit Card,Hartmanhaven,Young Adult (20-29),Winter,BOGO (Buy One Get One),Yes,Evening,34.67
2023-10-01 05:42:55,Lisa Stuart,"['Pasta', 'Boots', 'Fabric Softener']",3,Cash,South Daniellechester,Adult (30-49),Fall,Unknown Promotion,Yes,Morning,23.88
2023-10-01 08:00:31,Nicholas Williams,"['Chili Powder', 'Frozen Dinners', 'Laundry Detergent', 'Facial Tissue', 'Wine', 'Raincoat', 'Rice', 'Purse', 'Dish Soap']",9,Credit Card,Pennyview,Teenager (13-19),Winter,Unknown Promotion,No,Morning,90.0
2023-10-01 08:10:15,Tina Hinton,"['Cough Syrup', 'Oranges']",2,Credit Card,Parkerbury,Young Adult (20-29),Spring,Unknown Promotion,No,Morning,14.55
2023-10-01 08:10:20,Sarah Maldonado,"['Charcoal', 'Towels', 'Garlic Powder']",3,Credit Card,Freemanbury,Middle-aged (50-64),Spring,BOGO (Buy One Get One),Yes,Morning,23.88
2023-10-01 08:19:11,Jacob Davis,"['Charcoal', 'Detergent', 'Duffel Bag', 'Cookies', 'Mayonnaise', 'Bubble Bath']",6,Cash,New Jeffreyton,Middle-aged (50-64),Spring,BOGO (Buy One Get One),No,Morning,57.61
2023-10-01 08:56:15,Suzanne Burns,"['Cold Medicine', 'Jeans', 'Granola Bars', 'Tweezers']",4,Cash,Hicksmouth,Adult (30-49),Summer,Discount on Selected Items,No,Morning,34.67
2023-10-01 09:59:53,Mary Gomez,"['Raincoat', 'Dryer Sheets', 'Almonds', 'Spaghetti']",4,Debit Card,Johnsonchester,Teenager (13-19),Spring,BOGO (Buy One Get One),Yes,Morning,34.67
2023-10-01 10:13:45,Monica Hernandez,"['Scarf', 'Wallet', 'Beer', 'Honey']",4,Credit Card,North Paulbury,Adult (30-49),Winter,BOGO (Buy One Get One),No,Midday,34.67
2023-10-01 10:45:04,Leon Osborne,"['Frozen Bagels', 'Hangers', 'Orange Juice']",3,Mobile Payment,Taylormouth,Senior (65+),Spring,Discount on Selected Items,Yes,Midday,23.88
2023-10-01 10:47:17,Sheila Chung,"['Barbecue Sauce', 'Foam Roller', 'Thermometer', 'Cucumber', 'Hair Ties', 'Backpack', 'Shaving Cream', 'Plastic Utensils']",8,Credit Card,Port Ashley,Teenager (13-19),Summer,BOGO (Buy One Get One),No,Midday,77.1
2023-10-01 12:06:41,Kyle Morris,"['Toilet Bowl Cleaner', 'Light Bulbs', 'Raincoat', 'Orange Juice', 'Elliptical', 'Water Bottle']",6,Credit Card,Port Jerrychester,Young Adult (20-29),Winter,Unknown Promotion,Yes,Midday,56.07
2023-10-01 14:07:13,Christopher Gutierrez,"['Elliptical', 'Pajamas', 'Chips', 'Rowing Machine']",4,Mobile Payment,West Luke,Middle-aged (50-64),Spring,BOGO (Buy One Get One),No,Midday,34.67
2023-10-01 15:02:55,Laura Allen,['Bath Salts'],1,Cash,West Jenna,Adult (30-49),Fall,Unknown Promotion,No,Midday,5.14
2023-10-01 16:44:18,Vanessa Hess,['Coffee'],1,Mobile Payment,Fergusonville,Middle-aged (50-64),Spring,Discount on Selected Items,Yes,Afternoon,5.14
2023-10-01 20:14:37,Diane Foley,"['Trash Bags', 'Nail Clippers', 'Batteries', 'Lotion']",4,Cash,Port Roberthaven,Adult (30-49),Fall,Discount on Selected Items,No,Evening,34.67
2023-10-01 21:30:27,Brenda Watson,"['Sugar', 'Scarf', 'Glue', 'Photo Albums', 'Yogurt']",5,Cash,South Kathy,Adult (30-49),Fall,Unknown Promotion,No,Evening,44.95
2023-10-02 02:02:51,Tiffany Davis,"['Bleach', 'Bathrobe', 'Multi-Surface Cleaner']",3,Mobile Payment,Margaretborough,Adult (30-49),Summer,BOGO (Buy One Get One),No,Early Morning,23.88
2023-10-02 08:26:05,Jacqueline Ingram,"['Chips', 'Pasta']",2,Credit Card,Gomezchester,Adult (30-49),Winter,Unknown Promotion,No,Morning,14.55
2023-10-02 09:15:35,Angela Koch,"['Bleach', 'Scissors', 'Paper Cups', 'Frozen Pancakes', 'Aluminum Foil', 'Yogurt', 'Pasta Sauce', 'Shampoo']",8,Cash,West Kathrynfort,Middle-aged (50-64),Winter,Unknown Promotion,Yes,Morning,77.1
2023-10-02 10:49:48,Daniel Robinson,"['Sneakers', 'Cream Cheese', 'Oats', 'Bubble Wrap']",4,Credit Card,Port Brandy,Young Adult (20-29),Winter,Discount on Selected Items,Yes,Midday,34.67
2023-10-02 13:06:13,Suzanne Burns PhD,"['Frozen Garlic Bread', 'Washcloths', 'Frozen Fruit', 'Trail Mix']",4,Cash,North Mistymouth,Young Adult (20-29),Spring,Unknown Promotion,No,Midday,34.67
2023-10-02 13:43:11,Matthew Hansen,"['Peanut Butter', 'One-Piece Swimsuit', 'Cold Medicine']",3,Debit Card,Alexanderview,Middle-aged (50-64),Spring,BOGO (Buy One Get One),Yes,Midday,23.88
2023-10-02 13:50:31,Rachel Taylor,"['Band-Aids', 'Yogurt', 'Crackers', 'Goggles']",4,Mobile Payment,Wyattland,Teenager (13-19),Spring,Discount on Selected Items,Yes,Midday,34.67
2023-10-02 14:37:06,Matthew Jones,"['Water Bottle', 'Vegetable Oil', 'Canola Oil', 'Frozen Waffles', 'Instant Noodles']",5,Credit Card,New Kevin,Adult (30-49),Spring,Discount on Selected Items,Yes,Midday,44.95
2023-10-02 15:40:00,Robert Stanley,"['Bath Bombs', 'Baking Powder', 'Cashews', 'Pain Relievers', 'Luggage', 'Frozen Bread', 'Gelato', 'Crayons']",8,Mobile Payment,Susanport,Adult (30-49),Winter,BOGO (Buy One Get One),Yes,Midday,77.1
2023-10-02 17:01:26,Charles Mendoza,['Shaving Cream'],1,Cash,East Christopherburgh,Adult (30-49),Winter,Unknown Promotion,No,Afternoon,5.14
2023-10-02 17:03:35,Jim Brown,"['Barbecue Sauce', 'Lighter Fluid', 'Frozen Pizza Rolls', 'Dryer Sheets']",4,Credit Card,West Matthewmouth,Middle-aged (50-64),Spring,BOGO (Buy One Get One),No,Afternoon,34.67
2023-10-02 18:55:14,Michael Mcmillan,"['Frozen Chicken Nuggets', 'Socks', 'Lollipops', 'Batteries']",4,Mobile Payment,New Lee,Young Adult (20-29),Winter,BOGO (Buy One Get One),No,Afternoon,34.67
2023-10-02 19:11:44,Kristy Pena,"['Frozen Bagels', 'Raisins', 'Tea']",3,Credit Card,Adamsview,Adult (30-49),Winter,BOGO (Buy One Get One),No,Evening,23.88
2023-10-02 19:43:48,Marcus Lawson,"['Oranges', 'Brownies', 'Shorts', 'Bobby Pins', 'Umbrella', 'Vinegar', 'Jump Rope', 'Floss', 'Lotion']",9,Debit Card,North Gary,Adult (30-49),Winter,Discount on Selected Items,No,Evening,90.0
2023-10-02 22:32:10,Connie Williams DDS,"['Shorts', 'Extension Cord', 'Storage Bins', 'Snack Cakes', 'Boots', 'Backpack', 'Bath Salts', 'Gelato', 'Bleach', 'Charcoal', 'Scissors']",11,Debit Card,Lake Anthonychester,Middle-aged (50-64),Summer,BOGO (Buy One Get One),Yes,Late Night,113.03
2023-10-03 10:56:50,Tyrone Knapp,"['Canola Oil', 'Sorbets', 'Frozen Dinners', 'Dumbbells']",4,Debit Card,West Mariaton,Young Adult (20-29),Winter,BOGO (Buy One Get One),Yes,Midday,34.67
2023-10-03 12:31:41,Michele Terrell,"['Scrubbers', 'Allergy Medicine', 'Olives', 'Frozen Vegetables', 'Deodorant', 'Hot Sauce']",6,Credit Card,South Antonioville,Adult (30-49),Summer,Discount on Selected Items,No,Midday,57.61
2023-10-03 13:46:05,Jesse Clark,"['Yoga Pants', 'Flats', 'Frozen Pancakes', 'Gym Bag', 'Shoes', 'Wallet', 'Winter Hat', 'Backpack']",8,Cash,Porterfort,Middle-aged (50-64),Summer,Unknown Promotion,No,Midday,77.1
2023-10-03 13:49:01,Monica Sanchez,"['Resistance Bands', 'Iced Tea']",2,Credit Card,West Nicholeport,Senior (65+),Fall,Discount on Selected Items,Yes,Midday,14.55
2023-10-03 13:57:10,Susan Dominguez,"['Chips', 'Plastic Wrap', 'Cookies', 'Treadmill']",4,Credit Card,Edwardbury,Adult (30-49),Fall,BOGO (Buy One Get One),Yes,Midday,34.67
2023-10-03 15:16:05,Charles Cruz,"['Mayonnaise', 'Super Glue', 'Apples', 'Kettlebells', 'Aluminum Foil', 'Exercise Bike', 'Gym Bag']",7,Mobile Payment,Ginafort,Teenager (13-19),Fall,BOGO (Buy One Get One),Yes,Midday,65.86
2023-10-03 15:57:24,Kristen Johnson,"['Cereal', 'Mustard']",2,Cash,Mirandaton,Middle-aged (50-64),Summer,Discount on Selected Items,Yes,Midday,14.55
2023-10-03 16:39:57,Gary Cantu,"['Construction Paper', 'Plastic Utensils', 'Instant Noodles']",3,Mobile Payment,Lake Brian,Young Adult (20-29),Fall,Discount on Selected Items,No,Afternoon,23.88
2023-10-03 18:54:50,Brian Hughes,['Bubble Bath'],1,Cash,Snydermouth,Middle-aged (50-64),Spring,BOGO (Buy One Get One),No,Afternoon,5.14
2023-10-03 19:28:54,Mason Scott,"['Floss', 'Hot Sauce', 'Gelato', 'Soda', 'Plastic Cups', 'Syrup', 'Bread']",7,Mobile Payment,West Rodneybury,Senior (65+),Winter,BOGO (Buy One Get One),Yes,Evening,65.86
2023-10-03 21:51:06,Charles Floyd,"['Super Glue', 'Capri Pants', 'Instant Noodles', 'Frozen Fish Sticks', 'Markers', 'Popsicles', 'Canned Tuna', 'Towels']",8,Credit Card,West Dianaborough,Middle-aged (50-64),Spring,Unknown Promotion,No,Evening,77.1
2023-10-03 23:36:51,Melissa Wilson,"['Beach Towel', 'Shower Cap', 'Photo Albums', 'Flashlight', 'Beef', 'Tote Bag']",6,Cash,Amyside,Adult (30-49),Fall,Discount on Selected Items,No,Late Night,57.61
2023-10-04 10:50:25,Jon Schwartz,"['Cucumber', 'Laundry Basket', 'Hand Sanitizer', 'Sugar', 'Super Glue', 'Comb', 'Blouse']",7,Debit Card,Brittanytown,Adult (30-49),Summer,Unknown Promotion,Yes,Midday,65.86
2023-10-04 11:11:00,Eric Lucas,"['Bleach', 'Blouse', 'Frozen Cake', 'Exercise Bike']",4,Mobile Payment,Wellsport,Adult (30-49),Winter,BOGO (Buy One Get One),Yes,Midday,34.67
2023-10-04 12:34:05,Jacob Kelly,"['Sweatshirt', 'Sorbets', 'Bathrobe']",3,Debit Card,Johntown,Teenager (13-19),Fall,Unknown Promotion,Yes,Midday,23.88
2023-10-04 13:39:12,Michael Jacobs,"['One-Piece Swimsuit', 'Mouthwash', 'Sunscreen', 'Shower Curtain', 'Band-Aids', 'Headbands', 'Slippers']",7,Mobile Payment,Lake Michael,Adult (30-49),Fall,BOGO (Buy One Get One),Yes,Midday,65.86
2023-10-04 16:27:27,Patrick Obrien MD,"['Plastic Cups', 'Shelving', 'Toilet Bowl Cleaner', 'Yoga Pants', 'Milk', 'Swim Trunks']",6,Credit Card,South Clinton,Adult (30-49),Fall,BOGO (Buy One Get One),Yes,Afternoon,56.07
2023-10-04 17:57:14,Daniel Johns,"['Lollipops', 'Barbecue Sauce', 'Colored Pencils', 'Brownies', 'Swim Cap', 'Batteries', 'Dried Cranberries']",7,Credit Card,Port Cindyshire,Teenager (13-19),Fall,Unknown Promotion,Yes,Afternoon,65.86
2023-10-04 18:23:50,Jennifer Saunders,"['Bath Bombs', 'Lemonade', 'Frozen Vegetables']",3,Debit Card,Adamstad,Adult (30-49),Summer,Discount on Selected Items,No,Afternoon,23.88
2023-10-04 18:30:25,Karen Reyes,"['Orange Juice', 'Glass Cleaner', 'Disinfectant Wipes', 'Shaving Cream']",4,Debit Card,North Karen,Adult (30-49),Summer,Discount on Selected Items,No,Afternoon,34.67
2023-10-04 18:31:44,Brandon Johns,"['Tweezers', 'Nail Polish', 'Bath Mat']",3,Mobile Payment,Brendabury,Adult (30-49),Spring,Discount on Selected Items,Yes,Afternoon,23.88
2023-10-04 19:18:37,William King,"['Blouse', 'Super Glue']",2,Cash,Amymouth,Adult (30-49),Fall,Discount on Selected Items,No,Evening,14.55
2023-10-04 20:45:33,Richard Craig,"['Oats', 'Detergent']",2,Debit Card,South Ellen,Young Adult (20-29),Summer,Unknown Promotion,No,Evening,14.55
2023-10-04 23:45:09,Douglas Hale,"['Stain Remover', 'Ice Cream Sandwiches', 'Yogurt']",3,Credit Card,Raymondchester,Middle-aged (50-64),Fall,Discount on Selected Items,Yes,Late Night,23.88
2023-10-05 10:17:53,Adam Delgado,"['Laptop Bag', 'Kettlebells', 'Eggs', 'Honey']",4,Mobile Payment,Washingtonport,Middle-aged (50-64),Spring,Discount on Selected Items,No,Midday,34.67
2023-10-05 10:27:06,Steven Austin,"['Sponges', 'Soy Sauce', 'Toothpaste', 'Frozen Burritos', 'Nail Polish Remover', 'Chocolate', 'Calculator', 'Olives']",8,Mobile Payment,Jeffreyland,Young Adult (20-29),Fall,Discount on Selected Items,No,Midday,77.1
2023-10-05 10:41:22,Alexis Evans,"['Super Glue', 'Index Cards']",2,Debit Card,West Robertmouth,Young Adult (20-29),Summer,BOGO (Buy One Get One),Yes,Midday,14.55
2023-10-05 11:13:04,Jared Navarro,"['Thermometer', 'Brown Sugar', 'Colored Pencils', 'Snack Cakes', 'Bagels']",5,Debit Card,Romerofurt,Middle-aged (50-64),Winter,Discount on Selected Items,Yes,Midday,44.95
2023-10-05 13:22:07,Michelle Lynch,"['Hat', 'Facial Tissue', 'Shampoo', 'Gum', 'Paper Towels']",5,Cash,New Edward,Middle-aged (50-64),Fall,Discount on Selected Items,Yes,Midday,44.95
2023-10-05 15:19:27,Darrell Howell,"['Toothbrush', 'Sunscreen', 'Mustard', 'Beer', 'Shower Shoes']",5,Cash,Chandlerberg,Young Adult (20-29),Winter,Unknown Promotion,No,Midday,44.95
2023-10-05 15:50:43,Brent Johnson Jr.,"['Briefcase', 'Frozen Dinners', 'Folders', 'Iced Tea']",4,Cash,Howardchester,Adult (30-49),Spring,Unknown Promotion,Yes,Midday,34.67
2023-10-05 16:25:06,Jason Jennings,"['Milk', 'Floss', 'Flip Flops', 'Workout Clothes', 'Shower Cap', 'Resistance Bands']",6,Cash,Gillfort,Adult (30-49),Fall,Unknown Promotion,No,Afternoon,57.61
2023-10-05 18:55:24,Jennifer Hartman,"['Rice', 'Hair Ties', 'Dryer Sheets', 'Batteries']",4,Credit Card,Matthewland,Teenager (13-19),Winter,Discount on Selected Items,Yes,Afternoon,34.67
2023-10-05 18:59:43,Luis Smith,"['Trail Mix', 'Duct Tape', 'Bath Bombs', 'Elliptical', 'Scissors', 'Plastic Cups', 'Ice Cream Bars', 'Weight Bench', 'Trash Bags']",9,Debit Card,New David,Teenager (13-19),Winter,Unknown Promotion,No,Afternoon,90.0
2023-10-05 20:05:52,Michael Gonzalez,"['Bubble Bath', 'Sports Bra', 'Baking Soda', 'Paprika', 'Sweatshirt']",5,Cash,Heidiland,Adult (30-49),Winter,Unknown Promotion,No,Evening,44.95
2023-10-06 01:53:28,Alyssa Carr,"['Pants', 'Cashews', 'Oranges']",3,Credit Card,West Brandonstad,Adult (30-49),Summer,Unknown Promotion,No,Early Morning,23.88
2023-10-06 03:21:04,Kevin Morris,"['Aluminum Foil', 'Sweatshirt', 'Shampoo', 'Soap']",4,Debit Card,Ricehaven,Young Adult (20-29),Spring,Unknown Promotion,No,Early Morning,34.67
2023-10-06 04:36:53,Jack Brown,"['Boots', 'Ear Muffs', 'Purse', 'Hair Ties']",4,Mobile Payment,Pollardmouth,Middle-aged (50-64),Fall,BOGO (Buy One Get One),No,Morning,34.67
2023-10-06 07:04:56,Andrew Randall,"['Sugar', 'Slippers', 'Trash Bags', 'Flour']",4,Cash,Tonyside,Adult (30-49),Spring,BOGO (Buy One Get One),Yes,Morning,34.67
2023-10-06 09:30:57,Brandon Franklin,['Stamps'],1,Credit Card,New Lisafort,Adult (30-49),Winter,Discount on Selected Items,Yes,Morning,5.14
2023-10-06 10:32:42,Emily Kent,"['Baking Powder', 'Bikini']",2,Debit Card,North Kenneth,Senior (65+),Summer,Unknown Promotion,No,Midday,14.55
2023-10-06 11:24:56,Cody Benson,"['Picture Frames', 'Rowing Machine', 'Ziploc Bags']",3,Credit Card,Port Zacharyhaven,Adult (30-49),Winter,Discount on Selected Items,No,Midday,23.88
2023-10-06 14:45:59,Suzanne Gonzales,"['Eggs', 'Glue', 'Water Bottle', 'Chocolate', 'Polo Shirt']",5,Mobile Payment,East Andrea,Young Adult (20-29),Winter,BOGO (Buy One Get One),No,Midday,44.95
2023-10-06 15:05:31,Erika Jackson,"['Flip Flops', 'Sandals']",2,Cash,East Ricardo,Adult (30-49),Summer,Unknown Promotion,No,Midday,14.55
2023-10-06 16:36:44,Sara Brown,"['Shampoo', 'Coffee', 'Brownies', 'Messenger Bag', 'Pull-up Bar', 'Peanut Butter', 'Markers', 'Cold Medicine']",8,Cash,North Nicoleville,Young Adult (20-29),Winter,Unknown Promotion,No,Afternoon,77.1
2023-10-06 17:21:29,Joseph Patterson,"['Nail Polish Remover', 'Mustard', 'Swim Trunks']",3,Mobile Payment,Lake Samuelport,Adult (30-49),Spring,BOGO (Buy One Get One),Yes,Afternoon,23.88
2023-10-06 18:16:21,Larry Dominguez,"['Bleach', 'Slippers', 'Comb', 'Floss', 'Duct Tape', 'Purse', 'Chili Powder', 'Paper Plates', 'Soap', 'Orange Juice', 'Workout Clothes']",11,Credit Card,Cruzfort,Middle-aged (50-64),Fall,BOGO (Buy One Get One),No,Afternoon,115.89
2023-10-06 19:35:59,Vanessa Miller,"['Ear Muffs', 'Bathrobe', 'Ramen', 'Tea', 'Frozen Pie', 'Sunscreen', 'Cotton Swabs', 'Skirt', 'Sweatshirt']",9,Cash,North Emilyland,Adult (30-49),Winter,BOGO (Buy One Get One),No,Evening,90.0
2023-10-06 22:00:12,Sharon Anderson,['Ice Cream Sandwiches'],1,Debit Card,Lake Elizabethton,Adult (30-49),Spring,Discount on Selected Items,No,Late Night,5.14
2023-10-07 06:20:51,Tracey Garcia,"['Vinegar', 'Cumin', 'Bathrobe']",3,Cash,North Melissafurt,Adult (30-49),Winter,Discount on Selected Items,No,Morning,23.88
2023-10-07 07:29:34,Jordan Ward,"['Ziploc Bags', 'Toilet Bowl Cleaner', 'Binders', 'Jump Rope', 'Multi-Surface Cleaner']",5,Credit Card,West Rachel,Young Adult (20-29),Summer,BOGO (Buy One Get One),Yes,Morning,44.95
2023-10-07 09:17:51,Steven Gibson,"['Towels', 'Protein Shakes', 'Tank Top', 'Ziploc Bags', 'Plastic Cups', 'Flashlight']",6,Credit Card,Barajasland,Adult (30-49),Summer,Discount on Selected Items,No,Morning,57.61
2023-10-07 10:51:30,James Jimenez,"['Resistance Bands', 'Napkins', 'Hairbrush', 'Shampoo', 'Muffins', 'Frozen Waffles', 'Frozen Pizza Rolls', 'Shoes', 'Jeans', 'Sweatshirt']",10,Credit Card,Tiffanyshire,Teenager (13-19),Summer,BOGO (Buy One Get One),No,Midday,102.2
2023-10-07 11:12:42,Valerie Hall,"['Donuts', 'Tote Bag', 'Charcoal', 'Jelly', 'First Aid Kit', 'Apples']",6,Debit Card,Whiteview,Young Adult (20-29),Fall,Unknown Promotion,No,Midday,57.61
2023-10-07 11:57:42,Elizabeth Carter,"['Glass Cleaner', 'Pens', 'Sneakers']",3,Debit Card,Greenbury,Adult (30-49),Summer,Unknown Promotion,Yes,Midday,23.88
2023-10-07 12:20:38,John Torres,"['Detergent', 'Toothpaste', 'Baking Soda', 'Soap', 'Yoga Mat', 'Toilet Paper']",6,Mobile Payment,Port Terryside,Senior (65+),Summer,Unknown Promotion,No,Midday,57.61
2023-10-07 14:52:40,Lori Rivera,"['Mints', 'Syrup', 'Eggs', 'Scarf', 'Chili Powder', 'Olive Oil', 'Sweater']",7,Cash,Jacquelineberg,Young Adult (20-29),Fall,Unknown Promotion,Yes,Midday,65.86
2023-10-07 15:33:50,Miss Joy Wise MD,"['Messenger Bag', 'Cookies', 'Ziploc Bags', 'Raisins', 'Shoes', 'Water Bottle']",6,Debit Card,Meganmouth,Young Adult (20-29),Fall,Unknown Promotion,Yes,Midday,56.07
2023-10-07 17:00:01,Logan Nelson,"['Bug Spray', 'Napkins', 'Underwear', 'Oats', 'Instant Noodles', 'Canned Fruit', 'Frozen Meatballs', 'Shampoo']",8,Mobile Payment,Kellyborough,Middle-aged (50-64),Fall,BOGO (Buy One Get One),Yes,Afternoon,77.1
2023-10-07 17:15:30,Jasmine Hernandez,"['Bath Bombs', 'Mints', 'Jelly', 'Pull-up Bar', 'Paper Plates', 'Sports Bra']",6,Credit Card,Fuentesberg,Teenager (13-19),Summer,Discount on Selected Items,No,Afternoon,57.61
2023-10-07 19:07:14,Justin Norris,"['Frozen Burritos', 'Frozen Waffles', 'Bleach', 'Umbrella']",4,Cash,North Natalie,Young Adult (20-29),Winter,Unknown Promotion,No,Evening,34.67
2023-10-07 19:14:08,Ronald Stone,"['Lighter', 'Cough Syrup', 'Muffins', 'Bubble Wrap']",4,Debit Card,South Ronaldmouth,Middle-aged (50-64),Fall,Unknown Promotion,No,Evening,34.67
2023-10-07 20:58:04,Rebekah Frye,"['Extension Cord', 'Scrubbers', 'Exercise Bike']",3,Cash,Johnnybury,Senior (65+),Spring,Unknown Promotion,Yes,Evening,23.88
2023-10-08 09:26:30,Alex Wood,"['Frozen Pizza Rolls', 'Oats']",2,Mobile Payment,Port Catherine,Young Adult (20-29),Summer,BOGO (Buy One Get One),No,Morning,14.55
2023-10-08 10:39:51,Aaron Whitaker,"['Resistance Bands', 'Winter Hat', 'Frozen Fruit', 'Jacket', 'Luggage', 'Dress']",6,Credit Card,South John,Adult (30-49),Winter,Discount on Selected Items,No,Midday,57.61
2023-10-08 11:10:37,Angela Morales,"['Purse', 'Glass Cleaner', 'Peanut Butter', 'Frozen Fries', 'Weight Bench', 'Popsicles', 'Cheese']",7,Debit Card,Port Thomasshire,Middle-aged (50-64),Spring,BOGO (Buy One Get One),No,Midday,65.86
2023-10-08 11:16:22,Danny Garcia,"['Syrup', 'Plastic Utensils', 'Granola Bars', 'Napkins', 'T-Shirt', 'Sunscreen']",6,Debit Card,South Davidburgh,Young Adult (20-29),Fall,Unknown Promotion,Yes,Midday,56.07
2023-10-08 13:21:29,Larry Mendoza,"['Candles', 'Air Freshener', 'Markers', 'Sorbets']",4,Cash,Robertview,Young Adult (20-29),Fall,BOGO (Buy One Get One),No,Midday,34.67
2023-10-08 14:39:17,Zachary Williams,"['Shampoo', 'Fabric Softener']",2,Cash,Martinside,Adult (30-49),Fall,BOGO (Buy One Get One),Yes,Midday,14.55
2023-10-08 16:19:29,Jeffrey Flores,"['Handbag', 'Rowing Machine', 'Sponges', 'Ruler', 'Mayonnaise', 'Envelopes', 'Almonds']",7,Credit Card,Williamton,Middle-aged (50-64),Spring,Unknown Promotion,No,Afternoon,65.86
2023-10-08 16:51:52,Margaret Gill,"['T-Shirt', 'Mustard', 'Water Bottle', 'Bagels']",4,Credit Card,Kingshire,Senior (65+),Fall,Unknown Promotion,Yes,Afternoon,34.67
2023-10-08 18:06:58,Ruben Guerrero,"['Beef', 'Batteries']",2,Cash,Port Cristianberg,Young Adult (20-29),Fall,BOGO (Buy One Get One),No,Afternoon,14.55
2023-10-08 23:26:08,Brian Solis,"['Aluminum Foil', 'Frozen Meatballs', 'Frozen Garlic Bread', 'Lighter Fluid', 'Ruler']",5,Mobile Payment,Elizabethshire,Adult (30-49),Fall,Unknown Promotion,No,Late Night,44.95
2023-10-09 05:39:15,Kenneth Rogers,"['Index Cards', 'Cough Drops', 'Bath Bombs']",3,Debit Card,New Davidberg,Adult (30-49),Summer,Unknown Promotion,No,Morning,23.88
2023-10-09 09:14:49,Dr. Maria Cantu,"['Bathrobe', 'One-Piece Swimsuit', 'Soy Sauce']",3,Debit Card,Ashleyville,Young Adult (20-29),Fall,Discount on Selected Items,No,Morning,23.88
2023-10-09 09:29:43,Gerald Cooley,"['Sugar', 'Dumbbells', 'Photo Albums', 'Comb', 'Sweater', 'Baking Soda']",6,Debit Card,West Jesusland,Young Adult (20-29),Fall,BOGO (Buy One Get One),No,Morning,57.61
2023-10-09 11:44:08,Melissa Marshall,"['Hair Ties', 'Frozen Sausages', 'Hand Sanitizer', 'Canned Tuna', 'Soap', 'Coat']",6,Mobile Payment,West Wesleyfurt,Teenager (13-19),Summer,Discount on Selected Items,Yes,Midday,56.07
2023-10-09 12:35:47,Randall Scott,"['Duct Tape', 'Protein Powder', 'Charcoal', 'Conditioner', 'Frozen Meatballs', 'Bath Mat', 'Tomatoes', 'Band-Aids', 'Sweatshirt']",9,Credit Card,South Vickie,Adult (30-49),Fall,Unknown Promotion,No,Midday,90.0
2023-10-09 14:02:16,Andrew Stafford,"['Hand Sanitizer', 'Bagels', 'Matches', 'Jacket', 'Cucumber', 'Stain Remover', 'Laundry Basket', 'Tote Bag', 'Mouthwash', 'Garlic Powder', 'Raincoat', 'Crackers']",12,Cash,Huntfort,Young Adult (20-29),Summer,Discount on Selected Items,Yes,Midday,124.9
2023-10-09 15:33:21,Dana Peterson,"['Super Glue', 'Vegetable Oil', 'Rug', 'Workout Clothes']",4,Credit Card,Jennifermouth,Adult (30-49),Summer,BOGO (Buy One Get One),Yes,Midday,34.67
2023-10-09 15:48:35,Timothy Evans,"['Photo Albums', 'Chips', 'Beef', 'Messenger Bag', 'Vegetable Oil']",5,Credit Card,Lake Haleyland,Teenager (13-19),Fall,Unknown Promotion,Yes,Midday,44.95
2023-10-09 16:43:12,Trevor Anderson,"['Duct Tape', 'T-Shirt', 'Olives']",3,Debit Card,Reyesside,Young Adult (20-29),Fall,Discount on Selected Items,Yes,Afternoon,23.88
2023-10-09 18:06:43,Kevin Hernandez,"['Napkins', 'Dish Soap', 'Index Cards', 'First Aid Kit', 'Lotion', 'Plastic Cups', 'Vinegar']",7,Mobile Payment,Lake Kerri,Teenager (13-19),Summer,Discount on Selected Items,No,Afternoon,65.86
2023-10-09 18:40:49,Jason Parker,"['Rug', 'Bath Mat', 'Envelopes']",3,Credit Card,Jessicaville,Young Adult (20-29),Spring,Unknown Promotion,No,Afternoon,23.88
2023-10-09 19:02:06,Joshua Jennings,"['Granola Bars', 'Light Bulbs', 'Lip Balm', 'Backpack']",4,Mobile Payment,Sarahbury,Middle-aged (50-64),Fall,BOGO (Buy One Get One),Yes,Evening,34.67
2023-10-09 19:44:04,James Gordon,"['Ice Cream Sandwiches', 'Rug', 'Ramen']",3,Credit Card,East Tonyastad,Middle-aged (50-64),Spring,Unknown Promotion,No,Evening,23.88
2023-10-09 20:09:39,Mrs. Christine Anderson,"['Shower Cap', 'Toilet Paper', 'Exercise Bike', 'Gum', 'Ice Cream Sandwiches']",5,Cash,Jamesborough,Adult (30-49),Winter,Discount on Selected Items,No,Evening,44.95
2023-10-10 07:48:25,Kenneth Scott,"['Water Bottle', 'Shower Shoes', 'Napkins', 'Detergent', 'Elliptical', 'Bubble Bath']",6,Mobile Payment,Port Garrettmouth,Adult (30-49),Fall,BOGO (Buy One Get One),Yes,Morning,56.07
2023-10-10 10:45:55,Alice Mason,"['Trash Bags', 'Frozen Bagels', 'Ice Cream', 'Pepper']",4,Mobile Payment,Lake Anthonyborough,Young Adult (20-29),Winter,Discount on Selected Items,Yes,Midday,34.67
2023-10-10 10:48:05,Andrew Randall,"['Frozen Pizza', 'Frozen Sausages']",2,Debit Card,Stevenland,Teenager (13-19),Spring,BOGO (Buy One Get One),No,Midday,14.55
2023-10-10 11:22:51,Jonathan Deleon,"['Packing Tape', 'Cheese', 'Swim Cap', 'Skirt', 'Bikini', 'Moving Boxes', 'Conditioner', 'Flats', 'Baking Soda', 'Carry-on Bag']",10,Mobile Payment,Lake Jeffreyhaven,Adult (30-49),Spring,Unknown Promotion,No,Midday,102.2
2023-10-10 11:24:36,Mark Pierce DVM,"['Jelly', 'Paprika', 'Gum', 'Notebook Paper']",4,Mobile Payment,West Stephenfurt,Young Adult (20-29),Fall,Unknown Promotion,No,Midday,34.67
2023-10-10 11:33:51,Teresa Dorsey,"['Cold Medicine', 'Bath Mat', 'Kettlebells', 'Photo Albums', 'Milk', 'Thermometer']",6,Debit Card,South Lisabury,Middle-aged (50-64),Spring,Discount on Selected Items,No,Midday,57.61
2023-10-10 12:02:43,Eric Mitchell,"['Canned Tuna', 'Pull-up Bar']",2,Debit Card,North Gregory,Middle-aged (50-64),Spring,Discount on Selected Items,Yes,Midday,14.55
2023-10-10 12:15:44,Marissa Harris,"['Frozen Breakfast Sandwiches', 'Jacket', 'Pencils', 'Dress', 'Mustard', 'Pasta Sauce', 'Shower Curtain', 'Bra', 'Pasta']",9,Credit Card,Dawnmouth,Middle-aged (50-64),Fall,BOGO (Buy One Get One),No,Midday,90.0
2023-10-10 14:06:52,John Webster,"['Mayonnaise', 'Razors']",2,Credit Card,Johnsonhaven,Adult (30-49),Summer,Unknown Promotion,Yes,Midday,14.55
2023-10-10 14:13:15,Dr. Kevin Young II,"['Crayons', 'Baking Soda', 'Thermometer', 'Frozen Fish Sticks', 'Flats', 'Sneakers', 'Soy Sauce', 'Body Wash', 'Dress', 'Scarf', 'Frozen Pancakes']",11,Cash,Leestad,Teenager (13-19),Spring,Unknown Promotion,No,Midday,115.89
2023-10-10 14:24:42,Mike Robinson,['Luggage'],1,Debit Card,West Rebeccatown,Adult (30-49),Summer,BOGO (Buy One Get One),No,Midday,5.14
2023-10-10 15:40:38,Lisa White,"['Juice', 'Post-it Notes', 'Granola Bars', 'Nail Clippers', 'Weight Bench', 'Raincoat']",6,Mobile Payment,North Andrew,Middle-aged (50-64),Summer,Discount on Selected Items,Yes,Midday,56.07
2023-10-10 18:29:47,Sarah Simmons,"['Bath Bombs', 'Spaghetti']",2,Debit Card,Anthonyborough,Adult (30-49),Summer,BOGO (Buy One Get One),Yes,Afternoon,14.55
2023-10-10 19:17:15,Joshua Reed,"['Paper Towels', 'Beef', 'Syrup', 'Detergent', 'Towels', 'Flip Flops', 'Sponges', 'Toothpaste', 'Soda', 'Jelly', 'Nail Polish']",11,Cash,Karinafurt,Adult (30-49),Summer,Unknown Promotion,No,Evening,115.89
2023-10-10 20:08:45,Lori Crawford,"['Honey', 'Ruler', 'Bath Mat', 'Sunscreen', 'Messenger Bag', 'Bubble Wrap', 'Olive Oil', 'Shaving Cream']",8,Credit Card,South Rebeccamouth,Adult (30-49),Summer,Discount on Selected Items,No,Evening,77.1
2023-10-10 21:09:06,Raymond Ray,"['Sports Drinks', 'Onion Powder', 'Shampoo', 'Milk', 'Facial Tissue', 'Yoga Pants']",6,Cash,West Dennis,Adult (30-49),Summer,Discount on Selected Items,Yes,Evening,56.07
2023-10-10 21:17:14,Lori Bennett,"['Ice Cream Tubs', 'Beef', 'Pull-up Bar', 'Barbecue Sauce', 'Candles', 'Tomatoes', 'Plastic Cups']",7,Credit Card,Port Katherinemouth,Adult (30-49),Summer,BOGO (Buy One Get One),Yes,Evening,65.86
2023-10-11 06:50:26,Brian Miller,"['Hand Sanitizer', 'Cotton Swabs', 'Milk', 'Heels']",4,Cash,New Laura,Adult (30-49),Summer,BOGO (Buy One Get One),Yes,Morning,34.67
2023-10-11 10:40:08,Lisa Evans MD,"['Water', 'Flashlight']",2,Debit Card,South Paula,Young Adult (20-29),Fall,BOGO (Buy One Get One),Yes,Midday,14.55
2023-10-11 10:54:28,Heather Stone,"['Bathrobe', 'Sports Bra', 'Shorts', 'Plastic Cups']",4,Mobile Payment,Lake Kelly,Adult (30-49),Summer,BOGO (Buy One Get One),Yes,Midday,34.67
2023-10-11 14:39:41,Olivia Cordova,['Band-Aids'],1,Debit Card,Lake Angelica,Senior (65+),Winter,Discount on Selected Items,Yes,Midday,5.14
2023-10-11 15:08:37,John Stone,"['Chips', 'Shower Shoes', 'Cough Syrup', 'Stamps', 'Hairbrush', 'Bathrobe', 'Paprika', 'Luggage']",8,Mobile Payment,Garciamouth,Teenager (13-19),Spring,Unknown Promotion,No,Midday,77.1
2023-10-11 16:45:59,Kelly Myers,"['Plastic Cups', 'Pepper', 'Rowing Machine']",3,Debit Card,Davidstad,Teenager (13-19),Winter,Unknown Promotion,No,Afternoon,23.88
2023-10-11 21:56:44,Sarah Lewis,"['Resistance Bands', 'Scissors', 'Paper Towels', 'Allergy Medicine', 'Frozen Pizza', 'Folders']",6,Credit Card,Michaelburgh,Young Adult (20-29),Winter,Discount on Selected Items,No,Evening,57.61
2023-10-12 04:18:01,Brian King,"['Polo Shirt', 'Hat']",2,Debit Card,East Ronald,Adult (30-49),Spring,Unknown Promotion,Yes,Morning,14.55
2023-10-12 08:35:33,Derek Mckay,"['Cookies', 'Hairbrush', 'Ice Cream Cones']",3,Mobile Payment,West Jessica,Young Adult (20-29),Summer,Discount on Selected Items,Yes,Morning,23.88
2023-10-12 08:49:58,Douglas Harrell,"['Messenger Bag', 'Disinfectant Wipes', 'Cream Cheese', 'Cucumber', 'Post-it Notes', 'Frozen Pie']",6,Credit Card,North Meganton,Young Adult (20-29),Fall,BOGO (Buy One Get One),No,Morning,57.61
2023-10-12 10:18:31,Daniel Maldonado,"['Hoodie', 'Crayons', 'Frozen Burritos', 'Bobby Pins', 'Sorbets', 'Sunscreen', 'Batteries', 'Frozen Chicken Nuggets', 'Nail Clippers', 'Gym Bag']",10,Cash,Coxside,Middle-aged (50-64),Winter,Unknown Promotion,Yes,Midday,102.2
2023-10-12 11:26:03,Larry Garcia,"['Apples', 'Slippers', 'Dress', 'Ear Muffs', 'Leggings', 'Bananas', 'Napkins']",7,Debit Card,Lake Mary,Young Adult (20-29),Fall,Discount on Selected Items,Yes,Midday,65.86
2023-10-12 12:31:49,Eric Freeman,"['Ice Cream Bars', 'Pajamas', 'Lip Balm', 'Yoga Mat']",4,Mobile Payment,Bakerbury,Senior (65+),Spring,BOGO (Buy One Get One),No,Midday,34.67
2023-10-12 13:32:11,Colleen Wright,"['Belt', 'Storage Bins', 'Canned Fruit', 'Stain Remover', 'Frozen Fruit', 'Frozen Chicken Nuggets']",6,Debit Card,Kaylaberg,Middle-aged (50-64),Fall,Discount on Selected Items,Yes,Midday,56.07
2023-10-12 16:02:52,Melissa Wagner,"['Goggles', 'Eggs', 'Shaving Cream', 'Lemonade', 'Ziploc Bags']",5,Mobile Payment,West Ross,Young Adult (20-29),Summer,Discount on Selected Items,Yes,Afternoon,44.95
2023-10-12 17:43:33,James Tucker,"['Duffel Bag', 'Frozen Pizza', 'Mac and Cheese', 'Cashews', 'Bug Spray']",5,Credit Card,Martinezland,Middle-aged (50-64),Fall,Unknown Promotion,No,Afternoon,44.95
2023-10-12 20:17:09,Victoria Williams,"['Raisins', 'Yoga Mat', 'Gym Towel']",3,Cash,Griffinhaven,Adult (30-49),Winter,Unknown Promotion,No,Evening,23.88
2023-10-13 02:00:14,Douglas Sims,"['Cotton Balls', 'Shower Curtain', 'Lollipops']",3,Mobile Payment,Lake Tinaborough,Teenager (13-19),Summer,BOGO (Buy One Get One),Yes,Early Morning,23.88
2023-10-13 05:16:00,Amanda Butler,"['Canned Tuna', 'Frozen Burritos', 'Oranges', 'Tweezers', 'Bananas', 'Toilet Paper', 'Garlic Powder', 'Belt']",8,Mobile Payment,New Wendyshire,Senior (65+),Fall,Unknown Promotion,No,Morning,77.1
2023-10-13 06:37:10,Paula Tran,"['Towels', 'Oats']",2,Mobile Payment,Haileyfurt,Adult (30-49),Summer,Discount on Selected Items,Yes,Morning,14.55
2023-10-13 09:44:27,Katherine Williams,"['Paper Towels', 'Muffins', 'Bobby Pins', 'Butter', 'Extension Cord', 'Frozen Waffles', 'Scarf', 'Raincoat', 'Frozen Meatballs']",9,Debit Card,Jeffersonfurt,Adult (30-49),Spring,Unknown Promotion,No,Morning,90.0
2023-10-13 11:05:32,Zoe Harvey,"['Protein Shakes', 'Pasta', 'Frozen Cake']",3,Mobile Payment,West Sarah,Adult (30-49),Summer,Discount on Selected Items,No,Midday,23.88
2023-10-13 13:55:07,Doris Wilcox,"['Oranges', 'Pretzels', 'Candles']",3,Mobile Payment,New Jamesmouth,Adult (30-49),Spring,BOGO (Buy One Get One),Yes,Midday,23.88
2023-10-13 14:22:16,Scott Castaneda,"['Frozen Bagels', 'Raincoat', 'One-Piece Swimsuit', 'Crackers']",4,Credit Card,West Michelle,Teenager (13-19),Summer,Discount on Selected Items,No,Midday,34.67
2023-10-13 16:55:02,Nicole Arnold,"['Fabric Softener', 'Notebook Paper', 'Soda']",3,Mobile Payment,Jessicaville,Senior (65+),Fall,Discount on Selected Items,Yes,Afternoon,23.88
2023-10-13 18:20:50,Troy Boyd,"['Scrubbers', 'Muffins', 'Frozen Pancakes', 'Belt', 'Plastic Utensils', 'Ice Cream']",6,Cash,Holtberg,Young Adult (20-29),Summer,Discount on Selected Items,Yes,Afternoon,56.07
2023-10-13 18:39:10,Crystal Neal,"['Snack Cakes', 'Soap', 'Weight Bench', 'Vegetable Oil', 'Gym Towel']",5,Credit Card,Garymouth,Middle-aged (50-64),Spring,BOGO (Buy One Get One),Yes,Afternoon,44.95
2023-10-13 19:00:10,Wendy Harris,"['Lip Balm', 'Sneakers', 'Underwear', 'Gelato']",4,Cash,Brandonberg,Young Adult (20-29),Spring,Discount on Selected Items,Yes,Evening,34.67
2023-10-13 19:49:03,Teresa Holt,"['Beef', 'Candles', 'Popsicles', 'Cucumber', 'Washcloths', 'Jelly', 'Garlic Powder', 'Ramen']",8,Cash,Port Maryland,Adult (30-49),Summer,Discount on Selected Items,No,Evening,77.1
2023-10-13 20:46:17,Jamie Sanchez,"['Detergent', 'Frozen Pizza Rolls', 'Capri Pants', 'Lighter', 'Messenger Bag']",5,Debit Card,Rangelhaven,Middle-aged (50-64),Summer,Unknown Promotion,No,Evening,44.95
2023-10-13 21:13:14,Karen Miller,['Detergent'],1,Debit Card,Robertshire,Adult (30-49),Summer,BOGO (Buy One Get One),Yes,Evening,5.14
2023-10-14 08:20:53,Matthew Long,"['Rice', 'Boots', 'Chewing Gum', 'Flats', 'Lighter Fluid', 'Pasta Sauce']",6,Debit Card,North Alanfurt,Senior (65+),Spring,Unknown Promotion,No,Morning,57.61
2023-10-14 08:59:40,Franklin Mendez,"['Tape', 'Bubble Bath', 'Ice Cream Bars', 'Canned Fruit', 'Butter', 'Tomato Sauce']",6,Cash,Ronaldberg,Adult (30-49),Fall,BOGO (Buy One Get One),Yes,Morning,56.07
2023-10-14 14:12:25,Barry Quinn,['Frozen Fish Sticks'],1,Debit Card,Erinburgh,Teenager (13-19),Winter,BOGO (Buy One Get One),No,Midday,5.14
2023-10-14 14:41:58,Charles Davis,"['Donuts', 'Shoes', 'Envelopes', 'Hoodie', 'Laptop Bag', 'Mints', 'Disinfectant Wipes']",7,Debit Card,Medinaville,Adult (30-49),Spring,BOGO (Buy One Get One),No,Midday,65.86
2023-10-14 15:04:28,Brian Hall,"['Winter Hat', 'Batteries', 'Energy Drinks', 'Hairbrush', 'Sunscreen', 'Ear Muffs']",6,Credit Card,Rachelborough,Senior (65+),Spring,BOGO (Buy One Get One),No,Midday,57.61
2023-10-14 15:34:39,Penny Brown,"['Mac and Cheese', 'Floss', 'Weight Bench']",3,Mobile Payment,East Danielleland,Adult (30-49),Summer,BOGO (Buy One Get One),Yes,Midday,23.88
2023-10-14 15:53:44,Jeffrey Mays,"['Aluminum Foil', 'Comb', 'Shower Curtain', 'Pull-up Bar', 'Jacket']",5,Debit Card,Wangport,Adult (30-49),Spring,Discount on Selected Items,No,Midday,44.95
2023-10-14 17:12:12,Jonathan Young,"['Paprika', 'Napkins']",2,Mobile Payment,South Jennifer,Senior (65+),Winter,BOGO (Buy One Get One),Yes,Afternoon,14.55
2023-10-14 17:46:15,Jon Walker,"['Bagels', 'Pull-up Bar', 'Barbecue Sauce', 'Energy Drinks', 'Facial Tissue', 'Raisins', 'Hairbrush', 'Markers', 'Briefcase']",9,Credit Card,West Thomas,Teenager (13-19),Winter,Discount on Selected Items,Yes,Afternoon,90.0
2023-10-14 20:21:53,Valerie Casey,['Underwear'],1,Debit Card,Davidfurt,Middle-aged (50-64),Winter,Unknown Promotion,No,Evening,5.14
2023-10-15 00:00:07,Rebecca Villanueva,"['Dumbbells', 'Vegetable Oil', 'Deodorant', 'Tote Bag', 'Mustard', 'Workout Clothes', 'Frozen Fruit', 'Treadmill', 'Index Cards']",9,Cash,Adamschester,Adult (30-49),Winter,Discount on Selected Items,No,Early Morning,90.0
2023-10-15 03:34:33,Catherine Schroeder,"['Deodorant', 'Aluminum Foil']",2,Debit Card,East George,Teenager (13-19),Fall,Discount on Selected Items,Yes,Early Morning,14.55
2023-10-15 07:47:56,Grace Howe,"['Bath Mat', 'Sunscreen', 'Frozen Pizza Rolls', 'Donuts']",4,Mobile Payment,Huffmanmouth,Young Adult (20-29),Spring,Unknown Promotion,Yes,Morning,34.67
2023-10-15 14:37:16,Cynthia Sutton,"['Frozen Chicken Nuggets', 'Headbands', 'Frozen Pie', 'Sunscreen', 'Lotion', 'Yoga Mat', 'Shower Curtain', 'Sneakers', 'Pajamas']",9,Debit Card,South Bethville,Teenager (13-19),Summer,BOGO (Buy One Get One),Yes,Midday,90.0
2023-10-15 15:09:56,Jody Martin,"['Vinegar', 'Winter Hat', 'Goggles', 'Polo Shirt', 'Picture Frames', 'Flip Flops']",6,Debit Card,Laurenchester,Adult (30-49),Summer,BOGO (Buy One Get One),Yes,Midday,56.07
2023-10-15 15:49:56,Kimberly Wise,['Plastic Wrap'],1,Cash,Murrayshire,Senior (65+),Fall,Discount on Selected Items,Yes,Midday,5.14
2023-10-15 16:13:30,Theresa Harrell,"['Yogurt', 'Frozen Chicken Nuggets', 'Hand Sanitizer', 'Frozen Pancakes', 'Luggage', 'Glass Cleaner', 'Crackers']",7,Debit Card,Lorihaven,Adult (30-49),Winter,Discount on Selected Items,No,Afternoon,65.86
2023-10-15 17:03:48,Tyler Garza,"['Hat', 'Belt', 'Pepper', 'Winter Hat']",4,Debit Card,East Timothy,Middle-aged (50-64),Winter,Unknown Promotion,No,Afternoon,34.67
2023-10-15 19:31:36,Michelle Porter,"['Toilet Paper', 'Sandals', 'Canned Fruit', 'Body Wash', 'Tape', 'Cucumber', 'Duffel Bag', 'Detergent']",8,Mobile Payment,Lake Douglasside,Middle-aged (50-64),Winter,BOGO (Buy One Get One),Yes,Evening,77.1
2023-10-15 20:17:43,Michael Marquez,"['Bath Mat', 'Bagels', 'One-Piece Swimsuit', 'Capri Pants', 'Dress', 'Cucumber', 'Wallet', 'Duffel Bag', 'Pasta Sauce', 'Comb', 'Kettlebells']",11,Mobile Payment,Calderonbury,Adult (30-49),Fall,Discount on Selected Items,No,Evening,115.89
2023-10-15 21:44:07,Matthew Bailey,"['Frozen Pizza Rolls', 'Colored Pencils', 'Goggles', 'Pasta', 'Carry-on Bag']",5,Debit Card,Hansonton,Senior (65+),Fall,BOGO (Buy One Get One),Yes,Evening,44.95
2023-10-15 22:12:23,Cynthia Torres,"['Swim Trunks', 'Glue', 'Vegetable Oil', 'Iced Tea', 'Flip Flops']",5,Credit Card,New Amberborough,Middle-aged (50-64),Fall,Unknown Promotion,No,Late Night,44.95
2023-10-15 23:17:56,Ricky Stanley,"['Calculator', 'Toilet Bowl Cleaner', 'Exercise Bike', 'Gym Bag']",4,Mobile Payment,Port Hayleyton,Teenager (13-19),Winter,Unknown Promotion,No,Late Night,34.67
2023-10-15 23:25:36,William Holder,"['Canned Soup', 'Disinfectant Wipes', 'Mac and Cheese', 'Protein Shakes', 'Jeans', 'Chicken', 'Bagels', 'Ketchup', 'Tote Bag', 'Flour']",10,Mobile Payment,Harveyborough,Middle-aged (50-64),Winter,BOGO (Buy One Get One),Yes,Late Night,102.2
2023-10-16 06:24:32,Nicholas Burke,"['Comb', 'Shaving Cream', 'Raincoat', 'Frozen Dinners']",4,Cash,New Jamesfurt,Teenager (13-19),Winter,Unknown Promotion,No,Morning,34.67
2023-10-16 10:18:03,Leslie Brown,"['Backpack', 'Shorts']",2,Cash,North Kevin,Senior (65+),Winter,BOGO (Buy One Get One),No,Midday,14.55
2023-10-16 10:37:12,Alexandra Leonard,"['Moving Boxes', 'Swim Cap', 'Soy Sauce', 'Tape', 'Dryer Sheets', 'Polo Shirt']",6,Cash,Lake Annfort,Adult (30-49),Fall,Discount on Selected Items,Yes,Midday,56.07
2023-10-16 11:36:02,Dana Lane,"['Weight Bench', 'Bath Bombs', 'Ice Cream Tubs', 'Frozen Waffles']",4,Credit Card,Lake Randy,Middle-aged (50-64),Fall,Discount on Selected Items,Yes,Midday,34.67
2023-10-16 14:34:03,William Atkinson,"['Candles', 'Colored Pencils', 'Syrup', 'Blouse']",4,Cash,North Davidhaven,Young Adult (20-29),Summer,Unknown Promotion,No,Midday,34.67
2023-10-16 16:19:19,Ray Harmon,"['Markers', 'Swim Trunks', 'Mouthwash', 'Body Wash', 'Index Cards']",5,Cash,East Stephaniestad,Young Adult (20-29),Summer,Unknown Promotion,Yes,Afternoon,44.95
2023-10-16 17:38:40,James Little,"['Napkins', 'Toothpaste', 'Luggage']",3,Mobile Payment,Wendyburgh,Senior (65+),Winter,Unknown Promotion,No,Afternoon,23.88
2023-10-16 19:30:58,Marco Murray,"['Elliptical', 'Flats', 'Spaghetti', 'Pants', 'Rice', 'Water Bottle', 'Frozen Fries']",7,Debit Card,South Susanfurt,Adult (30-49),Spring,Unknown Promotion,Yes,Evening,65.86
2023-10-16 20:36:47,Patricia Mcbride,"['Rice', 'Coat']",2,Cash,Jacksonmouth,Adult (30-49),Spring,BOGO (Buy One Get One),Yes,Evening,14.55
2023-10-16 20:58:44,Melanie Turner,"['Lemonade', 'Eggs']",2,Cash,Monicaland,Adult (30-49),Winter,Discount on Selected Items,No,Evening,14.55
2023-10-17 02:28:49,Jonathan Zimmerman,"['Heels', 'Frozen Waffles', 'Index Cards', 'Paprika', 'Syrup']",5,Mobile Payment,North Eric,Young Adult (20-29),Fall,BOGO (Buy One Get One),Yes,Early Morning,44.95
2023-10-17 09:19:25,John Brown,"['Frozen Fish Sticks', 'Sweater', 'Lighter', 'Baking Powder', 'Paprika']",5,Credit Card,Sullivanview,Middle-aged (50-64),Fall,Unknown Promotion,No,Morning,44.95
2023-10-17 11:19:36,Jonathan Miles,"['Batteries', 'Thermometer']",2,Credit Card,Lake Kimbury,Adult (30-49),Fall,BOGO (Buy One Get One),No,Midday,14.55
2023-10-17 13:30:31,Matthew Chavez,"['Sports Bra', 'Paper Cups']",2,Debit Card,Lake Leslie,Adult (30-49),Fall,Discount on Selected Items,Yes,Midday,14.55
2023-10-17 14:29:59,Nathan Jones,['Dish Soap'],1,Credit Card,Blackwellmouth,Senior (65+),Spring,Unknown Promotion,Yes,Midday,5.14
2023-10-17 16:14:14,Andrea Mcfarland,"['Garlic Powder', 'Baking Powder', 'Spaghetti', 'Toilet Bowl Cleaner', 'Soy Sauce', 'Cinnamon', 'Lemonade', 'Cashews', 'Super Glue', 'Almonds', 'Sandals', 'Jelly']",12,Mobile Payment,Vanessafurt,Senior (65+),Winter,Discount on Selected Items,No,Afternoon,124.9
2023-10-17 17:11:07,Mark Watson,"['Allergy Medicine', 'Lighter Fluid', 'Belt']",3,Mobile Payment,New Paul,Middle-aged (50-64),Spring,Unknown Promotion,No,Afternoon,23.88
2023-10-17 19:04:15,Alejandro Gonzalez,"['Gloves', 'Jam', 'Vegetable Oil', 'Messenger Bag']",4,Credit Card,North David,Adult (30-49),Winter,Unknown Promotion,No,Evening,34.67
2023-10-17 19:09:58,Roger Perez,"['Dumbbells', 'Shampoo']",2,Credit Card,Terriberg,Middle-aged (50-64),Winter,Unknown Promotion,Yes,Evening,14.55
2023-10-17 20:26:23,Michelle Green,['Trail Mix'],1,Debit Card,Collinsview,Middle-aged (50-64),Winter,BOGO (Buy One Get One),No,Evening,5.14
2023-10-18 07:48:01,Kenneth Munoz,"['Sports Bra', 'Cereal', 'Batteries', 'Lotion', 'Soap', 'Flour', 'Allergy Medicine', 'Ziploc Bags', 'Donuts', 'Chewing Gum', 'Olives', 'Lip Balm']",12,Debit Card,Heatherfurt,Middle-aged (50-64),Winter,BOGO (Buy One Get One),Yes,Morning,124.9
2023-10-18 08:14:17,Mallory Bailey,"['Candy Bars', 'Sugar']",2,Debit Card,New Joshua,Young Adult (20-29),Winter,Discount on Selected Items,No,Morning,14.55
2023-10-18 08:31:18,Mitchell Griffin,"['Butter', 'Protein Shakes', 'Tank Top']",3,Cash,West Matthewmouth,Middle-aged (50-64),Summer,BOGO (Buy One Get One),Yes,Morning,23.88
2023-10-18 08:55:11,Justin Avila,"['Canned Tuna', 'Bobby Pins', 'Iced Tea']",3,Credit Card,Lake Evelynmouth,Young Adult (20-29),Winter,Discount on Selected Items,Yes,Morning,23.88
2023-10-18 13:16:15,John Smith,"['Lighter', 'Allergy Medicine', 'Cotton Balls']",3,Debit Card,Smithville,Middle-aged (50-64),Summer,Discount on Selected Items,Yes,Midday,23.88
2023-10-18 13:50:43,Tammy Moore,['Mints'],1,Mobile Payment,Port Chrisbury,Adult (30-49),Summer,Discount on Selected Items,Yes,Midday,5.14
2023-10-18 14:32:06,Brian Garcia,"['Stain Remover', 'Cereal', 'Socks', 'Dumbbells']",4,Credit Card,South Karaville,Adult (30-49),Fall,Discount on Selected Items,No,Midday,34.67
2023-10-18 17:50:28,Matthew Mcfarland,"['Vinegar', 'Cream Cheese', 'Exercise Ball']",3,Debit Card,Millsburgh,Young Adult (20-29),Summer,Unknown Promotion,No,Afternoon,23.88
2023-10-18 19:00:08,Casey Hayes,"['Luggage', 'Muffins', 'Gym Bag', 'Bikini']",4,Debit Card,Lake Linda,Middle-aged (50-64),Summer,Unknown Promotion,Yes,Evening,34.67
2023-10-18 20:34:34,Daniel Vazquez,"['Napkins', 'Ketchup', 'Shower Curtain']",3,Cash,Barrport,Young Adult (20-29),Summer,Unknown Promotion,Yes,Evening,23.88
2023-10-19 00:20:56,Jo Edwards,"['Energy Drinks', 'Winter Hat', 'Duct Tape']",3,Cash,North Johnshire,Young Adult (20-29),Summer,Discount on Selected Items,Yes,Early Morning,23.88
2023-10-19 06:08:14,Michael Martin,['Air Freshener'],1,Mobile Payment,Bairdmouth,Adult (30-49),Spring,BOGO (Buy One Get One),Yes,Morning,5.14
2023-10-19 07:01:54,Timothy Mccarthy,"['Water Bottle', 'Canned Soup']",2,Credit Card,New Catherine,Adult (30-49),Summer,Discount on Selected Items,No,Morning,14.55
2023-10-19 08:32:04,Michael Perez,"['Umbrella', 'Raisins', 'Canola Oil', 'Lighter']",4,Credit Card,Michaelmouth,Teenager (13-19),Summer,Discount on Selected Items,Yes,Morning,34.67
2023-10-19 10:03:18,Erica Johnston,"['Canola Oil', 'Trail Mix', 'Goggles', 'Resistance Bands', 'Pull-up Bar']",5,Cash,Jamesstad,Young Adult (20-29),Spring,Unknown Promotion,No,Midday,44.95
2023-10-19 10:07:58,Emily Blevins,"['Almonds', 'Frozen Burritos', 'Frozen Bread', 'Jeans', 'Detergent']",5,Credit Card,New Adamfurt,Young Adult (20-29),Winter,Discount on Selected Items,No,Midday,44.95
2023-10-19 10:54:53,Melissa Thomas,"['Barbecue Sauce', 'Suitcase', 'Tweezers', 'Soy Sauce', 'Swim Trunks', 'Cashews']",6,Debit Card,Kristenfort,Teenager (13-19),Fall,Unknown Promotion,No,Midday,57.61
2023-10-19 11:42:58,Alexander Rowe,"['Frozen Chicken Nuggets', 'Plastic Cups', 'Nail Polish Remover', 'Swim Cap']",4,Credit Card,Robertsstad,Teenager (13-19),Summer,Discount on Selected Items,Yes,Midday,34.67
2023-10-19 13:28:38,Debra Butler,"['Pants', 'Jelly', 'Cotton Swabs', 'Slippers']",4,Cash,Carterland,Middle-aged (50-64),Spring,Unknown Promotion,No,Midday,34.67
2023-10-19 14:05:33,Thomas Owen,"['Barbecue Sauce', 'Dress', 'Frozen Chicken Nuggets', 'Moving Boxes', 'Frozen Fish Sticks', 'Dumbbells', 'Pepper', 'Frozen Fries']",8,Debit Card,Stoneshire,Middle-aged (50-64),Winter,BOGO (Buy One Get One),Yes,Midday,77.1
2023-10-19 17:42:46,Scott Barajas,"['Peanuts', 'Polo Shirt', 'Slippers', 'Ruler', 'Frozen Fries', 'Yoga Mat', 'Soap']",7,Cash,West Matthew,Senior (65+),Summer,Unknown Promotion,Yes,Afternoon,65.86
2023-10-19 19:40:01,Patricia Church,"['Bath Mat', 'First Aid Kit', 'Raisins', 'Pens', 'Bleach', 'Facial Tissue']",6,Cash,Rothville,Adult (30-49),Spring,Discount on Selected Items,No,Evening,57.61
2023-10-19 19:54:06,Michael Harmon,"['Hoodie', 'Beer', 'Passport Holder', 'Soda', 'Salt', 'Elliptical', 'Kettlebells', 'Cotton Balls', 'Jam', 'Candles']",10,Mobile Payment,Branditown,Young Adult (20-29),Winter,Unknown Promotion,Yes,Evening,102.2
2023-10-19 21:38:50,Jennifer Miller,"['Markers', 'Facial Tissue', 'Carry-on Bag', 'Hand Sanitizer', 'Scrubbers']",5,Mobile Payment,Lake Martinfort,Young Adult (20-29),Summer,Discount on Selected Items,Yes,Evening,44.95
2023-10-20 09:19:15,Paul Smith,"['Frozen Cookies', 'Bikini', 'Luggage', 'Frozen Meatballs']",4,Credit Card,Shawnmouth,Adult (30-49),Winter,Discount on Selected Items,No,Morning,34.67
2023-10-20 10:11:14,Jorge Martin,"['Cheese', 'Kettlebells', 'Bubble Bath']",3,Cash,Carrieside,Middle-aged (50-64),Fall,Discount on Selected Items,No,Midday,23.88
2023-10-20 14:11:35,Natalie Bishop,"['Mints', 'Onion Powder', 'Packing Tape', 'Soda', 'Iced Tea', 'Exercise Ball', 'Dried Cranberries']",7,Debit Card,Jonesview,Teenager (13-19),Spring,BOGO (Buy One Get One),Yes,Midday,65.86
2023-10-20 16:00:28,Heather Moyer,"['Glue', 'Muffins', 'Messenger Bag', 'Bananas', 'Tomato Sauce', 'Frozen Waffles', 'Coffee', 'Popcorn', 'Chicken']",9,Credit Card,Heathmouth,Young Adult (20-29),Fall,Discount on Selected Items,No,Afternoon,90.0
2023-10-20 16:08:03,Diane Moody,"['Jeans', 'Picture Frames', 'Lemonade', 'Raincoat', 'Index Cards', 'Water']",6,Credit Card,New Kimberly,Adult (30-49),Summer,Discount on Selected Items,No,Afternoon,57.61
2023-10-20 19:28:58,Kendra Lowe,"['Calculator', 'Laundry Detergent', 'Barbecue Sauce', 'Flip Flops']",4,Mobile Payment,Port Veronicahaven,Teenager (13-19),Winter,Discount on Selected Items,No,Evening,34.67
2023-10-20 19:43:50,Melinda Clark,"['Dish Soap', 'Canned Vegetables', 'Laundry Detergent', 'Hand Sanitizer', 'Sugar', 'Frozen Garlic Bread']",6,Mobile Payment,Choishire,Young Adult (20-29),Winter,BOGO (Buy One Get One),No,Evening,57.61
2023-10-21 07:57:02,Elizabeth Heath,"['Frozen Dinners', 'Frozen Breakfast Sandwiches', 'Paper Plates', 'Frozen Pancakes', 'Gloves', 'Spaghetti', 'Shampoo', 'Bananas', 'Air Freshener']",9,Cash,Amandahaven,Adult (30-49),Fall,Discount on Selected Items,Yes,Morning,90.0
2023-10-21 08:31:38,Laura Lindsey,['Disinfectant Wipes'],1,Credit Card,South Markland,Middle-aged (50-64),Fall,Discount on Selected Items,No,Morning,5.14
2023-10-21 10:11:16,Joseph Hahn,"['Underwear', 'Milk', 'Nail Clippers', 'Crayons']",4,Debit Card,Joshuastad,Adult (30-49),Fall,BOGO (Buy One Get One),No,Midday,34.67
2023-10-21 10:36:50,Michael Yates,"['Frozen Meatballs', 'Mac and Cheese', 'Granola Bars', 'Exercise Bike', 'Rug', 'Bra']",6,Credit Card,Jenniferfort,Adult (30-49),Winter,Discount on Selected Items,No,Midday,57.61
2023-10-21 10:41:08,Spencer Harris,"['Bikini', 'Envelopes', 'Snack Cakes', 'Folders', 'Protein Shakes', 'Gelato']",6,Debit Card,Fisherberg,Young Adult (20-29),Winter,Discount on Selected Items,No,Midday,57.61
2023-10-21 11:56:25,Lori Pierce,"['Passport Holder', 'Wine', 'Treadmill', 'Ruler', 'Bikini', 'Gelato', 'Jeans', 'Nail Polish', 'Milk']",9,Cash,South Stacey,Adult (30-49),Winter,Unknown Promotion,Yes,Midday,90.0
2023-10-21 12:56:25,Jordan Anderson,"['Foam Roller', 'Trail Mix', 'Dress', 'Dried Cranberries', 'Index Cards', 'Salt', 'Gym Towel']",7,Mobile Payment,Jensenburgh,Young Adult (20-29),Fall,BOGO (Buy One Get One),Yes,Midday,65.86
2023-10-21 14:27:37,Brittany Baldwin,"['Sneakers', 'Skirt', 'Canned Soup', 'Leggings', 'Bath Bombs', 'Hand Sanitizer']",6,Debit Card,North Charlesberg,Adult (30-49),Winter,BOGO (Buy One Get One),No,Midday,57.61
2023-10-21 14:30:47,Joshua Montgomery,"['Laundry Detergent', 'Instant Noodles', 'Frozen Pizza', 'Carry-on Bag', 'Conditioner', 'Socks', 'Jelly', 'Pickles']",8,Debit Card,Ramirezview,Senior (65+),Fall,Unknown Promotion,Yes,Midday,77.1
2023-10-21 14:34:29,Travis Williams,"['Peanuts', 'Pasta Sauce']",2,Mobile Payment,New Lisa,Teenager (13-19),Fall,BOGO (Buy One Get One),Yes,Midday,14.55
2023-10-21 17:37:41,Kevin Graham,['Napkins'],1,Credit Card,Port Brian,Middle-aged (50-64),Winter,Discount on Selected Items,Yes,Afternoon,5.14
2023-10-21 18:28:45,Deborah Macias,"['Disinfectant Wipes', 'Mayonnaise', 'Slippers', 'Hat', 'Gloves', 'Toothpaste', 'Suitcase', 'Colored Pencils', 'Baking Powder', 'Butter']",10,Credit Card,West Toni,Teenager (13-19),Fall,Unknown Promotion,Yes,Afternoon,102.2
2023-10-21 19:53:57,Devon Flores,['Slippers'],1,Credit Card,Daniellehaven,Young Adult (20-29),Spring,Discount on Selected Items,No,Evening,5.14
2023-10-21 21:27:07,Samuel Munoz,"['Laundry Basket', 'Gym Towel', 'Frozen Fries']",3,Mobile Payment,New Bryan,Adult (30-49),Winter,BOGO (Buy One Get One),No,Evening,23.88
2023-10-22 05:55:46,Ann Brown,"['Extension Cord', 'Shorts', 'Toilet Paper', 'Sports Bra', 'Sugar']",5,Mobile Payment,Lake Robert,Adult (30-49),Summer,Discount on Selected Items,Yes,Morning,44.95
2023-10-22 06:46:27,Hannah Castillo,"['Facial Tissue', 'Ear Muffs']",2,Cash,Lake Kathleenbury,Adult (30-49),Winter,Unknown Promotion,Yes,Morning,14.55
2023-10-22 08:41:16,Jennifer Allen,"['Mints', 'Flour', 'Handbag', 'Gym Towel']",4,Mobile Payment,Bryantland,Adult (30-49),Winter,Unknown Promotion,Yes,Morning,34.67
2023-10-22 09:40:41,Linda Palmer MD,"['Lip Balm', 'Bath Salts', 'Cheese', 'Frozen Vegetables']",4,Cash,North Robertside,Adult (30-49),Winter,Unknown Promotion,No,Morning,34.67
2023-10-22 11:26:28,David Chavez,"['Facial Tissue', 'Granola Bars', 'Capri Pants', 'Candles']",4,Credit Card,Bennetthaven,Young Adult (20-29),Summer,BOGO (Buy One Get One),No,Midday,34.67
2023-10-22 11:44:00,Lisa Fields,"['Binders', 'Iced Tea', 'Gelato', 'Paper Towels', 'Washcloths']",5,Mobile Payment,North Brandonview,Senior (65+),Winter,Unknown Promotion,Yes,Midday,44.95
2023-10-22 13:47:06,Allison Spears,"['Beef', 'Bra']",2,Mobile Payment,Port Carla,Young Adult (20-29),Winter,Unknown Promotion,Yes,Midday,14.55
2023-10-22 14:54:56,Christopher Conley,"['Sweater', 'Pull-up Bar', 'Notebooks', 'Frozen Burritos', 'Ruler']",5,Debit Card,West Shawnmouth,Young Adult (20-29),Spring,BOGO (Buy One Get One),No,Midday,44.95
2023-10-22 15:04:00,Alejandro Prince,"['Candy Bars', 'Brownies', 'Sunscreen']",3,Debit Card,North James,Adult (30-49),Summer,BOGO (Buy One Get One),Yes,Midday,23.88
2023-10-22 16:18:33,Paula Carter,"['Scissors', 'Swim Cap', 'Olives']",3,Cash,Veronicaton,Senior (65+),Spring,Unknown Promotion,No,Afternoon,23.88
2023-10-22 18:27:03,Brandon Ballard,"['Passport Holder', 'Pencils', 'Mouthwash', 'Brownies']",4,Cash,Lewisland,Adult (30-49),Fall,Unknown Promotion,No,Afternoon,34.67
2023-10-22 19:12:37,Anthony Estrada,"['Peanut Butter', 'Gum', 'Cold Medicine', 'Allergy Medicine', 'Frozen Dinners']",5,Credit Card,Lake Amberton,Teenager (13-19),Fall,BOGO (Buy One Get One),Yes,Evening,44.95
2023-10-22 19:49:29,Elizabeth Burton,"['Bagels', 'Sports Drinks']",2,Credit Card,Jordanmouth,Adult (30-49),Summer,BOGO (Buy One Get One),Yes,Evening,14.55
2023-10-22 20:51:31,Richard Schaefer,"['Sponges', 'Raisins', 'Frozen Pie', 'Super Glue', 'Bath Salts', 'Tomatoes', 'Eggs']",7,Credit Card,South Bryan,Middle-aged (50-64),Winter,Unknown Promotion,Yes,Evening,65.86
2023-10-23 00:29:36,Tracy Holloway,"['Band-Aids', 'Pickles', 'Paper Towels', 'Stamps', 'Shelving', 'Hoodie', 'Shaving Cream']",7,Credit Card,East Katelynborough,Teenager (13-19),Winter,Unknown Promotion,No,Early Morning,65.86
2023-10-23 05:03:33,Lisa Armstrong,"['Markers', 'Resistance Bands', 'Olive Oil', 'Belt', 'Chewing Gum', 'Pepper', 'Polo Shirt', 'Hand Sanitizer', 'Shampoo']",9,Cash,Burtonbury,Senior (65+),Fall,Discount on Selected Items,No,Morning,90.0
2023-10-23 06:02:09,Trevor Smith,"['Toothbrush', 'Jeans', 'Slippers']",3,Credit Card,New Coltonside,Adult (30-49),Spring,Discount on Selected Items,Yes,Morning,23.88
2023-10-23 08:35:54,Michelle Palmer,"['One-Piece Swimsuit', 'Eggs', 'Ramen', 'Gelato', 'Stain Remover', 'Sorbets', 'Frozen Pancakes', 'Butter']",8,Credit Card,Seanberg,Teenager (13-19),Summer,Unknown Promotion,No,Morning,77.1
2023-10-23 10:22:48,Heidi Rivera,"['Cookies', 'Mints', 'Mustard']",3,Debit Card,New Erica,Senior (65+),Winter,BOGO (Buy One Get One),No,Midday,23.88
2023-10-23 10:26:18,Nichole Sullivan,"['Soap', 'Tape', 'Shower Shoes', 'Frozen Garlic Bread']",4,Cash,New Robert,Adult (30-49),Summer,Discount on Selected Items,No,Midday,34.67
2023-10-23 10:30:35,Lauren Watson,"['Batteries', 'Swim Trunks', 'Frozen Bread', 'Passport Holder', 'Trail Mix', 'Nail Polish', 'Hair Ties']",7,Debit Card,Kristinaport,Middle-aged (50-64),Fall,Discount on Selected Items,No,Midday,65.86
2023-10-23 12:10:18,Austin Peterson,"['Frozen Cookies', 'Soy Sauce', 'Boots', 'Passport Holder', 'Dryer Sheets', 'Calculator', 'Floss', 'Notebook Paper']",8,Mobile Payment,New Robertchester,Adult (30-49),Summer,Unknown Promotion,Yes,Midday,77.1
2023-10-23 13:05:25,Roberto Henry,"['Ziploc Bags', 'Hot Sauce', 'Peanuts', 'Butter']",4,Mobile Payment,Katrinaton,Adult (30-49),Spring,Unknown Promotion,Yes,Midday,34.67
2023-10-23 17:18:50,Nathan Powers,"['Lotion', 'Boots', 'Tea', 'Mints']",4,Mobile Payment,North Louis,Adult (30-49),Summer,Discount on Selected Items,No,Afternoon,34.67
2023-10-23 18:54:38,Karen Smith,"['Frozen Fries', 'Shower Curtain', 'Paprika', 'Protein Powder', 'Frozen Fish Sticks', 'Frozen Fruit', 'Exercise Ball']",7,Debit Card,Townsendhaven,Young Adult (20-29),Spring,BOGO (Buy One Get One),Yes,Afternoon,65.86
2023-10-23 19:37:33,Tanya Costa,"['Cough Drops', 'Frozen Garlic Bread', 'Headbands', 'Bra', 'Dress', 'Cotton Swabs', 'Bath Mat', 'Napkins', 'Cereal', 'Tweezers', 'Plastic Cups']",11,Cash,Roberttown,Young Adult (20-29),Winter,Unknown Promotion,No,Evening,115.89
2023-10-23 19:41:39,Andrea Williams,"['Ketchup', 'Aluminum Foil', 'Picture Frames', 'Toilet Bowl Cleaner']",4,Debit Card,North Roberttown,Teenager (13-19),Summer,Discount on Selected Items,Yes,Evening,34.67
2023-10-24 09:23:52,Jordan Johnson,"['Trail Mix', 'Leggings', 'Treadmill', 'Dried Cranberries', 'Lemonade', 'Glue']",6,Debit Card,North Christopher,Middle-aged (50-64),Fall,Discount on Selected Items,No,Morning,57.61
2023-10-24 09:29:46,Chase Pham,['Cereal'],1,Credit Card,West Michaelchester,Middle-aged (50-64),Fall,Discount on Selected Items,No,Morning,5.14
2023-10-24 12:58:23,Monica Scott,"['Onion Powder', 'Leggings', 'Lip Balm', 'Shelving', 'Bug Spray']",5,Credit Card,South Jenniferhaven,Middle-aged (50-64),Winter,Discount on Selected Items,Yes,Midday,44.95
2023-10-24 14:09:25,Jose Allen,"['Messenger Bag', 'Frozen Bread', 'Candles', 'Frozen Cake', 'Frozen Pancakes', 'Butter', 'Conditioner']",7,Credit Card,Jessicabury,Adult (30-49),Winter,Unknown Promotion,No,Midday,65.86
2023-10-24 15:09:14,Gail Moreno,"['Soy Sauce', 'Duct Tape']",2,Debit Card,Meyerhaven,Senior (65+),Spring,BOGO (Buy One Get One),Yes,Midday,14.55
2023-10-24 15:18:49,Andrew Johnson,['Envelopes'],1,Mobile Payment,Port Prestonmouth,Senior (65+),Spring,Unknown Promotion,No,Midday,5.14
2023-10-24 15:32:27,Rebecca Rhodes,"['Frozen Burritos', 'Stain Remover', 'Passport Holder', 'Coffee', 'Water', 'Dish Soap', 'Batteries', 'Glue', 'Sorbets']",9,Mobile Payment,Stevenside,Young Adult (20-29),Fall,Unknown Promotion,No,Midday,90.0
2023-10-24 16:07:35,Lisa Palmer,"['Gloves', 'Pepper', 'Raisins', 'Bobby Pins', 'Salt', 'Colored Pencils']",6,Cash,South Cherylborough,Middle-aged (50-64),Summer,Discount on Selected Items,No,Afternoon,57.61
2023-10-24 17:52:23,Tara Martin,"['Energy Drinks', 'Frozen Garlic Bread', 'T-Shirt']",3,Debit Card,East Cassandra,Teenager (13-19),Summer,BOGO (Buy One Get One),Yes,Afternoon,23.88
2023-10-24 19:03:13,Amy Campos,"['Bug Spray', 'Protein Bars', 'Hangers', 'Beef', 'Popcorn', 'Paper Plates', 'Sunscreen', 'Beer', 'Body Wash', 'Spaghetti']",10,Debit Card,Lindseyburgh,Young Adult (20-29),Spring,Discount on Selected Items,No,Evening,102.2
2023-10-24 19:07:28,Alexander Turner,"['Frozen Bread', 'Mints', 'Stain Remover', 'Storage Bins']",4,Credit Card,Port Janice,Middle-aged (50-64),Winter,Discount on Selected Items,Yes,Evening,34.67
2023-10-24 20:34:22,Donna Rogers,"['Olive Oil', 'Trash Bags', 'Sugar']",3,Debit Card,Bushland,Middle-aged (50-64),Winter,BOGO (Buy One Get One),No,Evening,23.88
2023-10-25 09:43:03,James Grimes,"['Frozen Pizza Rolls', 'Purse', 'Chips', 'Laundry Basket', 'Insect Repellent', 'Stain Remover']",6,Cash,Brownstad,Teenager (13-19),Fall,BOGO (Buy One Get One),Yes,Morning,56.07
2023-10-25 10:46:16,Lauren Solomon,"['Deodorant', 'Frozen Pizza', 'Carry-on Bag']",3,Mobile Payment,Karenmouth,Teenager (13-19),Spring,Discount on Selected Items,Yes,Midday,23.88
2023-10-25 11:59:48,Bruce Davis,"['Toilet Bowl Cleaner', 'Notebooks']",2,Debit Card,South Mark,Young Adult (20-29),Summer,Unknown Promotion,Yes,Midday,14.55
2023-10-25 13:07:54,Mark Lee,"['Duffel Bag', 'Stain Remover', 'Chips', 'Bread', 'Water Bottle', 'Cough Drops', 'Calculator', 'Hairbrush']",8,Cash,Valenciastad,Middle-aged (50-64),Spring,Discount on Selected Items,No,Midday,77.1
2023-10-25 15:09:44,Lindsay Sanchez MD,"['Frozen Pie', 'Bagels', 'Photo Albums', 'Ice Cream Cones', 'Frozen Garlic Bread', 'Brown Sugar', 'Deodorant']",7,Mobile Payment,Harrisonshire,Middle-aged (50-64),Spring,Discount on Selected Items,No,Midday,65.86
2023-10-25 15:25:42,Vincent Powell,"['Leggings', 'Bubble Bath', 'Vinegar', 'Frozen Bread']",4,Cash,Matthewmouth,Middle-aged (50-64),Winter,Unknown Promotion,Yes,Midday,34.67
2023-10-25 16:50:33,Anita Williams,"['Multi-Surface Cleaner', 'Tape', 'Tea', 'Frozen Vegetables']",4,Credit Card,Boonemouth,Young Adult (20-29),Fall,Unknown Promotion,Yes,Afternoon,34.67
2023-10-25 18:05:24,Carol Diaz,"['Shorts', 'Body Wash', 'Sweater', 'Toothpaste']",4,Debit Card,South Vincentville,Middle-aged (50-64),Summer,BOGO (Buy One Get One),Yes,Afternoon,34.67
2023-10-25 21:13:49,Nicholas Castillo,"['Protein Bars', 'Cotton Balls', 'Matches', 'Pens']",4,Mobile Payment,Brianfurt,Young Adult (20-29),Fall,Unknown Promotion,No,Evening,34.67
2023-10-25 22:08:15,David Bell,"['Conditioner', 'Frozen Burritos', 'Laundry Detergent', 'Baking Soda', 'Suitcase', 'Bread', 'Sponges', 'Thermometer', 'Notebooks']",9,Mobile Payment,Brooksland,Middle-aged (50-64),Summer,Discount on Selected Items,Yes,Late Night,90.0
2023-10-26 03:49:43,Amy Gutierrez,"['Beer', 'Frozen Fries', 'Flats', 'Boots', 'Laptop Bag', 'Baking Powder']",6,Credit Card,Kevinfurt,Senior (65+),Fall,Discount on Selected Items,No,Early Morning,57.61
2023-10-26 09:22:57,Brian Gross,"['Pajamas', 'Cumin', 'Plastic Wrap', 'Mustard', 'Sunglasses', 'Lighter Fluid', 'Shower Cap']",7,Debit Card,Cynthiaburgh,Middle-aged (50-64),Spring,BOGO (Buy One Get One),Yes,Morning,65.86
2023-10-26 09:58:19,Jeremy Kennedy,['Bikini'],1,Cash,Shaunton,Adult (30-49),Summer,Discount on Selected Items,No,Morning,5.14
2023-10-26 10:11:50,Victor Castillo,"['Gym Towel', 'Baking Powder', 'Napkins']",3,Debit Card,Currystad,Middle-aged (50-64),Winter,BOGO (Buy One Get One),No,Midday,23.88
2023-10-26 11:01:14,Thomas Wagner,"['Slippers', 'Baking Powder', 'Moving Boxes']",3,Cash,New Jacob,Middle-aged (50-64),Winter,Discount on Selected Items,No,Midday,23.88
2023-10-26 11:03:57,Danielle Choi,"['Soap', 'Messenger Bag', 'Frozen Pancakes', 'Rug']",4,Debit Card,East Markstad,Adult (30-49),Summer,Discount on Selected Items,Yes,Midday,34.67
2023-10-26 12:32:07,Desiree Woodward MD,"['Sneakers', 'Canned Vegetables', 'Moving Boxes', 'Pickles', 'Cough Drops', 'Hot Sauce', 'Rice', 'Barbecue Sauce', 'Bra', 'Cough Syrup']",10,Cash,South Todd,Senior (65+),Winter,Unknown Promotion,Yes,Midday,102.2
2023-10-26 14:55:18,Melanie Bowen,"['Shoes', 'Gloves', 'Swim Cap', 'Frozen Vegetables', 'Paper Towels', 'Coat']",6,Debit Card,Port Nicholas,Middle-aged (50-64),Fall,Unknown Promotion,No,Midday,57.61
2023-10-26 15:28:02,Ryan Downs,"['Hand Sanitizer', 'Mayonnaise', 'Bananas', 'T-Shirt']",4,Credit Card,South Patricia,Adult (30-49),Summer,BOGO (Buy One Get One),No,Midday,34.67
2023-10-26 17:40:21,Russell Petty,['Swim Cap'],1,Credit Card,Chavezbury,Middle-aged (50-64),Winter,BOGO (Buy One Get One),No,Afternoon,5.14
2023-10-26 18:11:04,Cheryl Kaiser,"['Extension Cord', 'Rowing Machine', 'Passport Holder', 'Washcloths', 'Plastic Wrap', 'Packing Tape', 'Detergent', 'Shower Cap']",8,Credit Card,Stonemouth,Adult (30-49),Spring,Discount on Selected Items,Yes,Afternoon,77.1
2023-10-26 21:33:24,Richard Wood,"['Spaghetti', 'Shampoo', 'Cold Medicine', 'Almonds', 'Jelly']",5,Mobile Payment,Dianashire,Teenager (13-19),Spring,Unknown Promotion,No,Evening,44.95
2023-10-27 05:48:40,Samantha Zavala,"['Notebooks', 'Photo Albums', 'Frozen Vegetables', 'Thermometer', 'Granola Bars', 'Honey']",6,Cash,Emilyton,Young Adult (20-29),Winter,BOGO (Buy One Get One),No,Morning,57.61
2023-10-27 06:00:09,Ryan Johnson,"['Frozen Burritos', 'Frozen Cookies', 'Salt']",3,Cash,Josefurt,Adult (30-49),Fall,Unknown Promotion,No,Morning,23.88
2023-10-27 06:04:58,Richard Barnes,"['Plastic Wrap', 'Crayons', 'Tote Bag']",3,Debit Card,Murillostad,Adult (30-49),Summer,Unknown Promotion,Yes,Morning,23.88
2023-10-27 07:40:38,Harold Manning,"['Granola Bars', 'Spaghetti', 'Frozen Pizza', 'Tea', 'Peanuts', 'Aluminum Foil']",6,Cash,West Jacob,Middle-aged (50-64),Summer,BOGO (Buy One Get One),Yes,Morning,56.07
2023-10-27 08:58:14,Jennifer Carter,"['First Aid Kit', 'Flip Flops', 'Bathrobe', 'Almonds', 'Shaving Cream', 'Shower Curtain', 'Protein Powder', 'Tomatoes']",8,Cash,South Brianton,Adult (30-49),Winter,Discount on Selected Items,No,Morning,77.1
2023-10-27 09:43:51,John King,"['Soy Sauce', 'Briefcase', 'Folders', 'Wallet', 'Hat', 'Goggles']",6,Cash,Kellyfort,Adult (30-49),Winter,Unknown Promotion,No,Morning,57.61
2023-10-27 09:43:58,Sara Williams,['Hot Sauce'],1,Credit Card,Malloryborough,Senior (65+),Summer,Discount on Selected Items,No,Morning,5.14
2023-10-27 12:32:54,Daniel Wilcox,"['Laundry Basket', 'Flats']",2,Credit Card,Port Angelafort,Teenager (13-19),Summer,BOGO (Buy One Get One),No,Midday,14.55
2023-10-27 15:57:42,Andrea Oconnell,"['Barbecue Sauce', 'Colored Pencils']",2,Debit Card,Kaneberg,Adult (30-49),Winter,Unknown Promotion,Yes,Midday,14.55
2023-10-28 06:49:04,Bonnie Larson,"['Flats', 'Blouse', 'Dish Soap']",3,Credit Card,Allenton,Young Adult (20-29),Winter,Discount on Selected Items,Yes,Morning,23.88
2023-10-28 08:06:14,Matthew Walker,"['Handbag', 'Towels', 'Frozen Chicken Nuggets', 'Frozen Fish Sticks']",4,Mobile Payment,North Wendybury,Teenager (13-19),Fall,BOGO (Buy One Get One),No,Morning,34.67
2023-10-28 08:32:34,Kristen Castillo,"['Sweatshirt', 'Suitcase', 'Swim Trunks', 'Pencils', 'Wallet']",5,Credit Card,Robertsonborough,Middle-aged (50-64),Summer,BOGO (Buy One Get One),No,Morning,44.95
2023-10-28 08:54:48,Martin Wheeler,"['Peanut Butter', 'Frozen Bread']",2,Debit Card,South Desireefurt,Young Adult (20-29),Fall,Discount on Selected Items,Yes,Morning,14.55
2023-10-28 09:45:14,Kayla Lopez,"['Ice Cream', 'Shower Curtain']",2,Debit Card,North Donald,Young Adult (20-29),Fall,BOGO (Buy One Get One),Yes,Morning,14.55
2023-10-28 09:57:25,David Sanchez,"['Plastic Wrap', 'Wallet', 'Tweezers', 'Ramen']",4,Cash,Markport,Adult (30-49),Fall,Unknown Promotion,No,Morning,34.67
2023-10-28 10:31:23,Ralph Fry,"['Sweatshirt', 'Gum', 'Dryer Sheets']",3,Cash,Martinchester,Adult (30-49),Winter,Discount on Selected Items,Yes,Midday,23.88
2023-10-28 10:45:30,Daniel Medina,"['Frozen Bread', 'Packing Tape', 'Popcorn', 'Shorts', 'Bleach']",5,Mobile Payment,Ravenburgh,Young Adult (20-29),Fall,BOGO (Buy One Get One),No,Midday,44.95
2023-10-28 10:54:26,Chase Brady,"['Markers', 'Lollipops', 'Shorts', 'Cucumber', 'Capri Pants']",5,Debit Card,New Stephen,Senior (65+),Winter,BOGO (Buy One Get One),Yes,Midday,44.95
2023-10-28 11:03:04,Tony Mills,"['Goggles', 'Toothpaste', 'Aluminum Foil']",3,Debit Card,South Maryshire,Adult (30-49),Fall,BOGO (Buy One Get One),No,Midday,23.88
2023-10-28 11:21:20,Krista Woods,"['Beach Towel', 'Exercise Ball', 'Trash Bags', 'Shorts', 'Shampoo', 'Thermometer', 'Energy Drinks', 'Ice Cream Tubs', 'First Aid Kit']",9,Cash,Port Alexander,Adult (30-49),Summer,BOGO (Buy One Get One),Yes,Midday,90.0
2023-10-28 12:07:14,Stephen Wood II,"['Bubble Wrap', 'Paper Towels', 'Yoga Mat']",3,Credit Card,Lake Christopher,Teenager (13-19),Spring,BOGO (Buy One Get One),Yes,Midday,23.88
2023-10-28 12:10:03,Sonia Kelley,"['Salt', 'Hairbrush', 'Briefcase', 'Flip Flops', 'Boots', 'Hat', 'Frozen Vegetables']",7,Credit Card,Smithchester,Young Adult (20-29),Summer,BOGO (Buy One Get One),No,Midday,65.86
2023-10-28 14:06:42,Alicia Fleming,"['Scissors', 'Bathrobe', 'Ice Cream', 'Tote Bag']",4,Credit Card,West Nathanielburgh,Teenager (13-19),Summer,Discount on Selected Items,No,Midday,34.67
2023-10-28 14:58:13,Emily Hoover,"['Peanuts', 'Treadmill', 'Milk', 'Nail Polish', 'Chewing Gum', 'Tomato Sauce']",6,Cash,Heatherchester,Teenager (13-19),Winter,Discount on Selected Items,Yes,Midday,56.07
2023-10-28 15:09:42,Susan Brown,"['Gym Bag', 'Instant Noodles', 'Onion Powder', 'Insect Repellent', 'Frozen Burritos']",5,Credit Card,South Bethanybury,Middle-aged (50-64),Summer,BOGO (Buy One Get One),No,Midday,44.95
2023-10-28 15:40:29,Christopher Hampton,"['Body Wash', 'Blouse', 'Swim Trunks', 'Bath Mat', 'Bathrobe']",5,Debit Card,East Sandra,Young Adult (20-29),Winter,Discount on Selected Items,No,Midday,44.95
2023-10-28 16:08:08,Carrie Miller,"['Dish Soap', 'Slippers']",2,Cash,Johnsonchester,Young Adult (20-29),Summer,Discount on Selected Items,No,Afternoon,14.55
2023-10-28 16:21:25,Robert Burns,"['Pain Relievers', 'Crackers', 'Chocolate', 'Cinnamon', 'Canned Vegetables', 'Markers', 'Shampoo', 'Frozen Pizza Rolls', 'Bathrobe', 'Slippers']",10,Debit Card,Tanyachester,Adult (30-49),Winter,Unknown Promotion,No,Afternoon,102.2
2023-10-28 18:41:09,Melissa Moore,"['Lotion', 'Body Wash', 'Peanuts', 'Beach Towel', 'Frozen Bagels', 'T-Shirt']",6,Debit Card,South Aaron,Middle-aged (50-64),Fall,Discount on Selected Items,No,Afternoon,57.61
2023-10-28 18:56:08,Gina Cantrell,"['Lighter Fluid', 'Sports Bra', 'Purse', 'Yoga Mat', 'Chewing Gum', 'Mints', 'Crackers', 'Swim Cap']",8,Mobile Payment,East Michelleport,Middle-aged (50-64),Spring,Discount on Selected Items,No,Afternoon,77.1
2023-10-28 19:14:07,Ethan Rush,['Goggles'],1,Cash,South Tonyville,Middle-aged (50-64),Summer,Unknown Promotion,No,Evening,5.14
2023-10-29 04:58:11,Cassidy Haynes,"['Cotton Swabs', 'Weight Bench', 'Frozen Fish Sticks']",3,Mobile Payment,New David,Middle-aged (50-64),Winter,Discount on Selected Items,No,Morning,23.88
2023-10-29 08:11:26,Matthew Mcdonald,"['Frozen Bread', 'Exercise Ball', 'Ice Cream Sandwiches', 'Vinegar', 'Shower Curtain', 'Granola Bars', 'Suitcase', 'Sponges', 'Canned Tuna', 'Markers']",10,Mobile Payment,Mosesborough,Senior (65+),Spring,BOGO (Buy One Get One),Yes,Morning,102.2
2023-10-29 08:17:30,Kevin Gonzales,"['Chocolate', 'Allergy Medicine', 'Peanut Butter', 'Frozen Pie', 'Trash Bags', 'Sweater']",6,Cash,West Samanthaberg,Teenager (13-19),Winter,BOGO (Buy One Get One),No,Morning,57.61
2023-10-29 08:56:52,Whitney Mooney,"['Soy Sauce', 'Luggage', 'Butter', 'Soda', 'Post-it Notes', 'Cheese']",6,Credit Card,Matthewsbury,Senior (65+),Summer,Discount on Selected Items,Yes,Morning,56.07
2023-10-29 09:56:35,Amanda Griffin,"['Eggs', 'Workout Clothes']",2,Cash,Hamiltonberg,Middle-aged (50-64),Fall,Discount on Selected Items,No,Morning,14.55
2023-10-29 11:48:50,Brenda Fitzpatrick,"['Mouthwash', 'Sandals', 'Trail Mix', 'Tote Bag', 'Sports Bra', 'Toothbrush']",6,Credit Card,Hillport,Teenager (13-19),Fall,BOGO (Buy One Get One),No,Midday,57.61
2023-10-29 12:46:36,Ryan Hall,"['Raincoat', 'Napkins', 'Comb']",3,Cash,Baileyfort,Teenager (13-19),Fall,Discount on Selected Items,Yes,Midday,23.88
2023-10-29 13:33:16,Shannon Barry,"['Post-it Notes', 'Deodorant', 'Cold Medicine', 'Sugar', 'Instant Noodles', 'Suitcase', 'Bath Salts']",7,Mobile Payment,Woodton,Middle-aged (50-64),Fall,Discount on Selected Items,Yes,Midday,65.86
2023-10-29 14:07:54,Victor Richards,"['Coat', 'Bath Bombs', 'Garlic Powder', 'Cotton Swabs', 'Bikini']",5,Debit Card,Seanland,Adult (30-49),Summer,Discount on Selected Items,Yes,Midday,44.95
2023-10-29 16:54:52,Cassandra Smith,"['Ice Cream Cones', 'Capri Pants', 'Frozen Vegetables']",3,Mobile Payment,Sullivanberg,Adult (30-49),Fall,BOGO (Buy One Get One),Yes,Afternoon,23.88
2023-10-29 17:04:45,Timothy Martinez,"['Laundry Detergent', 'Tweezers', 'Workout Clothes']",3,Debit Card,New Lauren,Senior (65+),Winter,BOGO (Buy One Get One),No,Afternoon,23.88
2023-10-29 17:04:51,Michelle Miller,"['Lighter', 'Briefcase', 'Wallet', 'Hair Ties']",4,Cash,Ruthmouth,Young Adult (20-29),Winter,Discount on Selected Items,Yes,Afternoon,34.67
2023-10-29 17:57:37,Logan Pitts,"['Frozen Garlic Bread', 'Moving Boxes', 'Polo Shirt']",3,Credit Card,Olsenfort,Adult (30-49),Spring,Discount on Selected Items,Yes,Afternoon,23.88
2023-10-29 18:25:48,Kelly Campos,"['Deodorant', 'Calculator', 'Pasta']",3,Credit Card,Lake Teresaville,Young Adult (20-29),Winter,Unknown Promotion,No,Afternoon,23.88
2023-10-29 19:29:46,Lori Williams,"['T-Shirt', 'Packing Tape', 'Paper Plates', 'Instant Noodles']",4,Mobile Payment,New Nicholas,Adult (30-49),Winter,BOGO (Buy One Get One),Yes,Evening,34.67
2023-10-29 19:44:26,Kristina Herrera,"['Garlic Powder', 'Canned Vegetables', 'Cereal', 'Gym Bag', 'Scrubbers', 'Popcorn', 'Shower Cap']",7,Mobile Payment,Bartonside,Senior (65+),Fall,BOGO (Buy One Get One),Yes,Evening,65.86
2023-10-29 19:56:02,Kyle Atkins,"['Paprika', 'Lighter Fluid', 'Nail Clippers']",3,Credit Card,North Victoriaborough,Senior (65+),Fall,Unknown Promotion,No,Evening,23.88
2023-10-30 06:55:15,Felicia Rodgers,"['Ice Cream', 'Plastic Utensils', 'Crayons']",3,Debit Card,Clarkberg,Senior (65+),Summer,Discount on Selected Items,Yes,Morning,23.88
2023-10-30 08:36:23,Dennis Harmon,"['Gum', 'Glue', 'Peanuts']",3,Mobile Payment,Biancaborough,Young Adult (20-29),Fall,Discount on Selected Items,No,Morning,23.88
2023-10-30 11:39:56,Christine Rivera,"['Donuts', 'Canned Vegetables', 'Towels', 'Cheese', 'Tank Top']",5,Debit Card,Dominguezfort,Teenager (13-19),Spring,BOGO (Buy One Get One),No,Midday,44.95
2023-10-30 12:32:54,Brandon King,['Underwear'],1,Mobile Payment,Randymouth,Young Adult (20-29),Summer,Unknown Promotion,No,Midday,5.14
2023-10-30 14:05:16,Elizabeth Richards,"['Pickles', 'Gym Towel', 'Vegetable Oil', 'Frozen Garlic Bread']",4,Mobile Payment,West Sarah,Young Adult (20-29),Spring,Discount on Selected Items,Yes,Midday,34.67
2023-10-30 14:34:57,Don Diaz,"['Soda', 'Napkins', 'Frozen Burritos', 'Weight Bench']",4,Debit Card,Brianborough,Teenager (13-19),Winter,BOGO (Buy One Get One),No,Midday,34.67
2023-10-30 15:09:50,Christina Myers,"['Chocolate', 'Spaghetti']",2,Mobile Payment,Port Angela,Adult (30-49),Winter,Unknown Promotion,No,Midday,14.55
2023-10-30 15:53:58,Diane Lopez,"['Fabric Softener', 'Disinfectant Wipes', 'Syrup', 'Mints', 'Canned Soup', 'Exercise Ball', 'One-Piece Swimsuit', 'Bubble Bath']",8,Mobile Payment,East Alicia,Senior (65+),Summer,Discount on Selected Items,Yes,Midday,77.1
2023-10-30 18:34:46,Thomas Frank,"['Hat', 'Batteries', 'Sweatshirt', 'Baking Soda']",4,Debit Card,West John,Senior (65+),Spring,Discount on Selected Items,No,Afternoon,34.67
2023-10-30 23:04:18,Christopher King,"['Paprika', 'Donuts', 'Peanut Butter', 'Towels']",4,Mobile Payment,North Elizabethburgh,Adult (30-49),Spring,Unknown Promotion,Yes,Late Night,34.67
2023-10-30 23:24:38,Nicole Chambers,"['Shampoo', 'Scarf', 'Notebook Paper']",3,Cash,Freemanville,Adult (30-49),Fall,Unknown Promotion,No,Late Night,23.88
2023-10-31 08:47:16,Ryan Brown,"['Batteries', 'Sunscreen', 'Cotton Swabs', 'Jump Rope', 'Lighter Fluid', 'Paper Plates', 'Jacket', 'Packing Tape']",8,Mobile Payment,West William,Middle-aged (50-64),Winter,BOGO (Buy One Get One),No,Morning,77.1
2023-10-31 09:42:53,Martin Dominguez,"['Mac and Cheese', 'Bananas', 'Envelopes', 'Brownies']",4,Cash,Kellystad,Young Adult (20-29),Winter,Discount on Selected Items,Yes,Morning,34.67
2023-10-31 10:18:10,Tanner Sims,"['Ice Cream Sandwiches', 'Bikini', 'Ice Cream Tubs', 'Barbecue Sauce', 'Briefcase', 'Olives', 'Bubble Bath', 'Suitcase', 'Baking Soda']",9,Credit Card,Elizabethview,Adult (30-49),Fall,Unknown Promotion,No,Midday,90.0
2023-10-31 10:33:17,Nicholas Willis,"['Matches', 'Wallet']",2,Mobile Payment,South Briannahaven,Adult (30-49),Spring,Unknown Promotion,Yes,Midday,14.55
2023-10-31 12:33:39,Benjamin Bennett,"['Paper Towels', 'Bathrobe', 'Packing Tape', 'Carry-on Bag', 'Umbrella']",5,Cash,Lake Jacobberg,Young Adult (20-29),Winter,Unknown Promotion,Yes,Midday,44.95
2023-10-31 15:01:51,Jesse Chavez,"['Sports Bra', 'Yoga Pants']",2,Mobile Payment,Meganstad,Young Adult (20-29),Fall,Discount on Selected Items,No,Midday,14.55
2023-10-31 15:04:33,Hector Martin,"['Sandals', 'Lip Balm']",2,Mobile Payment,Bradshire,Adult (30-49),Spring,Unknown Promotion,Yes,Midday,14.55
2023-10-31 15:16:03,Ronnie Henry,"['Sports Bra', 'Spaghetti', 'Sunscreen']",3,Credit Card,Lake Donaldside,Adult (30-49),Summer,Unknown Promotion,No,Midday,23.88
2023-10-31 15:25:54,Jacob Craig,"['Sunglasses', 'Bobby Pins', 'Briefcase', 'Bananas']",4,Mobile Payment,Pughton,Adult (30-49),Fall,BOGO (Buy One Get One),No,Midday,34.67
2023-10-31 19:56:07,Jenny Mccoy,"['Shaving Cream', 'Sugar', 'Notebooks', 'Blouse', 'Shoes', 'Sorbets', 'Pepper']",7,Cash,Robinsonborough,Adult (30-49),Summer,BOGO (Buy One Get One),Yes,Evening,65.86
2023-11-01 06:48:38,Brian Murphy,['Protein Powder'],1,Credit Card,East Francisco,Young Adult (20-29),Fall,Unknown Promotion,No,Morning,5.14
2023-11-01 08:28:22,Anthony Bryant,"['Paper Cups', 'Crackers', 'Tape', 'Cookies']",4,Cash,Amybury,Adult (30-49),Fall,Discount on Selected Items,No,Morning,34.67
2023-11-01 09:39:56,Richard Barnett,"['Paper Plates', 'Pain Relievers', 'Instant Noodles']",3,Debit Card,South Edward,Teenager (13-19),Spring,BOGO (Buy One Get One),Yes,Morning,23.88
2023-11-01 10:29:10,Samuel Norman,"['Boots', 'Markers', 'Instant Noodles', 'Ramen']",4,Mobile Payment,Davisburgh,Senior (65+),Spring,Discount on Selected Items,No,Midday,34.67
2023-11-01 11:29:42,Christopher Walker,"['Candles', 'Polo Shirt', 'Jeans']",3,Mobile Payment,Adamsberg,Middle-aged (50-64),Winter,Unknown Promotion,Yes,Midday,23.88
2023-11-01 12:59:04,Melissa Whitehead,['Floss'],1,Credit Card,North Ianfort,Middle-aged (50-64),Winter,Unknown Promotion,Yes,Midday,5.14
2023-11-01 14:27:43,Mr. David Baker,"['Washcloths', 'Canned Soup']",2,Cash,Patriciaport,Young Adult (20-29),Fall,Unknown Promotion,No,Midday,14.55
2023-11-01 15:01:53,Martin Freeman,"['Sunscreen', 'Ketchup', 'Kettlebells']",3,Debit Card,Sarashire,Adult (30-49),Summer,Unknown Promotion,Yes,Midday,23.88
2023-11-01 15:31:02,Tami Atkinson,"['Post-it Notes', 'Bread']",2,Credit Card,Hartfort,Adult (30-49),Winter,Unknown Promotion,No,Midday,14.55
2023-11-01 15:33:09,Emily Mcdaniel,"['Underwear', 'Pretzels']",2,Credit Card,Murrayfurt,Adult (30-49),Winter,Unknown Promotion,Yes,Midday,14.55
2023-11-01 16:26:45,Samuel Sanchez,"['Body Wash', 'Envelopes', 'Tote Bag', 'Construction Paper', 'Heels']",5,Credit Card,Marybury,Senior (65+),Summer,BOGO (Buy One Get One),No,Afternoon,44.95
2023-11-01 16:30:22,Rebecca Long,"['Lollipops', 'Suitcase', 'Briefcase', 'Razors', 'Milk']",5,Mobile Payment,Robertsonview,Middle-aged (50-64),Spring,Unknown Promotion,Yes,Afternoon,44.95
2023-11-01 17:13:00,Roberta Garcia,"['Frozen Garlic Bread', 'Stain Remover']",2,Debit Card,Cohenview,Young Adult (20-29),Summer,BOGO (Buy One Get One),Yes,Afternoon,14.55
2023-11-02 08:00:44,Adam Jones,"['Soy Sauce', 'Eggs', 'Hangers', 'Ice Cream', 'Band-Aids', 'Packing Tape', 'Umbrella', 'Slippers']",8,Cash,Lewisside,Young Adult (20-29),Spring,BOGO (Buy One Get One),Yes,Morning,77.1
2023-11-02 09:40:21,Beverly Robinson,"['Granola Bars', 'Umbrella', 'Baking Soda', 'Frozen Meatballs']",4,Credit Card,Hardingview,Middle-aged (50-64),Spring,Unknown Promotion,No,Morning,34.67
2023-11-02 09:44:47,Tyrone Whitaker,"['Dish Soap', 'Cough Drops', 'Workout Clothes', 'Tomatoes']",4,Cash,East Brittanyport,Adult (30-49),Summer,Discount on Selected Items,Yes,Morning,34.67
2023-11-02 10:08:09,Michelle Martin,"['Dumbbells', 'Soap', 'Chicken']",3,Credit Card,Stevensonborough,Adult (30-49),Spring,BOGO (Buy One Get One),Yes,Midday,23.88
2023-11-02 10:17:48,Charles Bolton,"['Dumbbells', 'Briefcase', 'Allergy Medicine']",3,Credit Card,Lake Rickey,Adult (30-49),Spring,BOGO (Buy One Get One),Yes,Midday,23.88
2023-11-02 10:51:44,Jessica Richmond,"['Body Wash', 'Shower Curtain', 'Frozen Pizza', 'Foam Roller', 'Canola Oil', 'Razors', 'Carry-on Bag', 'Duct Tape', 'Nail Polish Remover', 'Sugar', 'Toilet Paper']",11,Debit Card,South Amber,Young Adult (20-29),Summer,BOGO (Buy One Get One),No,Midday,115.89
2023-11-02 20:34:38,Michelle Ritter,"['Canned Vegetables', 'Dress', 'Dish Soap', 'Olive Oil', 'Gym Towel', 'Rug', 'Laptop Bag', 'Chili Powder', 'Deodorant', 'Stain Remover']",10,Debit Card,Gonzalezport,Senior (65+),Winter,BOGO (Buy One Get One),Yes,Evening,102.2
2023-11-03 01:50:39,Trevor Frost,"['Bath Salts', 'Suitcase']",2,Credit Card,South Meghanview,Young Adult (20-29),Spring,BOGO (Buy One Get One),Yes,Early Morning,14.55
2023-11-03 02:02:07,Antonio Lewis,"['Protein Bars', 'Oats', 'Chicken', 'Skirt', 'Toothbrush', 'Shower Shoes', 'Soda']",7,Credit Card,Rebeccamouth,Teenager (13-19),Fall,BOGO (Buy One Get One),Yes,Early Morning,65.86
2023-11-03 06:16:38,Sherri Haynes,"['Super Glue', 'Oats', 'Cotton Swabs', 'Notebooks', 'Frozen Pancakes']",5,Credit Card,North Brianland,Young Adult (20-29),Summer,Discount on Selected Items,No,Morning,44.95
2023-11-03 06:27:33,Nicole Mckenzie,"['Bananas', 'Hat', 'Frozen Bagels']",3,Credit Card,New Paula,Young Adult (20-29),Fall,BOGO (Buy One Get One),No,Morning,23.88
2023-11-03 08:38:46,Adam West,"['Frozen Pancakes', 'Slippers', 'Scrubbers', 'Sandals']",4,Credit Card,West Nicholas,Young Adult (20-29),Winter,Discount on Selected Items,Yes,Morning,34.67
2023-11-03 10:06:00,Samantha Elliott,"['Dish Soap', 'Bubble Bath', 'Crackers', 'Lip Balm', 'Flour']",5,Cash,Charlesview,Middle-aged (50-64),Summer,Discount on Selected Items,Yes,Midday,44.95
2023-11-03 10:52:21,Dawn Frederick,"['Dumbbells', 'Frozen Cake', 'Air Freshener', 'Backpack', 'Sunglasses']",5,Mobile Payment,New Bruceburgh,Young Adult (20-29),Summer,Discount on Selected Items,No,Midday,44.95
2023-11-03 11:26:21,Stacy Williams,"['Cotton Balls', 'Floss']",2,Mobile Payment,East Debra,Young Adult (20-29),Spring,Unknown Promotion,Yes,Midday,14.55
2023-11-03 11:41:45,Michael King,"['Pepper', 'Moving Boxes', 'First Aid Kit', 'Cough Syrup', 'Elliptical', 'Heels']",6,Mobile Payment,East Robert,Middle-aged (50-64),Winter,Unknown Promotion,Yes,Midday,56.07
2023-11-03 13:15:07,Kristin Sweeney,"['Belt', 'Stamps', 'Cinnamon', 'Water']",4,Debit Card,Watsonbury,Senior (65+),Summer,Unknown Promotion,No,Midday,34.67
2023-11-03 13:19:23,Robert Foster,"['Candles', 'Raisins', 'Water']",3,Credit Card,New Jacquelinemouth,Senior (65+),Spring,BOGO (Buy One Get One),Yes,Midday,23.88
2023-11-03 14:48:49,Kevin Garrett,"['Mac and Cheese', 'Sponges', 'Canned Vegetables', 'Ice Cream Cones', 'Mustard', 'Frozen Fish Sticks', 'Butter', 'Protein Shakes']",8,Mobile Payment,North Jamie,Adult (30-49),Spring,Discount on Selected Items,Yes,Midday,77.1
2023-11-03 15:10:58,Lisa Miller,"['Blouse', 'Bobby Pins', 'Matches', 'Frozen Fruit', 'Razors', 'Mayonnaise', 'Canola Oil', 'Baking Powder']",8,Mobile Payment,North Sarah,Adult (30-49),Spring,Discount on Selected Items,Yes,Midday,77.1
2023-11-03 16:59:49,Lori Martinez,"['Disinfectant Wipes', 'Juice', 'Plastic Utensils', 'Batteries', 'Exercise Ball', 'Mustard']",6,Cash,Johnsonfurt,Young Adult (20-29),Fall,BOGO (Buy One Get One),Yes,Afternoon,56.07
2023-11-03 18:43:01,Hunter Watkins,"['Shelving', 'Picture Frames', 'Olive Oil', 'Juice', 'Frozen Chicken Nuggets']",5,Credit Card,North Andrewton,Adult (30-49),Winter,BOGO (Buy One Get One),Yes,Afternoon,44.95
2023-11-03 21:08:57,Michelle May,"['Ice Cream Bars', 'Boots']",2,Mobile Payment,West Jademouth,Middle-aged (50-64),Spring,Discount on Selected Items,Yes,Evening,14.55
2023-11-04 09:05:11,Matthew Peterson,"['Kettlebells', 'Fabric Softener', 'Index Cards', 'Luggage']",4,Cash,East Davidland,Adult (30-49),Summer,BOGO (Buy One Get One),Yes,Morning,34.67
2023-11-04 09:32:04,Michelle Joyce,['Tweezers'],1,Cash,New Sheila,Adult (30-49),Summer,BOGO (Buy One Get One),No,Morning,5.14
2023-11-04 10:18:46,Michael Burns,"['Protein Powder', 'Plastic Wrap', 'Frozen Fruit', 'Multi-Surface Cleaner']",4,Mobile Payment,New Tony,Adult (30-49),Winter,Unknown Promotion,Yes,Midday,34.67
2023-11-04 10:36:57,Brian Morrow,"['Candles', 'Shampoo']",2,Debit Card,Beardland,Young Adult (20-29),Winter,Unknown Promotion,No,Midday,14.55
2023-11-04 12:12:01,Darren Haas,['Shower Cap'],1,Credit Card,Lorishire,Adult (30-49),Spring,BOGO (Buy One Get One),No,Midday,5.14
2023-11-04 14:27:39,Mr. Brad Smith,"['Sandals', 'Body Wash', 'Tote Bag', 'Canned Tuna']",4,Cash,New Julie,Middle-aged (50-64),Spring,Unknown Promotion,No,Midday,34.67
2023-11-04 16:18:46,Christopher Ramirez,"['Oranges', 'Bubble Wrap', 'Raisins', 'Swim Trunks', 'Jam', 'Purse', 'Onion Powder', 'Baking Powder', 'Shorts', 'Frozen Chicken Nuggets']",10,Cash,Port Beth,Young Adult (20-29),Fall,BOGO (Buy One Get One),No,Afternoon,102.2
2023-11-04 17:46:43,Stephen Clark,"['Wine', 'Raincoat', 'Juice', 'Thermometer', 'Spaghetti', 'Onion Powder', 'Glue', 'Peanuts', 'Washcloths', 'Plastic Utensils', 'Toilet Paper']",11,Mobile Payment,Brendaborough,Young Adult (20-29),Summer,Unknown Promotion,Yes,Afternoon,113.03
2023-11-04 18:22:53,Timothy Molina,"['Plastic Cups', 'Bra', 'Sandals', 'Binders', 'Nail Polish']",5,Cash,New Connieville,Adult (30-49),Fall,Discount on Selected Items,Yes,Afternoon,44.95
2023-11-04 19:07:00,Melinda Henry,"['Swim Trunks', 'Laundry Detergent', 'Plastic Cups', 'Cinnamon', 'Sandals', 'Baking Powder']",6,Mobile Payment,Sharonfurt,Teenager (13-19),Summer,BOGO (Buy One Get One),No,Evening,57.61
2023-11-04 19:59:04,Mark Morgan,"['Tank Top', 'Protein Shakes']",2,Debit Card,Michaelborough,Adult (30-49),Fall,Discount on Selected Items,No,Evening,14.55
2023-11-05 08:18:10,Randall Conway,"['Donuts', 'Paper Cups']",2,Cash,Simmonsshire,Young Adult (20-29),Winter,Discount on Selected Items,No,Morning,14.55
2023-11-05 10:34:23,Christina Schmidt,"['Bagels', 'Lighter']",2,Cash,Markfurt,Adult (30-49),Spring,BOGO (Buy One Get One),No,Midday,14.55
2023-11-05 10:58:11,Annette Price,"['Water', 'Bubble Wrap']",2,Credit Card,Richardchester,Adult (30-49),Spring,BOGO (Buy One Get One),Yes,Midday,14.55
2023-11-05 13:25:48,David Meyer,"['Briefcase', 'Pain Relievers', 'Wallet', 'Mustard']",4,Credit Card,South Jenniferberg,Adult (30-49),Spring,BOGO (Buy One Get One),Yes,Midday,34.67
2023-11-05 14:50:50,Sarah Garrison,"['Frozen Cake', 'Resistance Bands', 'Brownies', 'Frozen Fruit', 'Laptop Bag', 'Canned Vegetables', 'Pajamas', 'Bath Bombs']",8,Credit Card,East Apriltown,Adult (30-49),Summer,Unknown Promotion,No,Midday,77.1
2023-11-05 16:14:52,Sean Moore,"['Frozen Fruit', 'Frozen Pie', 'Peanuts', 'Eggs', 'Multi-Surface Cleaner', 'Razors']",6,Credit Card,Davidmouth,Middle-aged (50-64),Winter,BOGO (Buy One Get One),No,Afternoon,57.61
2023-11-05 17:00:17,Cathy Castro,"['Slippers', 'Glue', 'Frozen Meatballs', 'Juice']",4,Cash,South Jeremyfort,Young Adult (20-29),Winter,Discount on Selected Items,No,Afternoon,34.67
2023-11-05 18:12:50,Monica Cabrera,"['Tote Bag', 'Canned Fruit', 'Kettlebells', 'Headbands', 'Frozen Bread', 'Ketchup', 'Air Freshener', 'Ice Cream', 'Shampoo']",9,Mobile Payment,East Marissafurt,Adult (30-49),Fall,BOGO (Buy One Get One),No,Afternoon,90.0
2023-11-05 18:30:20,Amber Michael,"['Lip Balm', 'Duffel Bag', 'Light Bulbs', 'Frozen Burritos', 'Lemonade', 'Fabric Softener', 'Lighter', 'Sandals', 'Skirt', 'Underwear']",10,Cash,Port Richard,Young Adult (20-29),Winter,Discount on Selected Items,Yes,Afternoon,102.2
2023-11-05 19:23:32,Mrs. Felicia Weaver,"['Sweatshirt', 'Wallet', 'Charcoal']",3,Mobile Payment,East Carlos,Adult (30-49),Winter,Discount on Selected Items,Yes,Evening,23.88
2023-11-05 21:36:12,Steven White,"['Frozen Garlic Bread', 'Bathrobe', 'Bobby Pins', 'Purse', 'Frozen Cookies']",5,Debit Card,Hartton,Senior (65+),Summer,Discount on Selected Items,Yes,Evening,44.95
2023-11-05 21:43:17,Dylan Rogers,"['Tank Top', 'Protein Powder', 'Gelato', 'Brownies', 'Batteries']",5,Debit Card,Randallburgh,Young Adult (20-29),Fall,BOGO (Buy One Get One),Yes,Evening,44.95
2023-11-05 23:30:47,David Jackson,"['Notebooks', 'Paper Plates']",2,Cash,Franktown,Adult (30-49),Winter,Discount on Selected Items,Yes,Late Night,14.55
2023-11-06 08:36:48,Michael Fernandez,"['Tote Bag', 'Sunscreen', 'Body Wash', 'Post-it Notes', 'Construction Paper', 'Ear Muffs', 'Raincoat', 'Bathrobe', 'Lighter', 'Air Freshener', 'Pull-up Bar']",11,Credit Card,Port Jonathonland,Teenager (13-19),Spring,Unknown Promotion,Yes,Morning,113.03
2023-11-06 09:17:32,Timothy Leblanc,"['Frozen Fries', 'Notebook Paper', 'Granola Bars', 'Sunscreen', 'Hangers']",5,Cash,Port Susanfort,Teenager (13-19),Winter,Unknown Promotion,No,Morning,44.95
2023-11-06 09:36:20,Sarah Watson,"['Paper Cups', 'Backpack', 'Briefcase']",3,Credit Card,Lake Jenna,Young Adult (20-29),Winter,BOGO (Buy One Get One),No,Morning,23.88
2023-11-06 10:53:48,Melissa Miller,"['Duct Tape', 'Underwear', 'Cough Drops', 'Vinegar', 'Backpack']",5,Cash,Cohenmouth,Young Adult (20-29),Summer,Unknown Promotion,No,Midday,44.95
2023-11-06 11:01:12,Brian Gonzalez,"['Bubble Bath', 'Exercise Bike', 'Resistance Bands', 'Olives', 'Toothpaste', 'Toilet Bowl Cleaner']",6,Cash,Ryanmouth,Adult (30-49),Spring,BOGO (Buy One Get One),Yes,Midday,56.07
2023-11-06 11:05:44,Shannon Chapman,"['Paprika', 'Messenger Bag', 'Frozen Fruit', 'Bikini', 'Notebook Paper', 'Pretzels', 'Frozen Cake', 'Bath Salts', 'Candy Bars', 'Suitcase']",10,Debit Card,East April,Teenager (13-19),Summer,Discount on Selected Items,No,Midday,102.2
2023-11-06 11:13:05,Luis Villa,"['Scrubbers', 'Shelving', 'Razors', 'Hoodie', 'Markers', 'Mac and Cheese']",6,Cash,New Robert,Senior (65+),Fall,Unknown Promotion,Yes,Midday,56.07
2023-11-06 11:13:58,Denise Moss,"['Dress', 'Shower Cap']",2,Debit Card,East Deborah,Middle-aged (50-64),Summer,BOGO (Buy One Get One),Yes,Midday,14.55
2023-11-06 11:15:39,Tara Taylor,"['Milk', 'Paprika', 'Frozen Pizza', 'Sunscreen']",4,Mobile Payment,East Ashley,Adult (30-49),Summer,Discount on Selected Items,No,Midday,34.67
2023-11-06 12:28:28,Evan Craig,"['Crayons', 'Cough Drops']",2,Cash,Lake Phyllis,Young Adult (20-29),Fall,Unknown Promotion,No,Midday,14.55
2023-11-06 12:48:00,Hector Cox,"['Lighter', 'Frozen Fruit', 'Sandals']",3,Credit Card,North Nancyhaven,Adult (30-49),Spring,Unknown Promotion,No,Midday,23.88
2023-11-06 13:13:51,Christina Hernandez,"['Ziploc Bags', 'Scarf']",2,Mobile Payment,Torresside,Senior (65+),Winter,Discount on Selected Items,Yes,Midday,14.55
2023-11-06 13:13:59,Sean Hale,"['Sports Drinks', 'Beer', 'Folders', 'Floss', 'Packing Tape', 'Cotton Swabs', 'Frozen Vegetables', 'Laundry Basket']",8,Credit Card,Denisebury,Teenager (13-19),Winter,Unknown Promotion,Yes,Midday,77.1
2023-11-06 13:40:05,Katelyn Walker,"['Pepper', 'Chocolate', 'Air Freshener']",3,Debit Card,Butlerburgh,Young Adult (20-29),Fall,Discount on Selected Items,Yes,Midday,23.88
2023-11-06 16:17:10,James Clark,"['Instant Noodles', 'Polo Shirt', 'Laptop Bag', 'Resistance Bands', 'Yoga Mat']",5,Cash,South Sarahstad,Adult (30-49),Summer,Unknown Promotion,Yes,Afternoon,44.95
2023-11-06 18:28:57,Karen Hale,"['Canned Soup', 'Granola Bars', 'Bathrobe', 'Envelopes']",4,Debit Card,East Coltonton,Adult (30-49),Winter,Unknown Promotion,Yes,Afternoon,34.67
2023-11-06 21:53:15,Renee Williams,"['Underwear', 'Sweatshirt', 'Glue', 'Energy Drinks', 'Shaving Cream', 'Chili Powder', 'Cinnamon']",7,Debit Card,North Dean,Middle-aged (50-64),Winter,BOGO (Buy One Get One),Yes,Evening,65.86
2023-11-07 00:06:48,James Brown,"['Protein Shakes', 'Frozen Garlic Bread', 'Hand Sanitizer', 'Cotton Swabs']",4,Debit Card,West Ericaville,Adult (30-49),Summer,Discount on Selected Items,No,Early Morning,34.67
2023-11-07 08:15:25,Amy Gray,"['First Aid Kit', 'Bubble Wrap', 'Yogurt']",3,Credit Card,Johnsontown,Adult (30-49),Winter,BOGO (Buy One Get One),No,Morning,23.88
2023-11-07 10:00:40,Justin Farley,"['Sweatshirt', 'Hair Ties', 'Canola Oil', 'Trail Mix', 'Coat', 'Razors', 'Pasta Sauce', 'Coffee', 'Energy Drinks', 'Flip Flops']",10,Debit Card,Holmesstad,Young Adult (20-29),Winter,Discount on Selected Items,Yes,Midday,102.2
2023-11-07 11:15:13,Crystal Hall,"['Bread', 'Popcorn', 'Conditioner', 'Comb', 'Coffee']",5,Credit Card,Ginabury,Adult (30-49),Summer,BOGO (Buy One Get One),Yes,Midday,44.95
2023-11-07 11:29:57,Briana Werner,"['Butter', 'Napkins', 'Cough Syrup']",3,Mobile Payment,South Charles,Senior (65+),Spring,Unknown Promotion,No,Midday,23.88
2023-11-07 13:22:08,Linda Stevens,"['Photo Albums', 'Mac and Cheese', 'Glass Cleaner', 'Washcloths']",4,Credit Card,Obrienburgh,Senior (65+),Summer,Unknown Promotion,No,Midday,34.67
2023-11-07 13:30:53,Mary Hall,"['Bath Bombs', 'Foam Roller']",2,Cash,Bradyville,Middle-aged (50-64),Fall,Discount on Selected Items,Yes,Midday,14.55
2023-11-07 14:37:03,Roberta Rios,"['Leggings', 'Duct Tape', 'Tomatoes', 'Vinegar', 'Exercise Ball']",5,Mobile Payment,Robertstad,Adult (30-49),Winter,Discount on Selected Items,Yes,Midday,44.95
2023-11-07 15:29:40,Jennifer Boyer,"['Paper Towels', 'Flats', 'Chicken']",3,Credit Card,Kristinport,Middle-aged (50-64),Fall,Discount on Selected Items,Yes,Midday,23.88
2023-11-07 17:00:00,Helen Russell,"['Bubble Wrap', 'Beer', 'Butter', 'Ruler']",4,Cash,Sullivanbury,Adult (30-49),Spring,BOGO (Buy One Get One),No,Afternoon,34.67
2023-11-07 17:35:24,Rachel Lee,"['Dryer Sheets', 'Paper Cups', 'Goggles', 'Gym Towel', 'Chili Powder', 'Duffel Bag', 'Laundry Detergent', 'Batteries', 'Passport Holder']",9,Mobile Payment,West Jon,Adult (30-49),Winter,BOGO (Buy One Get One),Yes,Afternoon,90.0
2023-11-07 17:59:43,Larry Hoffman,"['T-Shirt', 'Oats']",2,Credit Card,Lake Margaret,Middle-aged (50-64),Summer,Discount on Selected Items,Yes,Afternoon,14.55
2023-11-07 18:51:42,Mary Thompson,"['Dryer Sheets', 'Frozen Cake', 'Razors', 'Gloves', 'Gelato']",5,Debit Card,Youngshire,Young Adult (20-29),Fall,BOGO (Buy One Get One),Yes,Afternoon,44.95
2023-11-07 19:57:12,Allen Hill,"['Eggs', 'Spaghetti']",2,Debit Card,West Jacqueline,Senior (65+),Spring,Unknown Promotion,Yes,Evening,14.55
2023-11-07 21:05:55,Joseph Hall,"['Trail Mix', 'Orange Juice']",2,Cash,Lake Rebecca,Young Adult (20-29),Fall,BOGO (Buy One Get One),Yes,Evening,14.55
2023-11-08 04:22:32,Tina Cuevas,"['Toothpaste', 'Bobby Pins', 'Jump Rope', 'Belt', 'Onion Powder', 'Yoga Pants', 'Hoodie', 'Messenger Bag']",8,Credit Card,North Gwendolyn,Senior (65+),Fall,BOGO (Buy One Get One),Yes,Morning,77.1
2023-11-08 09:23:07,David Cooper,"['Conditioner', 'Jelly']",2,Cash,Deborahborough,Adult (30-49),Summer,BOGO (Buy One Get One),No,Morning,14.55
2023-11-08 10:03:22,Kevin Mahoney,"['Yoga Pants', 'T-Shirt']",2,Cash,West Mikayla,Young Adult (20-29),Spring,BOGO (Buy One Get One),No,Midday,14.55
2023-11-08 11:05:08,Amber Rangel,"['Hangers', 'Storage Bins', 'Heels', 'Socks']",4,Cash,Port Jerry,Adult (30-49),Winter,Discount on Selected Items,No,Midday,34.67
2023-11-08 12:20:51,Cindy Martin,"['Deodorant', 'Dried Cranberries', 'Band-Aids', 'Frozen Fish Sticks']",4,Debit Card,Robinsonfurt,Senior (65+),Summer,Discount on Selected Items,No,Midday,34.67
2023-11-08 13:50:23,Johnathan Smith,"['Tomatoes', 'One-Piece Swimsuit', 'Gloves', 'Pencils', 'Chicken']",5,Mobile Payment,Port William,Adult (30-49),Fall,BOGO (Buy One Get One),No,Midday,44.95
2023-11-08 14:57:55,Terry Scott,"['Bath Salts', 'Cold Medicine', 'Light Bulbs', 'Ice Cream Bars', 'Donuts', 'Batteries']",6,Credit Card,Lake Carolyn,Middle-aged (50-64),Summer,BOGO (Buy One Get One),Yes,Midday,56.07
2023-11-08 15:14:12,Shelby Mullins,"['Cereal', 'Mac and Cheese', 'Peanuts', 'Frozen Pancakes', 'Flip Flops', 'Lotion', 'Candles', 'Mustard', 'Bug Spray']",9,Cash,North Kenneth,Young Adult (20-29),Spring,Unknown Promotion,Yes,Midday,90.0
2023-11-08 16:30:19,Betty Wells,"['Pickles', 'Treadmill', 'Floss', 'Dumbbells']",4,Cash,West George,Adult (30-49),Summer,BOGO (Buy One Get One),No,Afternoon,34.67
2023-11-08 17:22:27,Catherine Clark,"['Ear Muffs', 'Kettlebells', 'Cream Cheese']",3,Debit Card,Jonesland,Middle-aged (50-64),Summer,Unknown Promotion,No,Afternoon,23.88
2023-11-08 17:40:24,Stephanie Brown,"['Syrup', 'Ice Cream', 'Frozen Pie']",3,Debit Card,Gonzalezport,Middle-aged (50-64),Spring,BOGO (Buy One Get One),Yes,Afternoon,23.88
2023-11-08 18:58:34,Jaime Wilcox,"['Light Bulbs', 'Packing Tape', 'Bathrobe', 'Frozen Fruit']",4,Credit Card,North Mariamouth,Adult (30-49),Fall,Unknown Promotion,No,Afternoon,34.67
2023-11-08 23:13:26,Kathryn Moreno,['Disinfectant Wipes'],1,Mobile Payment,East Jennifershire,Adult (30-49),Spring,BOGO (Buy One Get One),No,Late Night,5.14
2023-11-09 08:12:51,Stephen Harmon,"['Ice Cream Sandwiches', 'Bathrobe', 'Crackers', 'Dried Cranberries', 'Super Glue', 'Plastic Wrap', 'Toothbrush']",7,Mobile Payment,North Molly,Senior (65+),Spring,Unknown Promotion,No,Morning,65.86
2023-11-09 09:58:21,Dale Johnson,"['Swim Trunks', 'Candy Bars', 'Bagels', 'Donuts', 'First Aid Kit', 'Canola Oil', 'Conditioner']",7,Mobile Payment,West Daniel,Adult (30-49),Summer,Unknown Promotion,Yes,Morning,65.86
2023-11-09 12:43:06,Patricia Brown,"['Baking Powder', 'Mustard']",2,Debit Card,New Sharon,Middle-aged (50-64),Winter,Discount on Selected Items,No,Midday,14.55
2023-11-09 16:40:59,Jaime Grimes,['Onion Powder'],1,Cash,Fordbury,Teenager (13-19),Spring,BOGO (Buy One Get One),No,Afternoon,5.14
2023-11-09 16:53:17,Craig Chang,"['Matches', 'Luggage', 'Toilet Bowl Cleaner', 'Chewing Gum', 'Goggles']",5,Cash,South Scott,Adult (30-49),Summer,Unknown Promotion,No,Afternoon,44.95
2023-11-09 17:21:25,Curtis Schneider,"['Energy Drinks', 'Facial Tissue', 'Nail Clippers', 'Bread', 'Bathrobe', 'Sponges', 'Soap']",7,Credit Card,West Jenniferberg,Adult (30-49),Winter,BOGO (Buy One Get One),No,Afternoon,65.86
2023-11-09 17:53:39,Margaret Ellis,"['Jelly', 'Scrubbers', 'Allergy Medicine', 'Ice Cream Bars', 'Shelving', 'Frozen Bagels', 'Batteries', 'Envelopes', 'Glass Cleaner']",9,Credit Card,Rileyport,Adult (30-49),Summer,BOGO (Buy One Get One),No,Afternoon,90.0
2023-11-09 19:29:34,Jennifer Woodard,"['Air Freshener', 'Super Glue', 'Comb']",3,Mobile Payment,New Connie,Middle-aged (50-64),Winter,BOGO (Buy One Get One),No,Evening,23.88
2023-11-09 20:00:30,Mr. Benjamin Welch,"['Jump Rope', 'Popcorn', 'Candles', 'One-Piece Swimsuit', 'Trail Mix']",5,Mobile Payment,Port Chadmouth,Teenager (13-19),Spring,BOGO (Buy One Get One),No,Evening,44.95
2023-11-09 23:22:32,Troy Morales,"['Jeans', 'Pencils', 'Canned Fruit', 'Shower Shoes', 'Garlic Powder', 'Nail Clippers']",6,Mobile Payment,New Anthony,Adult (30-49),Summer,Unknown Promotion,No,Late Night,57.61
2023-11-10 00:46:31,Jeffrey Carpenter,"['Cucumber', 'Folders']",2,Credit Card,South Heather,Young Adult (20-29),Winter,BOGO (Buy One Get One),No,Early Morning,14.55
2023-11-10 10:19:09,Alyssa Marshall,['Sneakers'],1,Credit Card,Jenningsfurt,Teenager (13-19),Spring,Discount on Selected Items,No,Midday,5.14
2023-11-10 12:58:45,Sean Decker,"['Slippers', 'Juice', 'Moving Boxes', 'Skirt', 'Tomatoes', 'Frozen Cake', 'Hairbrush']",7,Debit Card,New Paul,Young Adult (20-29),Spring,BOGO (Buy One Get One),No,Midday,65.86
2023-11-10 14:11:22,Matthew Peterson,"['Shampoo', 'Ice Cream Cones', 'Coffee', 'Canola Oil', 'Soy Sauce']",5,Cash,East Williammouth,Young Adult (20-29),Winter,BOGO (Buy One Get One),No,Midday,44.95
2023-11-10 14:17:10,Robert Andrews,"['Lip Balm', 'Detergent', 'Bath Bombs', 'Jump Rope', 'Hoodie', 'Frozen Bagels']",6,Cash,Amystad,Middle-aged (50-64),Winter,Discount on Selected Items,Yes,Midday,56.07
2023-11-10 16:17:47,Megan Santiago,"['Muffins', 'Raincoat', 'Matches', 'Post-it Notes', 'Salt', 'Sneakers', 'Tea', 'Hoodie', 'Flip Flops', 'Eggs', 'Foam Roller']",11,Cash,Garcialand,Young Adult (20-29),Fall,Unknown Promotion,No,Afternoon,115.89
2023-11-10 16:57:45,Leslie Davies,"['Popsicles', 'Snack Cakes']",2,Mobile Payment,West Ronald,Teenager (13-19),Fall,Unknown Promotion,No,Afternoon,14.55
2023-11-10 17:14:41,Laura Gates,"['Backpack', 'Toilet Paper']",2,Debit Card,Teresatown,Adult (30-49),Fall,Discount on Selected Items,No,Afternoon,14.55
2023-11-10 17:42:54,Jorge Rogers,"['Pepper', 'Bath Salts', 'Oats', 'Frozen Fries', 'Protein Bars']",5,Cash,North Sandy,Adult (30-49),Spring,Unknown Promotion,No,Afternoon,44.95
2023-11-10 21:15:55,Jerry Bell,"['Plastic Wrap', 'Ice Cream Tubs', 'Body Wash']",3,Credit Card,Brandonborough,Senior (65+),Fall,Unknown Promotion,Yes,Evening,23.88
2023-11-11 11:19:13,Michelle Brown,"['Frozen Cake', 'Jacket', 'Gym Towel', 'Sneakers', 'Dryer Sheets', 'Frozen Cookies', 'Soap']",7,Debit Card,West Alyssa,Teenager (13-19),Winter,Discount on Selected Items,Yes,Midday,65.86
2023-11-11 12:56:49,Kelsey Schmitt,['Band-Aids'],1,Mobile Payment,South Dennisstad,Teenager (13-19),Summer,Unknown Promotion,Yes,Midday,5.14
2023-11-11 13:36:08,Michelle Middleton,"['Frozen Chicken Nuggets', 'Ice Cream Bars', 'Rug', 'Treadmill', 'Hat']",5,Credit Card,Lake Ryan,Young Adult (20-29),Fall,BOGO (Buy One Get One),No,Midday,44.95
2023-11-11 14:17:04,Danielle Long,"['Moving Boxes', 'Soda', 'Ear Muffs', 'Soy Sauce', 'Scissors']",5,Debit Card,Port Ryan,Teenager (13-19),Winter,BOGO (Buy One Get One),No,Midday,44.95
2023-11-11 15:05:16,Jose Rose,"['Frozen Bread', 'Muffins', 'Ziploc Bags', 'Soap', 'Trail Mix', 'Sponges', 'Plastic Utensils', 'Colored Pencils', 'Extension Cord']",9,Debit Card,Williamsfurt,Adult (30-49),Spring,Discount on Selected Items,Yes,Midday,90.0
2023-11-11 17:14:43,Mark Graham,"['Shampoo', 'Cough Syrup', 'Bath Mat', 'Notebook Paper', 'Tomato Sauce']",5,Cash,Mcdonaldmouth,Teenager (13-19),Winter,Unknown Promotion,No,Afternoon,44.95
2023-11-11 17:24:04,Jessica Horton,"['Cough Drops', 'Razors', 'Allergy Medicine']",3,Debit Card,Brendahaven,Adult (30-49),Spring,Unknown Promotion,No,Afternoon,23.88
2023-11-11 17:36:29,Jason Hernandez,"['Canned Vegetables', 'Nail Clippers', 'Notebooks', 'Ramen', 'Honey', 'Luggage', 'Bikini', 'Kettlebells', 'Pens', 'Canned Tuna', 'Duffel Bag']",11,Cash,Natashaburgh,Young Adult (20-29),Summer,BOGO (Buy One Get One),No,Afternoon,115.89
2023-11-11 17:49:35,Michelle Brown,"['T-Shirt', 'Super Glue', 'Toothbrush']",3,Credit Card,New Martha,Middle-aged (50-64),Fall,Discount on Selected Items,No,Afternoon,23.88
2023-11-11 17:50:21,Tanya Ellison,"['Frozen Pizza Rolls', 'Tomato Sauce']",2,Credit Card,West Raymondton,Middle-aged (50-64),Summer,Unknown Promotion,No,Afternoon,14.55
2023-11-11 21:03:06,Joanna Kline,"['Socks', 'Napkins', 'Exercise Ball']",3,Cash,South Jamesville,Young Adult (20-29),Summer,Discount on Selected Items,Yes,Evening,23.88
2023-11-12 09:28:47,Jordan Watkins,"['Raincoat', 'Beef']",2,Mobile Payment,Richardsonport,Young Adult (20-29),Spring,Discount on Selected Items,No,Morning,14.55
2023-11-12 13:14:57,Amanda Holt,"['Donuts', 'Frozen Pancakes', 'Water', 'Sneakers', 'Frozen Bread', 'Cinnamon', 'Sugar']",7,Debit Card,Weavermouth,Senior (65+),Summer,BOGO (Buy One Get One),Yes,Midday,65.86
2023-11-12 14:01:05,Mr. Sean Munoz,"['Vinegar', 'Pretzels', 'Bagels', 'Dumbbells', 'Tape', 'Sweater']",6,Credit Card,North Johnborough,Young Adult (20-29),Spring,Unknown Promotion,No,Midday,57.61
2023-11-12 15:00:24,Tiffany Johnson,"['Sneakers', 'Cucumber']",2,Mobile Payment,North Johnbury,Middle-aged (50-64),Summer,Discount on Selected Items,Yes,Midday,14.55
2023-11-12 15:11:57,Mark Curtis,"['Napkins', 'Jacket', 'Socks', 'Boots', 'Colored Pencils', 'Frozen Vegetables', 'Pencils', 'Elliptical']",8,Mobile Payment,South Matthew,Middle-aged (50-64),Winter,BOGO (Buy One Get One),No,Midday,77.1
2023-11-12 17:08:53,Jacqueline Mcclure,"['Toothpaste', 'Crayons', 'Protein Powder']",3,Credit Card,East Pennyborough,Adult (30-49),Fall,Unknown Promotion,No,Afternoon,23.88
2023-11-12 19:41:23,Kimberly Hines,"['Frozen Cake', 'Polo Shirt', 'Pants', 'Canned Vegetables']",4,Mobile Payment,East Marieborough,Senior (65+),Summer,Discount on Selected Items,No,Evening,34.67
2023-11-12 20:14:35,Jane White,"['Spaghetti', 'Beer']",2,Cash,West Andrea,Young Adult (20-29),Winter,Unknown Promotion,No,Evening,14.55
2023-11-12 22:36:10,Julie Ward,"['Frozen Fruit', 'Water', 'Headbands', 'Bobby Pins', 'Oats']",5,Debit Card,Lake Melissaburgh,Senior (65+),Spring,Discount on Selected Items,Yes,Late Night,44.95
2023-11-13 09:20:11,John Grimes,"['Duct Tape', 'Boots']",2,Cash,New Joyceborough,Young Adult (20-29),Summer,Unknown Promotion,Yes,Morning,14.55
2023-11-13 11:19:44,Hailey Richardson,"['Toothpaste', 'Bath Bombs', 'Pasta', 'Exercise Bike', 'Mayonnaise', 'Duffel Bag', 'Ear Muffs', 'Frozen Meatballs', 'Peanuts', 'Plastic Utensils']",10,Mobile Payment,West Kimberly,Young Adult (20-29),Spring,Unknown Promotion,Yes,Midday,102.2
2023-11-13 11:39:40,Mrs. Teresa Park,"['Lip Balm', 'Lotion', 'Plastic Cups', 'Juice']",4,Cash,Davidville,Middle-aged (50-64),Winter,BOGO (Buy One Get One),No,Midday,34.67
2023-11-13 13:18:24,Meredith Brennan,"['Notebook Paper', 'Moving Boxes', 'Ear Muffs', 'Scrubbers', 'Paprika', 'Pasta']",6,Mobile Payment,Christopherchester,Senior (65+),Winter,Unknown Promotion,Yes,Midday,56.07
2023-11-13 13:45:24,Timothy Moore,"['Frozen Breakfast Sandwiches', 'Backpack', 'Washcloths', 'Vinegar', 'Frozen Burritos']",5,Cash,West Susan,Young Adult (20-29),Winter,Discount on Selected Items,Yes,Midday,44.95
2023-11-13 15:31:40,Katrina Vance,"['Charcoal', 'Gloves', 'Lotion']",3,Mobile Payment,Port Mariatown,Adult (30-49),Winter,BOGO (Buy One Get One),Yes,Midday,23.88
2023-11-13 16:58:12,William Adams,"['Beach Towel', 'Baking Powder', 'Paper Cups', 'Picture Frames', 'Brownies', 'Frozen Sausages']",6,Credit Card,Kylestad,Adult (30-49),Winter,Discount on Selected Items,Yes,Afternoon,56.07
2023-11-13 17:12:51,Christina Andrews,"['Razors', 'Fabric Softener', 'Cinnamon', 'Charcoal', 'Lollipops', 'Yoga Mat', 'Baking Soda']",7,Credit Card,Josephburgh,Middle-aged (50-64),Winter,BOGO (Buy One Get One),No,Afternoon,65.86
2023-11-13 21:05:59,Alex Brewer,"['Cold Medicine', 'Ice Cream Sandwiches', 'Snack Cakes', 'Sugar']",4,Mobile Payment,Melissamouth,Adult (30-49),Fall,Unknown Promotion,No,Evening,34.67
2023-11-13 21:52:20,Catherine Irwin,"['Heels', 'Frozen Waffles', 'Toilet Bowl Cleaner', 'Garlic Powder']",4,Cash,Sandraborough,Middle-aged (50-64),Fall,Unknown Promotion,No,Evening,34.67
2023-11-14 03:03:35,Jasmine Graham,"['Pasta Sauce', 'Flashlight', 'Pickles']",3,Credit Card,Gordonland,Adult (30-49),Fall,Discount on Selected Items,No,Early Morning,23.88
2023-11-14 08:06:19,Johnny Wolf,"['Wallet', 'Peanut Butter', 'Ice Cream Bars']",3,Debit Card,Alberthaven,Senior (65+),Fall,BOGO (Buy One Get One),Yes,Morning,23.88
2023-11-14 08:29:31,Jessica Scott,"['Vinegar', 'Mints', 'Umbrella', 'Scarf', 'Boots', 'Crayons', 'Kettlebells', 'Ice Cream Tubs', 'Dish Soap', 'Instant Noodles']",10,Cash,Nicolechester,Middle-aged (50-64),Spring,Unknown Promotion,Yes,Morning,102.2
2023-11-14 08:48:43,Philip Bush,"['Gym Towel', 'Bread', 'Spaghetti', 'Shaving Cream', 'Sponges']",5,Credit Card,South Nicolemouth,Teenager (13-19),Spring,Discount on Selected Items,Yes,Morning,44.95
2023-11-14 09:27:29,Michael Williams,"['Canned Tuna', 'Cough Syrup', 'Apples', 'Pants', 'Frozen Pizza Rolls', 'Handbag', 'Frozen Fries', 'Scissors', 'Deodorant']",9,Cash,Waltonchester,Senior (65+),Spring,Unknown Promotion,Yes,Morning,90.0
2023-11-14 11:04:10,Raymond Dunlap,"['Deodorant', 'Bath Bombs']",2,Credit Card,Cervantesstad,Senior (65+),Fall,Unknown Promotion,Yes,Midday,14.55
2023-11-14 11:56:34,Nicole Williams,['Ice Cream Sandwiches'],1,Credit Card,South William,Young Adult (20-29),Winter,Unknown Promotion,No,Midday,5.14
2023-11-14 12:11:43,Shannon Woods,"['Binders', 'Cucumber', 'Chips', 'Glass Cleaner', 'Nail Clippers']",5,Debit Card,Greerland,Middle-aged (50-64),Spring,Discount on Selected Items,No,Midday,44.95
2023-11-14 12:16:50,Jennifer Alexander,"['Flour', 'Soap', 'Baking Soda']",3,Cash,North Derek,Adult (30-49),Spring,Discount on Selected Items,Yes,Midday,23.88
2023-11-14 14:14:36,Brian Burgess,"['Duffel Bag', 'Messenger Bag', 'Candy Bars', 'Slippers', 'Flashlight', 'Carry-on Bag', 'Cinnamon', 'Deodorant', 'Chips', 'Baking Powder']",10,Credit Card,New Jessica,Middle-aged (50-64),Fall,Discount on Selected Items,Yes,Midday,102.2
2023-11-14 15:11:46,Carlos Martinez,"['Sports Bra', 'Sunglasses', 'Cucumber']",3,Debit Card,Nicolemouth,Young Adult (20-29),Fall,Unknown Promotion,No,Midday,23.88
2023-11-14 17:18:26,Erika Guzman,"['Napkins', 'Dryer Sheets', 'Apples', 'Pencils', 'Yoga Mat', 'Baking Powder', 'Swim Trunks', 'Workout Clothes']",8,Debit Card,Robertsside,Young Adult (20-29),Summer,Unknown Promotion,Yes,Afternoon,77.1
2023-11-14 17:26:33,Felicia Reilly,"['Frozen Sausages', 'Passport Holder', 'Luggage', 'Hot Sauce', 'Raincoat']",5,Mobile Payment,Lake Dorothyfort,Senior (65+),Winter,Unknown Promotion,No,Afternoon,44.95
2023-11-14 18:21:58,Shannon King,"['Pickles', 'Frozen Pancakes', 'Razors', 'Mac and Cheese']",4,Credit Card,North Jessica,Teenager (13-19),Fall,Discount on Selected Items,No,Afternoon,34.67
2023-11-14 18:22:18,Tara Henderson,"['Napkins', 'Cotton Balls', 'Aluminum Foil', 'Pasta']",4,Credit Card,Dunlapborough,Adult (30-49),Fall,Discount on Selected Items,No,Afternoon,34.67
2023-11-14 21:19:30,Selena Jenkins,"['Cream Cheese', 'Flip Flops', 'Laundry Basket', 'Frozen Burritos']",4,Mobile Payment,Ramoston,Teenager (13-19),Spring,Discount on Selected Items,No,Evening,34.67
2023-11-15 07:13:13,Jeffrey Lopez,"['Cold Medicine', 'Batteries', 'Lip Balm', 'Snack Cakes', 'Chili Powder', 'Notebook Paper', 'Pasta Sauce']",7,Cash,North Joshua,Adult (30-49),Winter,BOGO (Buy One Get One),No,Morning,65.86
2023-11-15 11:31:16,Michael Smith,"['Floss', 'Messenger Bag', 'Dryer Sheets', 'Charcoal', 'Flats', 'Gym Towel']",6,Cash,New Hannahview,Adult (30-49),Summer,Unknown Promotion,No,Midday,57.61
2023-11-15 12:17:29,Jeffrey Thomas,"['Slippers', 'Duct Tape', 'Shower Shoes', 'Slippers', 'Fabric Softener', 'Body Wash']",6,Credit Card,New Christopher,Adult (30-49),Spring,Discount on Selected Items,Yes,Midday,56.07
2023-11-15 12:49:48,David Hoover,"['Olives', 'Shelving', 'Photo Albums', 'Lip Balm']",4,Credit Card,Stevensfurt,Young Adult (20-29),Fall,Unknown Promotion,No,Midday,34.67
2023-11-15 15:07:06,Antonio Cook,"['Cumin', 'Skirt', 'Paprika', 'Granola Bars']",4,Cash,South Hannah,Adult (30-49),Summer,Discount on Selected Items,Yes,Midday,34.67
2023-11-15 18:40:59,Amanda Brown,"['Comb', 'Purse', 'Briefcase', 'Pull-up Bar', 'Detergent', 'Polo Shirt']",6,Credit Card,Brandonshire,Young Adult (20-29),Summer,BOGO (Buy One Get One),Yes,Afternoon,56.07
2023-11-15 21:30:17,Jeffrey Caldwell,"['Lighter', 'Jacket', 'Yoga Pants', 'Disinfectant Wipes', 'Brownies', 'Frozen Pizza', 'Tote Bag', 'Shower Curtain']",8,Mobile Payment,Hendersonhaven,Teenager (13-19),Winter,Unknown Promotion,Yes,Evening,77.1
2023-11-15 21:50:39,Michael West,"['Frozen Pie', 'Bug Spray', 'Canola Oil', 'Cumin', 'Mustard', 'Syrup', 'Barbecue Sauce']",7,Mobile Payment,Port Anthonystad,Middle-aged (50-64),Winter,BOGO (Buy One Get One),Yes,Evening,65.86
2023-11-15 22:48:48,Mark Johnson,"['Blouse', 'Fabric Softener', 'Cumin', 'Scissors', 'Frozen Pizza']",5,Credit Card,Millershire,Adult (30-49),Summer,Unknown Promotion,Yes,Late Night,44.95
2023-11-16 00:28:10,Susan Howell,"['Ice Cream Sandwiches', 'Toilet Bowl Cleaner', 'Pens', 'Bubble Bath', 'Crayons', 'Sunscreen', 'Chewing Gum', 'Protein Shakes', 'Pasta', 'Muffins']",10,Mobile Payment,New Tammyfort,Adult (30-49),Fall,BOGO (Buy One Get One),No,Early Morning,102.2
2023-11-16 02:34:25,Keith Gonzalez,"['Sugar', 'Conditioner']",2,Mobile Payment,New Nathanport,Adult (30-49),Spring,Unknown Promotion,No,Early Morning,14.55
2023-11-16 06:56:25,Matthew Martin,"['Baking Powder', 'Razors', 'Headbands', 'Cereal', 'Sweater', 'Pickles', 'Popcorn', 'Rice']",8,Cash,North Stacybury,Middle-aged (50-64),Fall,Unknown Promotion,Yes,Morning,77.1
2023-11-16 08:24:27,Marcus Spencer,"['Slippers', 'Duffel Bag', 'Flashlight', 'Winter Hat', 'Weight Bench', 'Headbands', 'Batteries', 'Sunglasses']",8,Debit Card,Port Richardshire,Middle-aged (50-64),Summer,Unknown Promotion,No,Morning,77.1
2023-11-16 09:09:44,Thomas Garner MD,"['Band-Aids', 'Backpack', 'Dish Soap', 'Extension Cord', 'Carry-on Bag', 'Frozen Pie', 'Bug Spray']",7,Mobile Payment,Kristinmouth,Teenager (13-19),Winter,Unknown Promotion,Yes,Morning,65.86
2023-11-16 09:11:06,Tiffany Guerrero,"['Floss', 'Flour', 'Packing Tape', 'Protein Shakes', 'Bobby Pins', 'Underwear', 'Popsicles']",7,Cash,South Gregoryville,Adult (30-49),Winter,Discount on Selected Items,Yes,Morning,65.86
2023-11-16 12:41:12,Mr. James Lloyd,"['Frozen Bagels', 'Sunglasses', 'Headbands', 'Disinfectant Wipes']",4,Debit Card,Lopezberg,Adult (30-49),Summer,Unknown Promotion,No,Midday,34.67
2023-11-16 12:50:16,Robert Graves,"['Bleach', 'Bread', 'Plastic Cups', 'Frozen Cake', 'Cold Medicine', 'Shoes', 'Sunscreen', 'Mints', 'Leggings', 'Donuts']",10,Cash,Sharonberg,Adult (30-49),Winter,BOGO (Buy One Get One),Yes,Midday,102.2
2023-11-16 14:42:05,Ashley Mullen,"['Plastic Wrap', 'Butter', 'Frozen Vegetables', 'Mayonnaise', 'Lollipops', 'Flats', 'Nail Polish Remover', 'Dryer Sheets', 'Pasta']",9,Mobile Payment,North Josefurt,Young Adult (20-29),Fall,BOGO (Buy One Get One),No,Midday,90.0
2023-11-16 15:36:43,Alex Henry,"['Cough Syrup', 'Yogurt', 'Frozen Pizza Rolls']",3,Mobile Payment,Hollowayshire,Adult (30-49),Spring,BOGO (Buy One Get One),Yes,Midday,23.88
2023-11-16 17:21:25,Daniel Travis,"['Granola Bars', 'Crackers', 'Frozen Meatballs', 'Slippers']",4,Debit Card,Jonathanport,Adult (30-49),Fall,Discount on Selected Items,No,Afternoon,34.67
2023-11-16 17:52:11,Darryl Walsh,"['Socks', 'Protein Bars', 'Frozen Fish Sticks', 'Picture Frames', 'Bathrobe', 'Pickles', 'Water', 'Frozen Cake', 'Ice Cream Sandwiches', 'Energy Drinks']",10,Debit Card,Lake Paula,Teenager (13-19),Winter,Discount on Selected Items,No,Afternoon,102.2
2023-11-16 19:26:25,Melissa Morgan,"['Markers', 'Candy Bars', 'Eggs']",3,Mobile Payment,Rodriguezton,Adult (30-49),Summer,Discount on Selected Items,No,Evening,23.88
2023-11-16 20:46:22,Bridget Avila,"['Thermometer', 'Binders', 'Popcorn', 'Mints', 'Pens', 'Duffel Bag', 'Chili Powder']",7,Debit Card,East Johnburgh,Young Adult (20-29),Winter,Unknown Promotion,No,Evening,65.86
2023-11-17 08:55:53,Benjamin Beard,"['Pull-up Bar', 'Washcloths', 'Laundry Basket', 'Pasta Sauce', 'Frozen Pancakes', 'Cinnamon', 'Flashlight']",7,Debit Card,Lake Karen,Teenager (13-19),Summer,BOGO (Buy One Get One),No,Morning,65.86
2023-11-17 09:07:19,Ashley Townsend,"['Tweezers', 'Ramen', 'Colored Pencils', 'Energy Drinks', 'Markers', 'Scrubbers']",6,Debit Card,South Stevenmouth,Middle-aged (50-64),Spring,BOGO (Buy One Get One),Yes,Morning,56.07
2023-11-17 10:14:28,Kristen Harrell,"['Candles', 'Orange Juice', 'Laptop Bag']",3,Cash,North Codyborough,Senior (65+),Winter,Unknown Promotion,No,Midday,23.88
2023-11-17 12:35:16,Kyle Gonzalez,"['Peanuts', 'Hat']",2,Cash,South Kristina,Young Adult (20-29),Spring,BOGO (Buy One Get One),Yes,Midday,14.55
2023-11-17 12:48:27,Timothy Perez,"['Vegetable Oil', 'Backpack']",2,Credit Card,Bradleychester,Young Adult (20-29),Winter,Unknown Promotion,Yes,Midday,14.55
2023-11-17 16:34:40,Lisa Williams,"['Nail Polish', 'Chocolate', 'Tweezers', 'Crackers', 'Multi-Surface Cleaner']",5,Mobile Payment,West Nicoleport,Middle-aged (50-64),Winter,Discount on Selected Items,No,Afternoon,44.95
2023-11-17 19:04:20,Brian Smith,"['Pencils', 'Tomatoes', 'Photo Albums']",3,Credit Card,Whiteborough,Young Adult (20-29),Spring,BOGO (Buy One Get One),No,Evening,23.88
2023-11-17 20:12:59,Allison Murphy,"['Bubble Wrap', 'Ice Cream Cones', 'Cinnamon', 'Briefcase', 'Washcloths']",5,Mobile Payment,Warnerfurt,Young Adult (20-29),Spring,Unknown Promotion,Yes,Evening,44.95
2023-11-17 20:57:29,John Garcia,['Bread'],1,Debit Card,West Marissachester,Adult (30-49),Fall,Discount on Selected Items,No,Evening,5.14
2023-11-17 21:38:54,Teresa Bradshaw,"['Mints', 'Insect Repellent', 'Skirt', 'Purse']",4,Credit Card,Lake Davidchester,Young Adult (20-29),Fall,BOGO (Buy One Get One),Yes,Evening,34.67
2023-11-17 21:54:17,Lee Hawkins,['Packing Tape'],1,Credit Card,Port Anneburgh,Teenager (13-19),Summer,BOGO (Buy One Get One),Yes,Evening,5.14
2023-11-17 21:54:46,Brittany Sims,"['Pull-up Bar', 'Mints', 'Construction Paper', 'Frozen Fish Sticks', 'Shorts', 'Crackers']",6,Debit Card,Denisemouth,Adult (30-49),Spring,Discount on Selected Items,No,Evening,57.61
2023-11-18 06:41:35,Adam Washington,"['Hairbrush', 'Scissors', 'Yoga Mat', 'Charcoal', 'Ice Cream Sandwiches', 'Cough Drops']",6,Credit Card,West Luis,Senior (65+),Fall,Unknown Promotion,Yes,Morning,56.07
2023-11-18 09:20:26,Alexander Leonard,"['T-Shirt', 'Carry-on Bag', 'Frozen Bagels', 'Lip Balm']",4,Cash,North David,Senior (65+),Fall,Unknown Promotion,Yes,Morning,34.67
2023-11-18 09:48:14,William Jacobson,"['Headbands', 'Tomatoes', 'Candy Bars']",3,Debit Card,East John,Young Adult (20-29),Fall,BOGO (Buy One Get One),No,Morning,23.88
2023-11-18 13:12:27,Andrew Jones DVM,"['Instant Noodles', 'Trash Bags', 'Binders', 'Washcloths', 'Cream Cheese']",5,Debit Card,Lyonsfort,Adult (30-49),Winter,BOGO (Buy One Get One),No,Midday,44.95
2023-11-18 14:15:25,Ethan Chan,"['Canned Fruit', 'Laundry Detergent', 'Workout Clothes', 'Flip Flops', 'Gum', 'Paper Towels']",6,Mobile Payment,North Deborahburgh,Teenager (13-19),Winter,Unknown Promotion,No,Midday,57.61
2023-11-18 15:11:42,Brandon Sanchez,"['Crayons', 'Raisins', 'Gym Towel', 'Milk', 'Batteries', 'Frozen Burritos']",6,Mobile Payment,South Jessicafort,Adult (30-49),Winter,Unknown Promotion,No,Midday,57.61
2023-11-18 17:57:41,Joseph Beasley,"['Bread', 'Granola Bars', 'Frozen Pizza Rolls', 'Paper Towels']",4,Debit Card,Susantown,Adult (30-49),Winter,Unknown Promotion,No,Afternoon,34.67
2023-11-18 18:48:06,Erica Dunn,"['Bobby Pins', 'Construction Paper', 'Chili Powder']",3,Mobile Payment,Joannaburgh,Middle-aged (50-64),Summer,Discount on Selected Items,Yes,Afternoon,23.88
2023-11-18 19:16:55,Denise Wheeler,"['Cotton Balls', 'Chocolate', 'Beef', 'Frozen Sausages']",4,Credit Card,Lake Monicamouth,Adult (30-49),Winter,BOGO (Buy One Get One),No,Evening,34.67
2023-11-18 22:36:59,Jennifer Costa,"['Lip Balm', 'Calculator', 'Flats', 'Frozen Burritos', 'Brown Sugar', 'Yogurt', 'Frozen Pie', 'Band-Aids', 'Elliptical', 'Scarf']",10,Mobile Payment,North Sherry,Adult (30-49),Spring,Discount on Selected Items,Yes,Late Night,102.2
2023-11-19 07:43:17,Kimberly Thompson,"['Beer', 'Treadmill', 'Mayonnaise', 'Peanut Butter', 'Messenger Bag', 'Paper Towels', 'Frozen Bagels']",7,Credit Card,South Sonialand,Young Adult (20-29),Spring,Unknown Promotion,No,Morning,65.86
2023-11-19 11:59:42,Madison Jackson,"['Trail Mix', 'Capri Pants', 'Underwear', 'Protein Shakes', 'Soy Sauce', 'Muffins']",6,Debit Card,New Bruceland,Young Adult (20-29),Fall,BOGO (Buy One Get One),No,Midday,57.61
2023-11-19 12:01:57,Andrea Smith,"['Frozen Bread', 'Thermometer', 'Duffel Bag', 'Shaving Cream', 'Vegetable Oil', 'Ramen', 'Hair Ties']",7,Debit Card,East Stephanie,Adult (30-49),Summer,Unknown Promotion,Yes,Midday,65.86
2023-11-19 13:25:05,Kyle Curtis,"['Frozen Chicken Nuggets', 'Lotion', 'Frozen Burritos', 'Ice Cream Sandwiches', 'Yoga Pants', 'Fabric Softener', 'Lighter Fluid']",7,Mobile Payment,West Jacquelinemouth,Senior (65+),Summer,Discount on Selected Items,No,Midday,65.86
2023-11-19 15:20:53,Jennifer Jordan,"['Granola Bars', 'Protein Shakes']",2,Credit Card,East Mollyhaven,Adult (30-49),Summer,Unknown Promotion,No,Midday,14.55
2023-11-19 15:36:31,Sean Wilkins,"['Plastic Wrap', 'Skirt', 'Bubble Wrap', 'Elliptical', 'Flashlight', 'Jump Rope', 'Chewing Gum', 'Hat', 'Popsicles']",9,Cash,Ronnieburgh,Middle-aged (50-64),Fall,Discount on Selected Items,Yes,Midday,90.0
2023-11-19 16:22:05,Wayne Brown,"['T-Shirt', 'Ice Cream Bars', 'Duct Tape', 'Tweezers']",4,Credit Card,Donnaberg,Teenager (13-19),Summer,Unknown Promotion,Yes,Afternoon,34.67
2023-11-19 17:21:56,Katherine Lewis,"['Coat', 'Capri Pants']",2,Mobile Payment,Shannonstad,Teenager (13-19),Summer,Unknown Promotion,No,Afternoon,14.55
2023-11-19 18:37:52,Steven Wallace,"['Scarf', 'Frozen Dinners', 'Band-Aids', 'Fabric Softener', 'Salt', 'Nail Polish', 'Ice Cream Tubs']",7,Mobile Payment,Sarahburgh,Middle-aged (50-64),Summer,BOGO (Buy One Get One),Yes,Afternoon,65.86
2023-11-19 18:46:46,Nicholas Rodriguez,['Olive Oil'],1,Mobile Payment,Jessicaborough,Adult (30-49),Fall,BOGO (Buy One Get One),No,Afternoon,5.14
2023-11-20 03:18:11,Darlene Fleming,"['Allergy Medicine', 'Napkins', 'Hair Ties']",3,Cash,South Anthony,Adult (30-49),Spring,Discount on Selected Items,Yes,Early Morning,23.88
2023-11-20 08:05:38,Mrs. Angela Oneal,"['Ear Muffs', 'Bug Spray', 'Beach Towel', 'Dish Soap', 'Hairbrush', 'Binders']",6,Cash,West Adam,Young Adult (20-29),Summer,Unknown Promotion,Yes,Morning,56.07
2023-11-20 09:13:37,Lauren Miller,['Jacket'],1,Credit Card,South Juliafort,Adult (30-49),Winter,Unknown Promotion,Yes,Morning,5.14
2023-11-20 10:03:37,Mark Johnson,"['Sports Drinks', 'Shoes', 'Vegetable Oil']",3,Mobile Payment,Port Robert,Adult (30-49),Spring,BOGO (Buy One Get One),Yes,Midday,23.88
2023-11-20 10:12:44,Matthew Wood,"['Dress', 'Scarf']",2,Cash,East Jason,Middle-aged (50-64),Spring,Discount on Selected Items,No,Midday,14.55
2023-11-20 11:56:48,Austin Curry,"['Hairbrush', 'Sports Drinks', 'Weight Bench']",3,Debit Card,Port Matthew,Adult (30-49),Fall,Unknown Promotion,No,Midday,23.88
2023-11-20 12:01:35,Jennifer Morrison,"['Frozen Breakfast Sandwiches', 'Frozen Dinners', 'Scrubbers', 'Butter', 'Tank Top', 'Apples']",6,Debit Card,Samuelchester,Adult (30-49),Spring,Discount on Selected Items,Yes,Midday,56.07
2023-11-20 12:47:20,Joseph Murillo,"['Notebooks', 'Trash Bags', 'Kettlebells', 'Coffee', 'Bathrobe', 'Frozen Burritos', 'Pens', 'Frozen Sausages', 'Plastic Wrap', 'Hangers', 'Almonds']",11,Debit Card,Lake Kristinaburgh,Teenager (13-19),Winter,Unknown Promotion,Yes,Midday,113.03
2023-11-20 12:48:10,Shane Oliver,"['Stamps', 'Tomato Sauce', 'Frozen Fruit', 'Pepper']",4,Credit Card,Dennisbury,Adult (30-49),Fall,Discount on Selected Items,No,Midday,34.67
2023-11-20 13:05:24,Kristen Petty,"['Toothbrush', 'Carry-on Bag', 'Flour']",3,Debit Card,North Albertmouth,Young Adult (20-29),Summer,BOGO (Buy One Get One),No,Midday,23.88
2023-11-20 13:25:03,Ruth Davis,['Peanut Butter'],1,Mobile Payment,North Jasonfort,Middle-aged (50-64),Fall,Discount on Selected Items,No,Midday,5.14
2023-11-20 14:10:22,Bryan Knight,"['Coat', 'Chocolate', 'Markers', 'Crayons', 'Chips', 'Gym Towel', 'Almonds', 'Gloves', 'Ear Muffs']",9,Credit Card,North Stephanieside,Adult (30-49),Winter,Discount on Selected Items,No,Midday,90.0
2023-11-20 15:54:42,Jill Henson,"['Bath Bombs', 'Pants', 'Sports Bra', 'Pasta Sauce', 'Frozen Pizza', 'Cream Cheese', 'Cheese']",7,Mobile Payment,New David,Middle-aged (50-64),Fall,Unknown Promotion,Yes,Midday,65.86
2023-11-20 16:23:07,Marcus Collins,"['Tank Top', 'Charcoal', 'Pasta Sauce', 'Blouse']",4,Debit Card,Pattersonmouth,Adult (30-49),Spring,Discount on Selected Items,No,Afternoon,34.67
2023-11-20 17:31:13,Tyler Turner,"['Rice', 'Tweezers', 'Soap', 'Bubble Wrap']",4,Debit Card,Gonzalezberg,Adult (30-49),Spring,Discount on Selected Items,Yes,Afternoon,34.67
2023-11-20 19:14:28,Amy Kim,"['Hair Ties', 'Bubble Wrap', 'Protein Powder', 'Apples', 'Detergent', 'Frozen Fries', 'Frozen Chicken Nuggets']",7,Credit Card,South Dean,Teenager (13-19),Winter,Unknown Promotion,Yes,Evening,65.86
2023-11-20 19:54:48,Destiny Newton,"['Cotton Swabs', 'Tweezers', 'Plastic Cups', 'Butter', 'Frozen Cookies', 'Frozen Burritos', 'Pasta', 'Coat']",8,Credit Card,East Lukefurt,Adult (30-49),Winter,BOGO (Buy One Get One),Yes,Evening,77.1
2023-11-20 19:58:12,Michele Torres,"['Gym Towel', 'Chips', 'Frozen Fish Sticks']",3,Cash,North Sydney,Adult (30-49),Spring,Unknown Promotion,No,Evening,23.88
2023-11-20 21:41:05,Jonathan Cisneros,['Shower Shoes'],1,Mobile Payment,Lake Evanville,Adult (30-49),Summer,BOGO (Buy One Get One),Yes,Evening,5.14
2023-11-20 23:31:51,Dylan Brooks,"['Protein Bars', 'Ziploc Bags', 'Passport Holder', 'Sunglasses', 'Bleach', 'Capri Pants']",6,Mobile Payment,New Johnstad,Young Adult (20-29),Spring,Unknown Promotion,No,Late Night,57.61
2023-11-20 23:47:20,Samuel Brown,"['Peanuts', 'Deodorant', 'Frozen Pancakes', 'Bagels']",4,Debit Card,Jennifermouth,Teenager (13-19),Spring,Discount on Selected Items,No,Late Night,34.67
2023-11-21 05:26:59,Jessica Baker,"['Instant Noodles', 'Raisins']",2,Credit Card,Johnborough,Middle-aged (50-64),Winter,Unknown Promotion,Yes,Morning,14.55
2023-11-21 07:23:04,Emily Day,['Vinegar'],1,Debit Card,North Tracyfort,Adult (30-49),Summer,Unknown Promotion,No,Morning,5.14
2023-11-21 10:02:36,Emily Williams,"['Towels', 'Dryer Sheets']",2,Mobile Payment,Lake Stacy,Middle-aged (50-64),Winter,Discount on Selected Items,No,Midday,14.55
2023-11-21 10:50:41,Robin Kelly,"['Gym Bag', 'Shower Cap', 'Pajamas', 'Jacket']",4,Credit Card,Lindatown,Middle-aged (50-64),Summer,Unknown Promotion,Yes,Midday,34.67
2023-11-21 11:24:15,Ronald Santiago,"['Cheese', 'Ketchup', 'Honey', 'Bathrobe']",4,Debit Card,Port Heatherburgh,Adult (30-49),Summer,BOGO (Buy One Get One),Yes,Midday,34.67
2023-11-21 11:25:56,Erika Benjamin,"['Messenger Bag', 'Cucumber', 'Index Cards', 'Mac and Cheese', 'Tank Top', 'Coffee', 'Gym Towel', 'Cereal']",8,Mobile Payment,East Marie,Adult (30-49),Winter,Unknown Promotion,Yes,Midday,77.1
2023-11-21 11:43:41,Jake Clark,"['Paper Towels', 'Baking Soda', 'Cotton Balls', 'Markers', 'Mayonnaise']",5,Credit Card,Ryanmouth,Young Adult (20-29),Fall,Discount on Selected Items,Yes,Midday,44.95
2023-11-21 12:16:59,Kerry Williams,"['Frozen Pancakes', 'Paper Cups', 'Hangers']",3,Credit Card,Kristenview,Middle-aged (50-64),Summer,Unknown Promotion,Yes,Midday,23.88
2023-11-21 13:05:14,Stephanie Monroe,"['Tomatoes', 'Chili Powder', 'Paper Plates', 'Popsicles']",4,Credit Card,Huberhaven,Young Adult (20-29),Fall,Unknown Promotion,Yes,Midday,34.67
2023-11-21 13:26:35,Jonathan Bell,"['Scrubbers', 'Frozen Bread', 'Trail Mix']",3,Cash,New Laurenton,Senior (65+),Spring,Discount on Selected Items,No,Midday,23.88
2023-11-21 13:48:33,Steven Garner,"['Foam Roller', 'Light Bulbs', 'Elliptical']",3,Mobile Payment,Meaganton,Adult (30-49),Fall,Unknown Promotion,Yes,Midday,23.88
2023-11-21 14:47:42,Kristina Williams,"['Hair Ties', 'Oats', 'Kettlebells', 'Slippers', 'Slippers', 'Glue', 'Raisins']",7,Debit Card,East Reneebury,Adult (30-49),Summer,Discount on Selected Items,No,Midday,65.86
2023-11-21 14:52:53,Phillip Gray,"['Bikini', 'Granola Bars', 'Pain Relievers', 'Muffins']",4,Mobile Payment,Tiffanybury,Young Adult (20-29),Summer,BOGO (Buy One Get One),Yes,Midday,34.67
2023-11-21 15:25:41,Patricia Davis,"['Mayonnaise', 'Canned Vegetables', 'Paper Cups', 'Garlic Powder']",4,Credit Card,South Harrystad,Middle-aged (50-64),Fall,Discount on Selected Items,No,Midday,34.67
2023-11-21 16:14:57,Amanda Macias,"['Dumbbells', 'Cereal', 'Scarf', 'Cucumber', 'Gloves']",5,Cash,North Christopher,Young Adult (20-29),Fall,Discount on Selected Items,No,Afternoon,44.95
2023-11-21 16:18:06,Michelle Powell,"['Nail Clippers', 'Heels', 'Snack Cakes', 'Ice Cream Bars']",4,Credit Card,Travishaven,Teenager (13-19),Winter,Unknown Promotion,No,Afternoon,34.67
2023-11-21 16:53:03,Tara Rowe DVM,"['Shelving', 'Swim Cap', 'Iced Tea', 'Shampoo', 'Paper Cups', 'Umbrella', 'Luggage', 'Soda', 'Fabric Softener']",9,Debit Card,Markborough,Middle-aged (50-64),Fall,Discount on Selected Items,Yes,Afternoon,90.0
2023-11-21 17:19:50,Victoria Perry,"['Sports Bra', 'Paper Towels', 'Laundry Detergent']",3,Mobile Payment,Ramirezton,Senior (65+),Spring,BOGO (Buy One Get One),No,Afternoon,23.88
2023-11-21 17:24:34,Selena Richards,"['Frozen Sausages', 'Leggings', 'Batteries', 'Sponges']",4,Mobile Payment,Allentown,Adult (30-49),Spring,BOGO (Buy One Get One),No,Afternoon,34.67
2023-11-21 17:50:55,Stephanie Lynch,"['Donuts', 'Flats', 'Frozen Garlic Bread', 'Pencils']",4,Mobile Payment,Morganberg,Middle-aged (50-64),Fall,Unknown Promotion,No,Afternoon,34.67
2023-11-21 17:55:07,Jennifer Ramos,"['Ruler', 'Pants', 'Frozen Fries', 'One-Piece Swimsuit', 'Sandals']",5,Mobile Payment,East Deanna,Young Adult (20-29),Winter,Discount on Selected Items,Yes,Afternoon,44.95
2023-11-22 05:11:26,Raymond Hernandez,"['Cotton Swabs', 'Mints', 'Glass Cleaner', 'Cinnamon', 'Band-Aids']",5,Credit Card,Murrayland,Teenager (13-19),Fall,Unknown Promotion,No,Morning,44.95
2023-11-22 08:17:54,Debra Goodwin,"['Thermometer', 'Mac and Cheese', 'Sponges', 'Pajamas']",4,Mobile Payment,Ginafort,Young Adult (20-29),Summer,Unknown Promotion,No,Morning,34.67
2023-11-22 09:43:40,Vanessa West,"['Cucumber', 'Protein Shakes', 'Thermometer', 'Suitcase', 'Raincoat', 'Notebook Paper', 'Headbands', 'Index Cards', 'Treadmill']",9,Cash,Wilsonburgh,Adult (30-49),Winter,BOGO (Buy One Get One),No,Morning,90.0
2023-11-22 10:13:35,Cheryl Grant,"['Slippers', 'Peanut Butter', 'Ice Cream', 'Sugar']",4,Cash,North Anneburgh,Young Adult (20-29),Spring,BOGO (Buy One Get One),No,Midday,34.67
2023-11-22 11:26:35,Karen Ayers,['Headbands'],1,Debit Card,East Rose,Adult (30-49),Spring,Discount on Selected Items,No,Midday,5.14
2023-11-22 12:07:42,Brooke Mcdonald,"['Goggles', 'Beer', 'Pretzels', 'Chicken']",4,Cash,Macdonaldtown,Young Adult (20-29),Fall,BOGO (Buy One Get One),Yes,Midday,34.67
2023-11-22 13:27:01,John Hamilton,"['Pain Relievers', 'Frozen Meatballs', 'Trash Bags', 'Dumbbells', 'Toilet Paper', 'Jam']",6,Cash,New Lauren,Teenager (13-19),Fall,Discount on Selected Items,No,Midday,57.61
2023-11-22 19:20:22,Eric Santiago,"['Glass Cleaner', 'Cotton Balls', 'Washcloths', 'Raincoat', 'Canned Vegetables']",5,Cash,Susanstad,Middle-aged (50-64),Fall,BOGO (Buy One Get One),No,Evening,44.95
2023-11-22 19:28:04,Jacob Harrison,['Carry-on Bag'],1,Debit Card,West Sarah,Middle-aged (50-64),Summer,Discount on Selected Items,No,Evening,5.14
2023-11-22 19:39:50,Dana Anderson,"['Lotion', 'Lighter']",2,Credit Card,West Madelinestad,Middle-aged (50-64),Spring,BOGO (Buy One Get One),No,Evening,14.55
2023-11-22 21:01:32,Lisa Mccoy,"['Gym Towel', 'Hat', 'Insect Repellent', 'Paper Towels', 'Olives']",5,Credit Card,Williamsfurt,Adult (30-49),Fall,BOGO (Buy One Get One),No,Evening,44.95
2023-11-22 21:41:35,Cynthia Austin,"['First Aid Kit', 'Index Cards', 'Cold Medicine', 'Sugar', 'Deodorant', 'Mouthwash']",6,Credit Card,Williamsville,Middle-aged (50-64),Fall,BOGO (Buy One Get One),No,Evening,57.61
2023-11-23 05:55:48,Ryan Golden,"['Popcorn', 'Storage Bins', 'Paper Plates', 'Protein Powder', 'Passport Holder']",5,Debit Card,Port Dawn,Young Adult (20-29),Summer,Discount on Selected Items,No,Morning,44.95
2023-11-23 07:34:28,Teresa Rodriguez,"['Shower Cap', 'Capri Pants', 'Plastic Utensils', 'Dress', 'Bath Mat', 'Detergent', 'Juice']",7,Mobile Payment,Tuckerport,Adult (30-49),Winter,BOGO (Buy One Get One),No,Morning,65.86
2023-11-23 15:27:07,Sonia Mendoza,"['Juice', 'Notebooks']",2,Cash,East John,Adult (30-49),Fall,Discount on Selected Items,Yes,Midday,14.55
2023-11-23 17:57:58,Philip Hernandez,"['Oranges', 'Index Cards', 'Pickles']",3,Mobile Payment,Port Monica,Adult (30-49),Fall,Unknown Promotion,No,Afternoon,23.88
2023-11-23 20:43:29,Adam Maynard,"['Glass Cleaner', 'Pasta Sauce', 'Almonds', 'Jeans', 'Vinegar']",5,Cash,Amychester,Middle-aged (50-64),Spring,BOGO (Buy One Get One),Yes,Evening,44.95
2023-11-23 21:15:49,Daniel Williams,"['Water Bottle', 'Pencils', 'Belt']",3,Debit Card,New Davidfort,Middle-aged (50-64),Summer,Discount on Selected Items,No,Evening,23.88
2023-11-24 09:47:43,Michael Oneill,"['Frozen Garlic Bread', 'Chocolate', 'Weight Bench']",3,Credit Card,Dunnbury,Adult (30-49),Fall,Unknown Promotion,No,Morning,23.88
2023-11-24 10:19:23,Patrick Welch,"['Cinnamon', 'Lighter Fluid', 'Frozen Fish Sticks']",3,Cash,Lake Jessica,Young Adult (20-29),Summer,BOGO (Buy One Get One),No,Midday,23.88
2023-11-24 11:36:17,Rebecca Blevins,"['Frozen Pancakes', 'Ketchup', 'Nail Polish', 'Glue', 'Construction Paper']",5,Credit Card,North Dianaside,Teenager (13-19),Fall,BOGO (Buy One Get One),No,Midday,44.95
2023-11-24 13:42:46,Jonathan Lee,"['Oats', 'Cheese', 'Bikini', 'Dish Soap']",4,Credit Card,North Kristintown,Adult (30-49),Spring,BOGO (Buy One Get One),Yes,Midday,34.67
2023-11-24 15:04:22,Melanie Dawson,"['Elliptical', 'Luggage', 'Sweatshirt']",3,Cash,Cunninghamtown,Adult (30-49),Fall,BOGO (Buy One Get One),No,Midday,23.88
2023-11-24 16:55:48,Joseph Page,"['Passport Holder', 'Colored Pencils', 'Jeans', 'Band-Aids', 'Frozen Chicken Nuggets', 'Frozen Fish Sticks']",6,Debit Card,Brandonbury,Adult (30-49),Spring,Unknown Promotion,No,Afternoon,57.61
2023-11-24 18:03:14,Lisa Owen,"['Bread', 'Beer', 'Umbrella', 'Shampoo', 'Charcoal', 'Slippers', 'Butter', 'Frozen Fruit', 'Weight Bench']",9,Credit Card,Lauriechester,Adult (30-49),Fall,Unknown Promotion,No,Afternoon,90.0
2023-11-24 19:12:57,Melissa Ritter,"['Swim Cap', 'Raisins']",2,Mobile Payment,Gregorymouth,Young Adult (20-29),Fall,Unknown Promotion,Yes,Evening,14.55
2023-11-24 19:16:24,Nicole Leach,"['Protein Shakes', 'Handbag', 'Leggings', 'Stain Remover', 'Dumbbells']",5,Credit Card,Lake Sheilaburgh,Middle-aged (50-64),Winter,Unknown Promotion,Yes,Evening,44.95
2023-11-24 19:19:53,Jacob Estrada,"['Paper Plates', 'Aluminum Foil', 'Popcorn', 'Suitcase', 'Lemonade', 'One-Piece Swimsuit', 'Plastic Wrap', 'Gum', 'Energy Drinks', 'Hangers']",10,Cash,New Katie,Adult (30-49),Winter,Discount on Selected Items,Yes,Evening,102.2
2023-11-24 20:13:11,William Madden,['Cough Drops'],1,Cash,Littleberg,Senior (65+),Winter,BOGO (Buy One Get One),No,Evening,5.14
2023-11-24 20:32:08,Shannon King,"['Ziploc Bags', 'Socks', 'Coat', 'Canola Oil', 'Glass Cleaner', 'Duffel Bag']",6,Credit Card,South Jennifer,Adult (30-49),Spring,Unknown Promotion,No,Evening,57.61
2023-11-24 21:46:48,Paul Booth,"['Sandals', 'Frozen Burritos', 'Cinnamon', 'Bubble Wrap', 'Plastic Utensils', 'Swim Cap', 'Glass Cleaner']",7,Debit Card,Flemingstad,Young Adult (20-29),Fall,Discount on Selected Items,Yes,Evening,65.86
2023-11-24 23:57:12,Jamie Allen,"['Pasta Sauce', 'Gelato', 'Paper Towels', 'Exercise Bike', 'Mac and Cheese']",5,Credit Card,Elizabethberg,Senior (65+),Fall,BOGO (Buy One Get One),Yes,Late Night,44.95
2023-11-25 10:33:42,James Sellers,['Passport Holder'],1,Mobile Payment,West Nicole,Young Adult (20-29),Spring,Discount on Selected Items,No,Midday,5.14
2023-11-25 10:49:19,Nina Brown,"['Nail Clippers', 'Protein Powder', 'Shower Shoes', 'Messenger Bag', 'Mac and Cheese', 'Hat']",6,Debit Card,Lake Katherineberg,Middle-aged (50-64),Fall,Discount on Selected Items,No,Midday,57.61
2023-11-25 10:55:18,Amanda Dixon,"['Water Bottle', 'Peanuts', 'Cotton Swabs', 'Picture Frames', 'Toothbrush', 'Beer', 'Frozen Fruit']",7,Debit Card,Phillipsburgh,Adult (30-49),Fall,Unknown Promotion,No,Midday,65.86
2023-11-25 10:56:59,Katherine Nelson,"['Frozen Pizza Rolls', 'Sunscreen', 'Markers']",3,Mobile Payment,Thompsonbury,Adult (30-49),Winter,BOGO (Buy One Get One),No,Midday,23.88
2023-11-25 11:15:25,Brandon Jones,"['Polo Shirt', 'Sunscreen', 'Toilet Bowl Cleaner']",3,Credit Card,North Deniseberg,Teenager (13-19),Summer,Unknown Promotion,Yes,Midday,23.88
2023-11-25 12:43:23,Ricardo Chen,"['Nail Polish', 'Paper Towels', 'T-Shirt', 'Plastic Cups', 'Frozen Cake', 'Water', 'Rug', 'Flour', 'Sugar']",9,Cash,Harrisonborough,Middle-aged (50-64),Fall,Unknown Promotion,Yes,Midday,90.0
2023-11-25 13:54:06,Carl Mueller,"['Sponges', 'Moving Boxes', 'Plastic Wrap', 'Beef', 'Sports Drinks', 'Shampoo']",6,Credit Card,Port Mariafort,Young Adult (20-29),Fall,BOGO (Buy One Get One),Yes,Midday,56.07
2023-11-25 14:18:22,Amy Walker,"['Laundry Basket', 'Towels', 'Rug', 'Protein Powder', 'Cold Medicine']",5,Cash,North Marciaburgh,Adult (30-49),Winter,Discount on Selected Items,No,Midday,44.95
2023-11-25 16:23:11,Tanya Fisher,"['Trash Bags', 'Frozen Waffles', 'Toilet Bowl Cleaner', 'Markers', 'Paper Plates']",5,Cash,Robertshire,Young Adult (20-29),Winter,Discount on Selected Items,No,Afternoon,44.95
2023-11-25 18:02:24,Jennifer David,"['Sports Bra', 'Jacket', 'Cucumber', 'Toothpaste', 'Jelly', 'Foam Roller', 'Ice Cream Cones', 'Goggles']",8,Credit Card,New Timothyborough,Middle-aged (50-64),Summer,Discount on Selected Items,Yes,Afternoon,77.1
2023-11-25 18:33:21,David Mccormick,"['Frozen Cake', 'Sandals']",2,Cash,New Thomaston,Adult (30-49),Winter,BOGO (Buy One Get One),No,Afternoon,14.55
2023-11-25 21:20:19,Lynn Hancock,"['Comb', 'Lemonade', 'Sports Drinks']",3,Credit Card,Jacksonberg,Young Adult (20-29),Spring,Unknown Promotion,No,Evening,23.88
2023-11-26 06:19:46,Samuel Payne,"['Chocolate', 'One-Piece Swimsuit', 'Boots', 'Jacket', 'Picture Frames']",5,Mobile Payment,Lake Gregoryberg,Young Adult (20-29),Fall,Unknown Promotion,Yes,Morning,44.95
2023-11-26 08:13:43,Shannon Swanson,"['Coat', 'Tweezers', 'Nail Polish Remover', 'Oats', 'Messenger Bag', 'Aluminum Foil']",6,Credit Card,Elizabethtown,Adult (30-49),Spring,Unknown Promotion,Yes,Morning,56.07
2023-11-26 11:17:07,Patrick Taylor,"['Shower Shoes', 'Ruler', 'Frozen Meatballs', 'Briefcase']",4,Debit Card,Anthonyfort,Senior (65+),Winter,BOGO (Buy One Get One),Yes,Midday,34.67
2023-11-26 12:12:46,Samantha Sharp,"['Bananas', 'Tomato Sauce']",2,Credit Card,East Lori,Adult (30-49),Spring,Unknown Promotion,Yes,Midday,14.55
2023-11-26 13:12:46,Aaron Cox,"['Yoga Mat', 'Hot Sauce', 'Cumin', 'Beach Towel', 'Flour', 'Bikini']",6,Cash,Isabelmouth,Adult (30-49),Spring,Unknown Promotion,No,Midday,57.61
2023-11-26 15:02:53,Katherine Robinson,"['Eggs', 'Lollipops', 'Photo Albums', 'Vegetable Oil', 'Butter', 'Glue', 'Olive Oil']",7,Cash,North Melissa,Teenager (13-19),Fall,BOGO (Buy One Get One),No,Midday,65.86
2023-11-26 16:42:48,Sydney Medina,['Carry-on Bag'],1,Mobile Payment,Port Deborah,Adult (30-49),Winter,Unknown Promotion,No,Afternoon,5.14
2023-11-26 17:06:35,Melissa Mitchell,"['Chicken', 'Yogurt', 'Laundry Basket', 'Baking Soda', 'Weight Bench']",5,Mobile Payment,Michaelmouth,Young Adult (20-29),Winter,Discount on Selected Items,No,Afternoon,44.95
2023-11-26 17:39:39,Robert Pena,"['Frozen Pizza', 'Peanut Butter', 'Glue']",3,Cash,East Geraldmouth,Teenager (13-19),Summer,Unknown Promotion,No,Afternoon,23.88
2023-11-26 20:44:29,Lisa Zimmerman,"['Soda', 'Tank Top', 'Gym Bag', 'Moving Boxes', 'Hot Sauce', 'Chili Powder', 'Matches', 'Frozen Pizza Rolls', 'Toothbrush']",9,Credit Card,Sarahfurt,Adult (30-49),Spring,Unknown Promotion,Yes,Evening,90.0
2023-11-26 21:05:57,Stuart Smith,"['Cough Drops', 'Matches', 'Leggings', 'Colored Pencils', 'Frozen Pancakes', 'Shower Shoes']",6,Mobile Payment,Mitchellhaven,Middle-aged (50-64),Winter,Discount on Selected Items,No,Evening,57.61
2023-11-26 21:25:41,Angela Dominguez,"['Salt', 'Chicken', 'Briefcase', 'Wallet', 'Frozen Pancakes', 'Messenger Bag', 'Rug']",7,Mobile Payment,New Amy,Teenager (13-19),Winter,Unknown Promotion,No,Evening,65.86
2023-11-27 06:50:31,Caroline Mclean,"['Butter', 'Toothpaste', 'Storage Bins', 'Bread', 'Belt', 'Bra']",6,Cash,New Traviston,Young Adult (20-29),Fall,BOGO (Buy One Get One),No,Morning,57.61
2023-11-27 08:03:45,Sarah Sandoval,"['Bra', 'Vinegar', 'Olive Oil', 'Resistance Bands', 'Construction Paper', 'Trail Mix', 'Jelly', 'Crayons', 'Batteries']",9,Credit Card,Cindyburgh,Senior (65+),Summer,BOGO (Buy One Get One),Yes,Morning,90.0
2023-11-27 11:08:38,Derek Morrison,"['Bagels', 'Coat', 'Underwear', 'Almonds', 'Jacket']",5,Debit Card,Alejandroberg,Adult (30-49),Winter,Unknown Promotion,No,Midday,44.95
2023-11-27 11:44:20,Karl Tran,['Frozen Vegetables'],1,Debit Card,Shieldsmouth,Middle-aged (50-64),Winter,Discount on Selected Items,No,Midday,5.14
2023-11-27 14:04:29,Kristen Foster,"['Peanuts', 'Shorts', 'Candles']",3,Credit Card,Guerreroland,Middle-aged (50-64),Winter,Unknown Promotion,Yes,Midday,23.88
2023-11-27 16:08:31,Johnny Gonzalez,"['Frozen Pancakes', 'T-Shirt', 'Laptop Bag', 'Purse']",4,Debit Card,South Sethland,Adult (30-49),Spring,Unknown Promotion,No,Afternoon,34.67
2023-11-27 16:35:28,Joseph Duke,"['Sports Drinks', 'Cashews', 'Dumbbells']",3,Debit Card,North Mollyborough,Teenager (13-19),Spring,Unknown Promotion,Yes,Afternoon,23.88
2023-11-27 21:00:02,Heidi Foster,"['Shorts', 'Washcloths', 'Stain Remover', 'Frozen Pie', 'Slippers', 'Band-Aids', 'Notebook Paper', 'Paper Plates']",8,Cash,Alanhaven,Young Adult (20-29),Fall,BOGO (Buy One Get One),Yes,Evening,77.1
2023-11-28 02:22:10,Melissa Turner,"['Carry-on Bag', 'Butter', 'Frozen Sausages', 'Tea', 'Allergy Medicine']",5,Credit Card,Adrianaview,Young Adult (20-29),Winter,Discount on Selected Items,No,Early Morning,44.95
2023-11-28 06:50:11,Michael Dixon DVM,"['Nail Polish Remover', 'Sunglasses', 'Mac and Cheese', 'Brownies', 'Fabric Softener', 'Pretzels']",6,Mobile Payment,East Lindsey,Young Adult (20-29),Summer,Unknown Promotion,No,Morning,57.61
2023-11-28 09:54:05,Mark Diaz,"['Plastic Cups', 'Beef', 'Sunscreen', 'Paper Towels']",4,Debit Card,Lake Sarah,Adult (30-49),Spring,BOGO (Buy One Get One),No,Morning,34.67
2023-11-28 10:16:06,Lisa Wallace,['Cough Syrup'],1,Credit Card,North Rebeccashire,Adult (30-49),Spring,BOGO (Buy One Get One),Yes,Midday,5.14
2023-11-28 10:42:07,Susan Brown,"['Bathrobe', 'Ruler', 'Gloves', 'Apples']",4,Cash,South Jonathanmouth,Young Adult (20-29),Summer,Unknown Promotion,No,Midday,34.67
2023-11-28 10:51:50,Nicole Wilson,['Paprika'],1,Credit Card,West Alicia,Adult (30-49),Spring,BOGO (Buy One Get One),No,Midday,5.14
2023-11-28 13:51:58,Margaret Schultz,"['Yoga Pants', 'Olives', 'Popcorn', 'Mustard', 'Barbecue Sauce', 'Cough Drops', 'Toothpaste']",7,Debit Card,Cathystad,Adult (30-49),Spring,BOGO (Buy One Get One),Yes,Midday,65.86
2023-11-28 14:20:42,Lance Munoz,"['Pencils', 'Batteries']",2,Debit Card,East Catherineberg,Young Adult (20-29),Winter,BOGO (Buy One Get One),Yes,Midday,14.55
2023-11-28 14:40:51,Thomas Kelly,"['Ketchup', 'Sports Bra', 'Chewing Gum', 'Shorts']",4,Debit Card,Kellyhaven,Adult (30-49),Spring,Unknown Promotion,Yes,Midday,34.67
2023-11-28 14:42:53,Yvonne Johnson,"['Flip Flops', 'Trash Bags', 'Bath Bombs']",3,Debit Card,Kylefurt,Young Adult (20-29),Winter,Discount on Selected Items,Yes,Midday,23.88
2023-11-28 16:20:19,Joseph Bailey,"['Pretzels', 'Sunglasses', 'Scarf', 'Mints']",4,Debit Card,East Maurice,Adult (30-49),Winter,Discount on Selected Items,No,Afternoon,34.67
2023-11-28 17:05:18,Ruben Duncan,"['Cheese', 'Goggles', 'Mustard', 'Treadmill', 'Popcorn', 'Slippers', 'Cumin', 'Shorts']",8,Credit Card,Martinland,Senior (65+),Fall,Discount on Selected Items,No,Afternoon,77.1
2023-11-28 17:23:48,Steven Olson,"['Pasta', 'Frozen Cookies', 'Brownies', 'Notebooks', 'Sandals', 'Pull-up Bar', 'Canned Fruit', 'Bathrobe', 'Vinegar']",9,Credit Card,Robinsonborough,Middle-aged (50-64),Winter,BOGO (Buy One Get One),No,Afternoon,90.0
2023-11-28 17:41:48,Cynthia Foster,"['Toothbrush', 'Photo Albums', 'Trash Bags', 'Belt', 'Sunscreen', 'Frozen Bagels', 'Pasta Sauce', 'Salt', 'Folders']",9,Cash,East Brett,Young Adult (20-29),Fall,Discount on Selected Items,Yes,Afternoon,90.0
2023-11-28 18:41:55,Austin Hughes,"['Frozen Pie', 'Air Freshener', 'Light Bulbs', 'Garlic Powder']",4,Debit Card,Gamblefurt,Adult (30-49),Spring,Unknown Promotion,No,Afternoon,34.67
2023-11-28 22:48:27,Joseph Snyder,"['Bleach', 'Dryer Sheets', 'Ice Cream Bars']",3,Mobile Payment,East Christopher,Young Adult (20-29),Fall,Discount on Selected Items,No,Late Night,23.88
2023-11-28 23:18:40,Tammy Clark,"['Sunglasses', 'Picture Frames', 'Scissors', 'Bath Salts', 'Frozen Fruit', 'Cashews', 'Bobby Pins', 'Shorts', 'Lotion']",9,Credit Card,Smithhaven,Senior (65+),Winter,BOGO (Buy One Get One),Yes,Late Night,90.0
2023-11-29 08:08:25,Joseph Henderson,"['Cookies', 'Storage Bins', 'Rice', 'Tape', 'Nail Polish', 'Kettlebells']",6,Debit Card,Port Timothy,Middle-aged (50-64),Winter,BOGO (Buy One Get One),No,Morning,57.61
2023-11-29 08:12:21,Laura Stewart,"['Colored Pencils', 'Slippers', 'Swim Cap']",3,Mobile Payment,Davidstad,Adult (30-49),Summer,Unknown Promotion,No,Morning,23.88
2023-11-29 09:12:20,Mrs. Jessica Carter,"['Backpack', 'Wallet']",2,Cash,Lake Christine,Teenager (13-19),Spring,BOGO (Buy One Get One),Yes,Morning,14.55
2023-11-29 09:24:20,Seth Mclaughlin,"['Lollipops', 'Hot Sauce']",2,Mobile Payment,Michaelburgh,Adult (30-49),Spring,Discount on Selected Items,No,Morning,14.55
2023-11-29 10:45:37,Justin Smith,"['Hangers', 'Shoes', 'Mouthwash', 'Leggings', 'Exercise Bike']",5,Debit Card,Collierberg,Middle-aged (50-64),Spring,Unknown Promotion,Yes,Midday,44.95
2023-11-29 11:45:23,Ellen Smith,"['Hot Sauce', 'Bleach', 'Super Glue', 'Multi-Surface Cleaner', 'Canned Vegetables']",5,Credit Card,Aliciaside,Adult (30-49),Fall,Unknown Promotion,No,Midday,44.95
2023-11-29 15:02:26,Jack Hall,"['Paper Plates', 'Pants', 'Orange Juice', 'Gym Towel', 'Hot Sauce', 'Leggings']",6,Cash,Kellyview,Young Adult (20-29),Winter,Discount on Selected Items,No,Midday,57.61
2023-11-29 15:10:18,Cindy Jacobs,"['Gloves', 'Laundry Detergent', 'Orange Juice', 'Band-Aids', 'Ice Cream Tubs', 'Mustard', 'Bagels', 'Markers', 'Weight Bench']",9,Credit Card,Bennettville,Middle-aged (50-64),Fall,Unknown Promotion,Yes,Midday,90.0
2023-11-29 16:07:03,Patrick Martin,"['Sunscreen', 'Vegetable Oil', 'Chili Powder', 'Frozen Pizza Rolls', 'Cheese']",5,Cash,Margarettown,Adult (30-49),Summer,Discount on Selected Items,No,Afternoon,44.95
2023-11-29 17:38:38,Jason Diaz,"['Frozen Chicken Nuggets', 'Sugar', 'Shorts', 'Handbag']",4,Cash,Austinbury,Middle-aged (50-64),Spring,BOGO (Buy One Get One),Yes,Afternoon,34.67
2023-11-29 17:47:20,Brian Bush,"['Duffel Bag', 'Rowing Machine', 'Storage Bins', 'Pencils', 'Shorts', 'Ice Cream Bars', 'Trash Bags', 'Salt']",8,Mobile Payment,Vasquezshire,Middle-aged (50-64),Spring,BOGO (Buy One Get One),Yes,Afternoon,77.1
2023-11-29 18:00:30,Dr. Brian Tran,"['Polo Shirt', 'Brownies', 'Bubble Bath']",3,Mobile Payment,Port Benjaminfurt,Teenager (13-19),Winter,BOGO (Buy One Get One),Yes,Afternoon,23.88
2023-11-29 21:46:19,Erik Evans,"['Cough Drops', 'Salt']",2,Debit Card,Jamesburgh,Adult (30-49),Winter,Unknown Promotion,No,Evening,14.55
2023-11-29 21:48:46,Courtney Baker,"['Vegetable Oil', 'Bra', 'Bananas', 'Soda', 'Dish Soap']",5,Mobile Payment,Staceyshire,Young Adult (20-29),Spring,Unknown Promotion,Yes,Evening,44.95
2023-11-30 02:40:59,Karen Monroe,"['Flour', 'Frozen Fish Sticks', 'Cold Medicine']",3,Mobile Payment,Lake Jackie,Young Adult (20-29),Fall,Unknown Promotion,No,Early Morning,23.88
2023-11-30 04:02:34,Brian Brooks,"['Sneakers', 'Conditioner', 'Pasta', 'Laundry Detergent', 'Charcoal', 'Jam']",6,Cash,Baileyton,Adult (30-49),Spring,BOGO (Buy One Get One),No,Morning,57.61
2023-11-30 04:52:12,Nathan Gibson,"['Crayons', 'Laundry Detergent', 'Mints', 'Energy Drinks', 'Frozen Pizza', 'Folders']",6,Credit Card,Micheleton,Teenager (13-19),Spring,Unknown Promotion,Yes,Morning,56.07
2023-11-30 07:41:23,Brianna Miller,"['Frozen Meatballs', 'Cereal', 'Sponges']",3,Mobile Payment,Port Travis,Young Adult (20-29),Fall,Discount on Selected Items,Yes,Morning,23.88
2023-11-30 08:18:22,William Montoya,"['Milk', 'Bagels']",2,Credit Card,Jeremyborough,Teenager (13-19),Spring,Unknown Promotion,No,Morning,14.55
2023-11-30 10:29:10,Kimberly Thompson,"['Trail Mix', 'Peanut Butter', 'Underwear']",3,Cash,Palmershire,Adult (30-49),Spring,Unknown Promotion,No,Midday,23.88
2023-11-30 11:17:55,Chad Lopez,"['Peanut Butter', 'Cough Syrup', 'Vegetable Oil', 'Paper Cups', 'Bug Spray', 'Wallet', 'Cashews', 'Scissors', 'Scrubbers', 'Bananas', 'Water', 'Popsicles']",12,Debit Card,Markville,Young Adult (20-29),Fall,Unknown Promotion,Yes,Midday,124.9
2023-11-30 12:53:29,Justin Ramos,"['Dryer Sheets', 'Orange Juice', 'Hair Ties', 'Scissors']",4,Debit Card,New Ryan,Young Adult (20-29),Fall,BOGO (Buy One Get One),No,Midday,34.67
2023-11-30 14:17:33,Melvin Lester,"['Apples', 'Frozen Pancakes', 'Pretzels', 'Shampoo', 'Cotton Swabs', 'Pants', 'Frozen Pie', 'Paper Plates']",8,Debit Card,South Garyview,Senior (65+),Spring,BOGO (Buy One Get One),Yes,Midday,77.1
2023-11-30 15:19:31,Sergio Sanchez,"['Beach Towel', 'Almonds', 'Cucumber', 'Storage Bins', 'Ice Cream']",5,Credit Card,Hurleyview,Middle-aged (50-64),Winter,BOGO (Buy One Get One),No,Midday,44.95
2023-11-30 16:59:15,Joshua Hernandez,"['Canola Oil', 'Markers', 'Lighter Fluid', 'Yogurt', 'Frozen Waffles', 'Frozen Vegetables', 'Canned Tuna']",7,Credit Card,East Marioville,Middle-aged (50-64),Summer,BOGO (Buy One Get One),No,Afternoon,65.86
2023-11-30 17:13:08,Christopher Medina,['Hairbrush'],1,Mobile Payment,West Laura,Young Adult (20-29),Summer,Unknown Promotion,No,Afternoon,5.14
2023-11-30 18:01:06,Caleb Copeland,"['Sorbets', 'Peanut Butter', 'Popsicles', 'Butter']",4,Cash,West Brettbury,Young Adult (20-29),Spring,Discount on Selected Items,Yes,Afternoon,34.67
2023-11-30 18:18:10,Sara Higgins,"['Cereal', 'Hand Sanitizer', 'Sweater', 'Juice', 'Apples', 'Crayons', 'Cream Cheese', 'Ketchup', 'Flashlight']",9,Debit Card,South Kyleview,Middle-aged (50-64),Spring,Unknown Promotion,No,Afternoon,90.0
2023-11-30 20:00:04,Mario Boyd,"['Tote Bag', 'Protein Shakes', 'Laundry Basket', 'Bathrobe', 'Olive Oil', 'Disinfectant Wipes', 'Capri Pants', 'Baking Powder', 'Skirt', 'Lemonade']",10,Cash,East Derekview,Senior (65+),Spring,BOGO (Buy One Get One),Yes,Evening,102.2
2023-11-30 20:03:33,Tiffany Nguyen,"['Duct Tape', 'Olive Oil', 'Batteries', 'Cream Cheese', 'Cough Drops', 'Picture Frames', 'Laundry Basket']",7,Debit Card,West Adam,Young Adult (20-29),Winter,Discount on Selected Items,No,Evening,65.86
2023-11-30 20:13:15,Barbara Clark,['Cotton Balls'],1,Debit Card,Port Jamie,Senior (65+),Winter,Discount on Selected Items,No,Evening,5.14
2023-12-01 02:55:35,Thomas Morris,"['Duffel Bag', 'Bananas', 'Cumin', 'Umbrella', 'Scrubbers', 'Washcloths', 'Salt', 'Chewing Gum']",8,Cash,East Susanmouth,Young Adult (20-29),Fall,Unknown Promotion,Yes,Early Morning,77.1
2023-12-01 10:51:26,Timothy Frost,"['Facial Tissue', 'Hair Ties', 'Bikini', 'Fabric Softener']",4,Mobile Payment,Amandahaven,Adult (30-49),Summer,BOGO (Buy One Get One),Yes,Midday,34.67
2023-12-01 11:24:41,Lance Mills,"['Ruler', 'Frozen Burritos', 'Donuts', 'Floss', 'Butter']",5,Credit Card,Port Erin,Middle-aged (50-64),Winter,Unknown Promotion,No,Midday,44.95
2023-12-01 12:06:57,Norma Mitchell,"['Cookies', 'Notebooks']",2,Mobile Payment,Joland,Senior (65+),Spring,Unknown Promotion,No,Midday,14.55
2023-12-01 12:50:14,Kelli Ellis,"['Frozen Fries', 'Disinfectant Wipes', 'Slippers', 'T-Shirt', 'Envelopes', 'Frozen Pancakes']",6,Cash,Bakershire,Teenager (13-19),Winter,BOGO (Buy One Get One),No,Midday,57.61
2023-12-01 16:06:14,John Hicks,"['Sunscreen', 'Tote Bag']",2,Cash,New Lonnieburgh,Senior (65+),Winter,Discount on Selected Items,No,Afternoon,14.55
2023-12-01 17:14:41,Melissa Tucker,"['Cinnamon', 'Frozen Burritos']",2,Mobile Payment,Eddieville,Adult (30-49),Fall,BOGO (Buy One Get One),No,Afternoon,14.55
2023-12-01 17:18:36,Vincent Mccarthy,"['Paper Towels', 'Granola Bars', 'Disinfectant Wipes', 'Pepper']",4,Credit Card,Jonathontown,Adult (30-49),Spring,Unknown Promotion,No,Afternoon,34.67
2023-12-01 17:39:33,Wanda Ho,"['Frozen Waffles', 'Lighter', 'Bath Mat', 'Frozen Pie', 'Swim Cap', 'Glass Cleaner']",6,Cash,East Candice,Young Adult (20-29),Summer,Unknown Promotion,Yes,Afternoon,56.07
2023-12-01 18:13:49,John Moore,"['Protein Powder', 'Chocolate', 'Tomatoes', 'Skirt']",4,Debit Card,North Nicoleland,Young Adult (20-29),Winter,BOGO (Buy One Get One),Yes,Afternoon,34.67
2023-12-01 19:47:34,Cindy Herrera,"['Purse', 'Soy Sauce', 'Bath Bombs', 'Disinfectant Wipes', 'Laundry Detergent', 'Napkins', 'Beef', 'Comb', 'Dryer Sheets', 'Barbecue Sauce', 'Treadmill', 'Detergent']",12,Credit Card,North Kelly,Middle-aged (50-64),Spring,Unknown Promotion,No,Evening,124.9
2023-12-02 00:42:14,Gwendolyn Choi,"['Baking Soda', 'Muffins', 'Socks', 'Frozen Fries', 'Exercise Bike', 'Workout Clothes', 'Air Freshener']",7,Cash,Davidberg,Adult (30-49),Summer,Discount on Selected Items,Yes,Early Morning,65.86
2023-12-02 10:38:54,Tina Chaney,"['Toothpaste', 'Snack Cakes']",2,Debit Card,Port Robertbury,Middle-aged (50-64),Fall,BOGO (Buy One Get One),Yes,Midday,14.55
2023-12-02 13:16:35,Sonya West,"['Olives', 'Canola Oil', 'Frozen Fruit', 'Tea', 'Sandals', 'Scrubbers', 'Honey', 'Frozen Dinners', 'Photo Albums', 'Hat']",10,Debit Card,Lake Lauraborough,Adult (30-49),Summer,BOGO (Buy One Get One),Yes,Midday,102.2
2023-12-02 13:58:14,Jeremy Young,"['Umbrella', 'Cereal', 'Trash Bags', 'Socks', 'Frozen Waffles', 'Skirt', 'Pencils', 'Flour', 'Cashews', 'Dish Soap']",10,Debit Card,Port Charles,Middle-aged (50-64),Winter,Unknown Promotion,Yes,Midday,102.2
2023-12-02 14:32:27,Jennifer Cohen,"['Frozen Fruit', 'Toilet Paper', 'Spaghetti', 'Candy Bars']",4,Mobile Payment,Eddieshire,Senior (65+),Winter,BOGO (Buy One Get One),No,Midday,34.67
2023-12-02 15:42:34,Jason Nixon,['Frozen Breakfast Sandwiches'],1,Mobile Payment,Townsendside,Teenager (13-19),Spring,Discount on Selected Items,No,Midday,5.14
2023-12-02 16:21:03,Yolanda Franklin,"['Canned Soup', 'Treadmill', 'Frozen Vegetables', 'Frozen Fries', 'Exercise Ball', 'Syrup']",6,Debit Card,New Josephton,Young Adult (20-29),Spring,Unknown Promotion,No,Afternoon,57.61
2023-12-02 18:02:01,Patricia Moore,['Post-it Notes'],1,Debit Card,East Joshuastad,Young Adult (20-29),Spring,Discount on Selected Items,Yes,Afternoon,5.14
2023-12-02 18:24:13,Paula Monroe,"['Cotton Balls', 'Headbands', 'Heels', 'Slippers', 'Comb']",5,Credit Card,Richardmouth,Senior (65+),Fall,Discount on Selected Items,Yes,Afternoon,44.95
2023-12-02 19:51:07,Ricardo Bush,"['Ice Cream Tubs', 'Resistance Bands', 'Ice Cream Sandwiches', 'Coffee', 'Sports Drinks', 'Iced Tea', 'Multi-Surface Cleaner', 'Sunglasses', 'Mints']",9,Debit Card,Katherineside,Young Adult (20-29),Fall,BOGO (Buy One Get One),Yes,Evening,90.0
2023-12-03 06:18:29,Stacy Bishop,"['Ear Muffs', 'Shower Shoes', 'Jeans', 'Pasta', 'Shaving Cream', 'Mouthwash', 'Sunscreen', 'Trash Bags', 'Mustard', 'Popsicles', 'Slippers']",11,Mobile Payment,North Meganbury,Middle-aged (50-64),Winter,BOGO (Buy One Get One),Yes,Morning,113.03
2023-12-03 09:20:15,Gene Gardner,"['Hot Sauce', 'Shower Cap', 'Coat', 'Frozen Burritos', 'Messenger Bag', 'Canned Vegetables']",6,Mobile Payment,Markburgh,Young Adult (20-29),Winter,Discount on Selected Items,No,Morning,57.61
2023-12-03 10:55:35,Susan Peterson,"['Pajamas', 'Frozen Dinners', 'Nail Polish', 'Disinfectant Wipes']",4,Mobile Payment,Schmidtbury,Adult (30-49),Spring,Unknown Promotion,No,Midday,34.67
2023-12-03 13:12:45,Ryan Hopkins,"['Blouse', 'Insect Repellent', 'Water']",3,Debit Card,North Lynn,Young Adult (20-29),Summer,Unknown Promotion,No,Midday,23.88
2023-12-03 14:40:54,Sarah Harvey,"['Colored Pencils', 'Bath Salts', 'Gym Bag', 'Brownies', 'Bath Mat', 'Sneakers']",6,Cash,New Jamesfort,Adult (30-49),Summer,Discount on Selected Items,Yes,Midday,56.07
2023-12-03 15:01:56,Robert Quinn,"['Energy Drinks', 'Rug']",2,Mobile Payment,Rickychester,Senior (65+),Summer,BOGO (Buy One Get One),No,Midday,14.55
2023-12-03 16:21:19,Elizabeth Rich,"['Pants', 'Jelly', 'Cream Cheese']",3,Debit Card,East Maria,Adult (30-49),Fall,Discount on Selected Items,No,Afternoon,23.88
2023-12-03 17:32:53,Jonathan Carter,"['Binders', 'Hoodie', 'Rice', 'Super Glue']",4,Credit Card,Stephenberg,Young Adult (20-29),Fall,Unknown Promotion,Yes,Afternoon,34.67
2023-12-03 18:01:36,Robert Pineda,"['Sweater', 'Frozen Pancakes', 'Frozen Fish Sticks', 'Conditioner', 'Apples', 'Rug', 'Hot Sauce', 'Eggs', 'Yoga Mat', 'Shoes', 'Weight Bench']",11,Cash,South Lisa,Adult (30-49),Winter,Discount on Selected Items,No,Afternoon,115.89
2023-12-03 18:28:26,Jeremy Watkins,"['Picture Frames', 'Resistance Bands', 'Swim Cap']",3,Cash,North Kathy,Middle-aged (50-64),Fall,Unknown Promotion,Yes,Afternoon,23.88
2023-12-03 19:34:36,Mr. Nathan Mata,"['Frozen Pizza', 'Sunglasses', 'Pajamas', 'Socks']",4,Credit Card,Wattschester,Adult (30-49),Spring,Unknown Promotion,No,Evening,34.67
2023-12-03 20:14:59,Brian Clark,"['Tomato Sauce', 'Trash Bags', 'Laptop Bag']",3,Mobile Payment,North Josephfort,Teenager (13-19),Winter,BOGO (Buy One Get One),Yes,Evening,23.88
2023-12-03 20:18:00,Alan Nguyen,"['Pencils', 'Peanut Butter', 'Ear Muffs', 'Lemonade', 'Duct Tape', 'Frozen Dinners', 'Frozen Fish Sticks']",7,Credit Card,Ianmouth,Young Adult (20-29),Spring,BOGO (Buy One Get One),No,Evening,65.86
2023-12-03 20:57:07,Scott Wilson DVM,"['Tank Top', 'Nail Polish Remover', 'Popcorn']",3,Mobile Payment,Mahoneyview,Young Adult (20-29),Fall,BOGO (Buy One Get One),No,Evening,23.88
2023-12-03 22:01:56,Melanie Gill,"['Cucumber', 'Dish Soap', 'Garlic Powder', 'Crayons', 'Thermometer', 'Bread', 'Chili Powder', 'Ice Cream Sandwiches', 'Exercise Bike']",9,Cash,Craneborough,Adult (30-49),Winter,Unknown Promotion,Yes,Late Night,90.0
2023-12-03 23:50:30,Donald Grant,"['Water', 'Wallet', 'Flashlight']",3,Debit Card,Morrisfurt,Middle-aged (50-64),Fall,Unknown Promotion,Yes,Late Night,23.88
2023-12-04 09:03:19,David Anderson,"['Tea', 'Elliptical', 'Underwear', 'Toothpaste', 'Socks', 'Canned Fruit', 'Wine']",7,Credit Card,Walkerbury,Middle-aged (50-64),Spring,Unknown Promotion,Yes,Morning,65.86
2023-12-04 09:30:03,Allison Page,"['Swim Cap', 'Protein Bars', 'Vinegar', 'Pull-up Bar', 'Weight Bench', 'Batteries', 'Hairbrush', 'Batteries', 'Detergent', 'Ruler']",10,Mobile Payment,South Carmenhaven,Middle-aged (50-64),Winter,Discount on Selected Items,No,Morning,102.2
2023-12-04 10:35:16,Christina Frost,"['Envelopes', 'Paper Cups', 'Sorbets', 'Aluminum Foil']",4,Cash,Port Sally,Senior (65+),Spring,BOGO (Buy One Get One),Yes,Midday,34.67
2023-12-04 12:21:31,Cindy Barrett,"['Water', 'Toilet Paper', 'Capri Pants', 'Paper Plates', 'Charcoal']",5,Credit Card,Suzanneport,Adult (30-49),Fall,Discount on Selected Items,No,Midday,44.95
2023-12-04 13:35:57,Allison Shannon,"['One-Piece Swimsuit', 'Cheese', 'Bread', 'Protein Shakes', 'Sweatshirt', 'Bath Bombs', 'Jam', 'Oranges', 'Eggs', 'Olive Oil', 'Razors']",11,Debit Card,Cochranborough,Senior (65+),Summer,Unknown Promotion,Yes,Midday,113.03
2023-12-04 14:17:23,Jennifer Espinoza,"['Pain Relievers', 'Storage Bins', 'Pepper', 'Tomato Sauce']",4,Mobile Payment,East Travismouth,Young Adult (20-29),Summer,Discount on Selected Items,No,Midday,34.67
2023-12-04 16:00:01,James Nguyen,"['Cough Syrup', 'Soda', 'Bikini']",3,Credit Card,Taylorside,Senior (65+),Summer,Unknown Promotion,No,Afternoon,23.88
2023-12-04 16:06:24,Cynthia Perez,['Cheese'],1,Debit Card,Port Jesseberg,Teenager (13-19),Fall,BOGO (Buy One Get One),No,Afternoon,5.14
2023-12-04 16:08:06,Dana Walters,"['Almonds', 'Gym Bag', 'Oats', 'Peanut Butter', 'Cough Drops', 'Binders']",6,Debit Card,Schultzburgh,Young Adult (20-29),Winter,Unknown Promotion,Yes,Afternoon,56.07
2023-12-04 16:29:11,Lee Wallace,"['Water Bottle', 'Shorts', 'Paper Towels', 'Yoga Pants']",4,Credit Card,Johnland,Adult (30-49),Summer,Unknown Promotion,No,Afternoon,34.67
2023-12-04 20:06:08,Glen Wu,"['Raincoat', 'Apples', 'Dryer Sheets', 'Super Glue', 'Shorts', 'Flashlight']",6,Credit Card,Port Ashley,Middle-aged (50-64),Summer,Discount on Selected Items,Yes,Evening,56.07
2023-12-04 22:06:02,Melvin Lee,"['Yogurt', 'Shower Curtain', 'Wallet', 'Envelopes', 'Ear Muffs', 'Hair Ties']",6,Credit Card,New Patricia,Adult (30-49),Winter,Unknown Promotion,No,Late Night,57.61
2023-12-05 06:25:40,Scott Newman,"['Flour', 'Flats', 'T-Shirt', 'Spaghetti', 'Brownies', 'Tank Top', 'Iced Tea', 'Tape', 'Fabric Softener']",9,Debit Card,Fernandomouth,Teenager (13-19),Summer,Discount on Selected Items,No,Morning,90.0
2023-12-05 07:11:45,Adam Green,"['Headbands', 'Cold Medicine', 'Post-it Notes', 'Paper Towels', 'Onion Powder', 'Comb', 'Frozen Breakfast Sandwiches', 'Sneakers']",8,Mobile Payment,Port Christopherton,Adult (30-49),Winter,Unknown Promotion,Yes,Morning,77.1
2023-12-05 08:40:58,Taylor Miller,"['Iced Tea', 'Hangers', 'Apples', 'Canola Oil', 'Body Wash', 'Foam Roller', 'Sports Drinks']",7,Mobile Payment,Lake Mercedes,Middle-aged (50-64),Winter,Discount on Selected Items,No,Morning,65.86
2023-12-05 10:52:21,Deanna Martinez,"['Bra', 'Toilet Paper', 'Juice', 'Workout Clothes', 'Flashlight', 'Tweezers', 'Photo Albums', 'Frozen Garlic Bread', 'Shaving Cream']",9,Credit Card,Victoriamouth,Adult (30-49),Fall,Discount on Selected Items,No,Midday,90.0
2023-12-05 11:43:18,Diana King,"['Scissors', 'Cotton Balls', 'Tape', 'Sponges', 'Allergy Medicine', 'Yogurt', 'Canned Tuna', 'Index Cards', 'Messenger Bag', 'Frozen Burritos', 'Dumbbells', 'Leggings']",12,Debit Card,West Patricia,Middle-aged (50-64),Spring,Discount on Selected Items,No,Midday,124.9
2023-12-05 12:38:56,Bryan Martinez,"['Orange Juice', 'Sunscreen']",2,Cash,Port Danieltown,Teenager (13-19),Fall,Unknown Promotion,No,Midday,14.55
2023-12-05 12:46:36,Dale Smith,['Cucumber'],1,Debit Card,Lake Andrew,Middle-aged (50-64),Spring,BOGO (Buy One Get One),No,Midday,5.14
2023-12-05 15:42:22,Daniel Nguyen,"['Gym Bag', 'Bagels', 'Tomato Sauce', 'Laundry Detergent', 'Exercise Bike']",5,Mobile Payment,Port Christopherport,Adult (30-49),Spring,Unknown Promotion,Yes,Midday,44.95
2023-12-05 16:59:39,Adam Schneider,"['Gloves', 'Glass Cleaner', 'Pickles', 'Canned Soup', 'Eggs', 'Popcorn']",6,Debit Card,Port Marystad,Middle-aged (50-64),Fall,BOGO (Buy One Get One),No,Afternoon,57.61
2023-12-05 17:11:27,Angela Wilson,"['Shaving Cream', 'Beef', 'Nail Polish', 'Shorts', 'Construction Paper', 'Hot Sauce', 'Jacket']",7,Debit Card,Ryanton,Adult (30-49),Summer,BOGO (Buy One Get One),No,Afternoon,65.86
2023-12-05 18:42:21,Mark Matthews,"['Frozen Pizza', 'Flashlight']",2,Credit Card,Andrewsmouth,Adult (30-49),Spring,Discount on Selected Items,Yes,Afternoon,14.55
2023-12-05 19:14:04,Amy Sanders,"['Jeans', 'Handbag', 'Paper Towels', 'One-Piece Swimsuit', 'Cumin']",5,Debit Card,West Colleenberg,Adult (30-49),Spring,Unknown Promotion,Yes,Evening,44.95
2023-12-05 23:14:02,Kristen Washington,"['Jacket', 'Granola Bars', 'Capri Pants', 'Pencils', 'Detergent', 'Comb']",6,Credit Card,Rebeccamouth,Adult (30-49),Spring,Unknown Promotion,No,Late Night,57.61
2023-12-06 01:31:15,Robert Willis,"['Lollipops', 'Granola Bars']",2,Mobile Payment,Michaelport,Senior (65+),Summer,Discount on Selected Items,No,Early Morning,14.55
2023-12-06 06:34:49,Lindsey Franco,"['Shaving Cream', 'Rice', 'Spaghetti', 'Umbrella', 'Glass Cleaner']",5,Debit Card,Lake Shannonstad,Young Adult (20-29),Fall,BOGO (Buy One Get One),Yes,Morning,44.95
2023-12-06 08:35:27,Curtis Noble,"['Lip Balm', 'Flour']",2,Debit Card,East Jonathanside,Middle-aged (50-64),Summer,Unknown Promotion,No,Morning,14.55
2023-12-06 09:24:31,Lee Garcia,"['Post-it Notes', 'Wine', 'Frozen Meatballs', 'Hairbrush', 'Shelving', 'Paper Cups']",6,Mobile Payment,South Elizabeth,Adult (30-49),Winter,BOGO (Buy One Get One),Yes,Morning,56.07
2023-12-06 15:02:40,Briana Roberts,"['Cashews', 'Beach Towel', 'Lemonade', 'Raincoat', 'Post-it Notes', 'Water Bottle', 'Toilet Paper', 'Almonds']",8,Debit Card,East Courtney,Young Adult (20-29),Spring,BOGO (Buy One Get One),No,Midday,77.1
2023-12-06 15:44:02,Tracy Ramos,"['Moving Boxes', 'Notebooks', 'Swim Trunks', 'Yoga Mat', 'Conditioner', 'First Aid Kit']",6,Cash,Johnsonview,Middle-aged (50-64),Fall,Unknown Promotion,No,Midday,57.61
2023-12-06 16:27:18,Amber Hunter,"['Laptop Bag', 'Sunscreen', 'Packing Tape', 'Bleach', 'Paprika', 'Cucumber', 'Shampoo', 'Honey', 'Chewing Gum', 'Flashlight']",10,Credit Card,East Deborahhaven,Middle-aged (50-64),Summer,Unknown Promotion,Yes,Afternoon,102.2
2023-12-06 17:04:04,Hector Robinson,"['Blouse', 'Stamps', 'Carry-on Bag', 'Rowing Machine']",4,Credit Card,West Kellyport,Young Adult (20-29),Fall,Unknown Promotion,Yes,Afternoon,34.67
2023-12-06 17:13:09,Rhonda Hernandez,"['Bread', 'Donuts', 'Skirt']",3,Credit Card,Cynthiafurt,Adult (30-49),Spring,Discount on Selected Items,No,Afternoon,23.88
2023-12-06 18:20:30,Hannah Thompson,"['Frozen Waffles', 'Cheese', 'Bathrobe', 'Scissors']",4,Debit Card,North Denise,Middle-aged (50-64),Fall,Discount on Selected Items,Yes,Afternoon,34.67
2023-12-06 18:42:46,Michael Moore,"['Beer', 'Frozen Fruit', 'Wine', 'Tank Top', 'Swim Trunks', 'Frozen Bagels', 'Dumbbells']",7,Mobile Payment,East Jonathanchester,Young Adult (20-29),Winter,BOGO (Buy One Get One),Yes,Afternoon,65.86
2023-12-06 20:36:24,James Tucker,"['Flats', 'Batteries', 'Frozen Burritos', 'Leggings', 'Bagels', 'Gloves']",6,Credit Card,North Deborah,Adult (30-49),Winter,Unknown Promotion,Yes,Evening,56.07
2023-12-07 01:47:28,Nancy Sosa,"['Sports Drinks', 'Slippers', 'Elliptical', 'Paprika']",4,Credit Card,Lake Nancymouth,Middle-aged (50-64),Spring,Unknown Promotion,No,Early Morning,34.67
2023-12-07 03:49:56,Elizabeth Russo MD,"['Cold Medicine', 'Chips', 'Pants', 'Packing Tape', 'Oranges', 'Colored Pencils']",6,Credit Card,New Brian,Adult (30-49),Spring,BOGO (Buy One Get One),Yes,Early Morning,56.07
2023-12-07 05:22:29,Chad Jones,"['Shower Shoes', 'Backpack', 'Ice Cream Tubs', 'Tank Top', 'Body Wash', 'Crayons', 'Construction Paper', 'Brownies']",8,Mobile Payment,Gloverborough,Middle-aged (50-64),Fall,Discount on Selected Items,No,Morning,77.1
2023-12-07 10:08:34,Brandon Mclaughlin,"['Nail Clippers', 'Scarf', 'Raincoat', 'Allergy Medicine']",4,Debit Card,Suttonborough,Senior (65+),Summer,Discount on Selected Items,Yes,Midday,34.67
2023-12-07 11:21:51,Shirley Bush,['Snack Cakes'],1,Debit Card,Port Edwardbury,Middle-aged (50-64),Winter,Discount on Selected Items,Yes,Midday,5.14
2023-12-07 13:13:42,Jeffrey Lin,"['Shorts', 'Weight Bench', 'Bubble Bath']",3,Cash,Lake Steven,Middle-aged (50-64),Winter,Unknown Promotion,Yes,Midday,23.88
2023-12-07 13:21:12,Mary Aguilar,"['Cumin', 'Hangers']",2,Credit Card,New Jordan,Senior (65+),Fall,BOGO (Buy One Get One),No,Midday,14.55
2023-12-07 15:26:04,Ellen Hull,"['Hand Sanitizer', 'Protein Shakes', 'Cookies', 'Shorts', 'Granola Bars', 'Beer', 'Colored Pencils', 'Light Bulbs', 'Cough Syrup', 'Protein Bars', 'Cucumber']",11,Cash,Dixonport,Middle-aged (50-64),Fall,Unknown Promotion,No,Midday,115.89
2023-12-07 15:26:33,Robert Higgins,"['Jacket', 'Flip Flops', 'Coat', 'Beach Towel', 'Elliptical', 'Frozen Bread']",6,Cash,Ashleyfort,Middle-aged (50-64),Winter,Unknown Promotion,No,Midday,57.61
2023-12-07 16:47:59,Joseph Green,"['Multi-Surface Cleaner', 'Backpack', 'Conditioner']",3,Mobile Payment,Philipborough,Adult (30-49),Winter,Discount on Selected Items,No,Afternoon,23.88
2023-12-07 19:09:12,Amanda Wilkins,"['Frozen Pizza Rolls', 'Moving Boxes']",2,Cash,West Amandafort,Middle-aged (50-64),Fall,BOGO (Buy One Get One),Yes,Evening,14.55
2023-12-07 19:29:04,Teresa Scott,"['Duct Tape', 'Nail Polish', 'Cough Drops', 'Hairbrush', 'Dried Cranberries']",5,Credit Card,Jessicastad,Adult (30-49),Summer,Discount on Selected Items,No,Evening,44.95
2023-12-07 20:40:53,Derrick Soto,"['Markers', 'Pasta', 'Frozen Vegetables', 'Ice Cream Bars', 'Cough Syrup', 'Sunscreen', 'Tomato Sauce']",7,Mobile Payment,Wrightbury,Teenager (13-19),Fall,Unknown Promotion,Yes,Evening,65.86
2023-12-07 22:17:08,David Roberts MD,"['Picture Frames', 'Lollipops', 'Pens', 'Workout Clothes']",4,Debit Card,North Jorgeport,Middle-aged (50-64),Summer,Discount on Selected Items,No,Late Night,34.67
2023-12-08 07:57:52,Aaron Nguyen,"['Sunglasses', 'Almonds', 'Scrubbers', 'Dress', 'Fabric Softener', 'Briefcase', 'Olives', 'Capri Pants', 'Thermometer', 'Instant Noodles', 'Frozen Dinners', 'Trail Mix']",12,Mobile Payment,South David,Adult (30-49),Winter,Discount on Selected Items,No,Morning,124.9
2023-12-08 09:30:12,Donald Tucker,"['Cookies', 'Stain Remover', 'Matches', 'Snack Cakes', 'Shampoo', 'Oranges']",6,Mobile Payment,Cameronfurt,Senior (65+),Spring,Unknown Promotion,Yes,Morning,56.07
2023-12-08 09:31:07,Dennis Potter,"['Toothpaste', 'Ketchup', 'Super Glue', 'Hairbrush', 'Scrubbers', 'Stain Remover', 'Tank Top']",7,Mobile Payment,New Amandaport,Adult (30-49),Spring,Discount on Selected Items,No,Morning,65.86
2023-12-08 11:43:07,Nathan Carlson,"['Toothpaste', 'Hair Ties', 'Air Freshener', 'Tomato Sauce', 'Handbag', 'Bikini', 'Napkins']",7,Credit Card,South Stephen,Young Adult (20-29),Summer,BOGO (Buy One Get One),Yes,Midday,65.86
2023-12-08 13:21:54,Kaitlyn Williams,"['Beef', 'Razors']",2,Cash,Carrville,Young Adult (20-29),Summer,BOGO (Buy One Get One),No,Midday,14.55
2023-12-08 14:54:22,Francisco Romero,"['Gym Bag', 'Bath Bombs', 'Laundry Basket', 'Sunglasses', 'Chewing Gum']",5,Credit Card,East Timothymouth,Young Adult (20-29),Spring,Discount on Selected Items,No,Midday,44.95
2023-12-08 15:26:39,Michael Oliver,"['Shower Curtain', 'Oats', 'Gloves', 'Canned Soup', 'Colored Pencils']",5,Credit Card,Garcialand,Adult (30-49),Winter,Unknown Promotion,Yes,Midday,44.95
2023-12-08 15:42:50,Melissa King,"['Brownies', 'Batteries', 'Paper Towels', 'Laundry Detergent']",4,Mobile Payment,Lake Gregory,Middle-aged (50-64),Spring,Unknown Promotion,Yes,Midday,34.67
2023-12-08 16:20:25,Mr. Timothy Lewis,"['Yogurt', 'Frozen Pancakes', 'Swim Cap', 'Pens', 'Storage Bins']",5,Cash,South Laura,Adult (30-49),Winter,Unknown Promotion,Yes,Afternoon,44.95
2023-12-08 16:47:58,Dylan Nelson,['Pretzels'],1,Mobile Payment,Ortizhaven,Teenager (13-19),Spring,BOGO (Buy One Get One),Yes,Afternoon,5.14
2023-12-08 16:52:49,Joshua Martinez,"['Frozen Bagels', 'Tomato Sauce', 'Hairbrush', 'Beer']",4,Mobile Payment,Joshuafort,Adult (30-49),Spring,BOGO (Buy One Get One),Yes,Afternoon,34.67
2023-12-08 17:21:17,Rebecca Carter,"['Gym Towel', 'Beach Towel', 'Chili Powder', 'Dryer Sheets', 'Plastic Utensils']",5,Credit Card,Grossbury,Senior (65+),Spring,Discount on Selected Items,No,Afternoon,44.95
2023-12-08 18:20:41,Sarah Jordan,"['Picture Frames', 'Protein Powder', 'Sorbets', 'Cold Medicine', 'Carry-on Bag', 'Laundry Detergent']",6,Cash,Lake Conniemouth,Adult (30-49),Spring,Unknown Promotion,No,Afternoon,57.61
2023-12-08 19:48:30,Jenna Hughes,"['Stamps', 'Frozen Dinners', 'Markers', 'Sweater', 'Floss', 'Frozen Garlic Bread', 'Bread']",7,Mobile Payment,East Nicholasborough,Adult (30-49),Fall,Unknown Promotion,No,Evening,65.86
2023-12-09 06:34:25,Matthew Lewis,"['Markers', 'Handbag', 'Multi-Surface Cleaner', 'Aluminum Foil', 'Goggles', 'Bread', 'Passport Holder', 'Frozen Waffles', 'Frozen Bread', 'Underwear']",10,Debit Card,South Andrew,Young Adult (20-29),Summer,Unknown Promotion,Yes,Morning,102.2
2023-12-09 08:50:38,April Thompson,"['Rug', 'Juice', 'Scissors']",3,Credit Card,Johnsonport,Adult (30-49),Summer,BOGO (Buy One Get One),No,Morning,23.88
2023-12-09 08:59:12,Robert Schmidt,"['Granola Bars', 'Frozen Chicken Nuggets', 'Canned Fruit', 'Air Freshener', 'Coat', 'Workout Clothes', 'Matches', 'Beer', 'Bath Mat']",9,Mobile Payment,South Shawnville,Young Adult (20-29),Winter,Discount on Selected Items,No,Morning,90.0
2023-12-09 09:35:44,Eric Garcia,"['Mac and Cheese', 'Heels', 'Bread', 'Pepper', 'Chewing Gum']",5,Credit Card,North Betty,Young Adult (20-29),Spring,Discount on Selected Items,Yes,Morning,44.95
2023-12-09 10:14:29,Rebecca Dixon,"['Body Wash', 'Foam Roller', 'Cream Cheese', 'Allergy Medicine', 'Disinfectant Wipes', 'Tea', 'Duct Tape', 'Snack Cakes']",8,Credit Card,Port Wendyhaven,Young Adult (20-29),Spring,Unknown Promotion,Yes,Midday,77.1
2023-12-09 10:39:05,Joshua Benson,"['Frozen Vegetables', 'Sports Drinks', 'Messenger Bag', 'Sunscreen', 'Pain Relievers', 'Mac and Cheese', 'Picture Frames', 'Brownies', 'Soap', 'Deodorant', 'Floss']",11,Mobile Payment,Lauraville,Middle-aged (50-64),Spring,Discount on Selected Items,No,Midday,115.89
2023-12-09 11:14:56,Deborah Davis,"['Soda', 'Cotton Swabs', 'Napkins']",3,Debit Card,Lake Jeffreybury,Teenager (13-19),Fall,Unknown Promotion,Yes,Midday,23.88
2023-12-09 13:38:00,Jason Phillips,"['Brownies', 'Gum']",2,Debit Card,Port Amy,Senior (65+),Fall,Unknown Promotion,Yes,Midday,14.55
2023-12-09 14:01:39,Tasha Davis,"['Gelato', 'Frozen Breakfast Sandwiches']",2,Cash,West Norman,Adult (30-49),Fall,Discount on Selected Items,Yes,Midday,14.55
2023-12-09 15:17:59,Danielle Mathis,"['Vinegar', 'Mints', 'Swim Cap', 'Air Freshener', 'Floss']",5,Credit Card,East Stephanie,Teenager (13-19),Fall,Unknown Promotion,Yes,Midday,44.95
2023-12-09 15:35:31,Courtney Martin,"['Ruler', 'Cereal']",2,Cash,North Josetown,Middle-aged (50-64),Fall,Discount on Selected Items,Yes,Midday,14.55
2023-12-09 15:52:04,John Trujillo,"['Frozen Sausages', 'Flats', 'Wallet']",3,Mobile Payment,Williamshaven,Middle-aged (50-64),Fall,Discount on Selected Items,No,Midday,23.88
2023-12-09 17:17:46,Steven Rowe,"['Purse', 'Lemonade', 'Dress', 'Bananas', 'Hangers', 'Notebooks']",6,Debit Card,Vanceton,Teenager (13-19),Fall,Unknown Promotion,Yes,Afternoon,56.07
2023-12-09 17:26:23,Jamie Scott,"['Yogurt', 'Frozen Sausages', 'Handbag', 'Raincoat', 'Sunscreen', 'Laundry Detergent', 'Post-it Notes', 'Soy Sauce', 'Trash Bags', 'Salt']",10,Cash,Greenstad,Middle-aged (50-64),Summer,BOGO (Buy One Get One),No,Afternoon,102.2
2023-12-09 18:05:09,Crystal Harrell,['Gelato'],1,Credit Card,East Virginia,Adult (30-49),Summer,Discount on Selected Items,Yes,Afternoon,5.14
2023-12-09 19:48:04,Toni Perry,"['Aluminum Foil', 'Yogurt', 'Shower Shoes']",3,Cash,Schmidtborough,Middle-aged (50-64),Spring,BOGO (Buy One Get One),No,Evening,23.88
2023-12-09 20:25:22,Brenda Hickman,"['Boots', 'Glass Cleaner', 'Ketchup', 'Treadmill']",4,Credit Card,North Christina,Young Adult (20-29),Winter,BOGO (Buy One Get One),No,Evening,34.67
2023-12-09 20:58:39,Robert King,"['Kettlebells', 'Frozen Fish Sticks', 'Comb', 'Underwear', 'Soap', 'Mints', 'Popcorn', 'Laundry Basket', 'Jeans', 'Lighter']",10,Credit Card,Andrewchester,Young Adult (20-29),Summer,Discount on Selected Items,Yes,Evening,102.2
2023-12-10 08:11:38,Lindsay Morrison,"['Jeans', 'Pens', 'Boots', 'Frozen Chicken Nuggets', 'Protein Shakes', 'Duct Tape', 'Ice Cream Cones', 'Conditioner', 'Raisins']",9,Credit Card,Sandraburgh,Adult (30-49),Summer,BOGO (Buy One Get One),Yes,Morning,90.0
2023-12-10 10:30:03,Samuel Glenn,"['Tape', 'Soda', 'Olives', 'Honey', 'Ear Muffs', 'Gloves', 'Shower Cap', 'Matches', 'One-Piece Swimsuit', 'Brownies']",10,Debit Card,Gonzalesshire,Adult (30-49),Summer,Discount on Selected Items,No,Midday,102.2
2023-12-10 12:43:56,Denise Smith,"['Soy Sauce', 'Almonds', 'Donuts']",3,Cash,South Elizabeth,Middle-aged (50-64),Winter,BOGO (Buy One Get One),Yes,Midday,23.88
2023-12-10 14:27:48,Travis Vang,"['Toothpaste', 'Apples', 'Stamps']",3,Cash,North Robin,Adult (30-49),Fall,Unknown Promotion,Yes,Midday,23.88
2023-12-10 17:50:20,Jessica Miller,"['Sports Drinks', 'Lighter', 'Frozen Sausages', 'Frozen Cake', 'Frozen Pizza']",5,Credit Card,Crystalfurt,Middle-aged (50-64),Spring,Unknown Promotion,No,Afternoon,44.95
2023-12-10 19:36:44,Christine Dunn,"['Suitcase', 'Nail Polish', 'Tote Bag']",3,Debit Card,South Christineport,Young Adult (20-29),Spring,Unknown Promotion,Yes,Evening,23.88
2023-12-11 02:09:16,Kyle Saunders,"['Packing Tape', 'Post-it Notes', 'Frozen Pizza Rolls', 'Moving Boxes', 'Skirt', 'Soap']",6,Cash,Abigailland,Adult (30-49),Spring,Unknown Promotion,No,Early Morning,57.61
2023-12-11 06:21:23,Joshua Flynn,"['Granola Bars', 'Hot Sauce', 'Paper Cups']",3,Mobile Payment,Davidburgh,Adult (30-49),Spring,Unknown Promotion,Yes,Morning,23.88
2023-12-11 10:03:07,Kimberly Brooks,"['Dress', 'Hand Sanitizer']",2,Cash,South Patricia,Middle-aged (50-64),Spring,Discount on Selected Items,Yes,Midday,14.55
2023-12-11 10:16:37,Jared Hamilton,"['Scarf', 'Sugar', 'Vinegar', 'Floss', 'Photo Albums', 'Pickles', 'Jacket', 'Foam Roller', 'Chocolate']",9,Debit Card,Harringtonport,Young Adult (20-29),Spring,Discount on Selected Items,Yes,Midday,90.0
2023-12-11 10:17:24,Mark Taylor,"['Sponges', 'Popcorn', 'Salt', 'Candles', 'Protein Powder']",5,Credit Card,New Stephanietown,Young Adult (20-29),Summer,BOGO (Buy One Get One),Yes,Midday,44.95
2023-12-11 10:50:13,Theresa Wilson,"['Iced Tea', 'Fabric Softener', 'Vinegar', 'Sports Drinks', 'Leggings', 'Notebooks']",6,Cash,Josephfort,Young Adult (20-29),Spring,BOGO (Buy One Get One),No,Midday,57.61
2023-12-11 11:56:18,Jacob Giles,"['Pasta', 'Matches', 'Bikini', 'Frozen Burritos', 'Photo Albums']",5,Cash,East Carolineside,Young Adult (20-29),Fall,Discount on Selected Items,No,Midday,44.95
2023-12-11 13:43:21,Victoria Riley,"['Paper Towels', 'Comb', 'Syrup', 'Batteries', 'Hot Sauce']",5,Debit Card,Hayeschester,Middle-aged (50-64),Spring,BOGO (Buy One Get One),No,Midday,44.95
2023-12-11 17:56:15,Melissa Thomas,"['Cream Cheese', 'Frozen Fish Sticks']",2,Mobile Payment,Matthewville,Young Adult (20-29),Spring,Unknown Promotion,No,Afternoon,14.55
2023-12-11 21:08:03,Michael Sanchez,"['Pretzels', 'Raincoat', 'Oranges', 'Frozen Cake', 'Peanuts', 'Frozen Chicken Nuggets', 'Shower Cap', 'Boots', 'Batteries', 'Mouthwash']",10,Cash,Barnesville,Young Adult (20-29),Winter,Discount on Selected Items,No,Evening,102.2
2023-12-11 21:12:42,Deborah Stewart,"['Scissors', 'Tea', 'Elliptical', 'Batteries', 'Chili Powder', 'Frozen Garlic Bread', 'Frozen Bagels', 'Frozen Vegetables', 'Laptop Bag', 'Colored Pencils', 'Bikini', 'Capri Pants']",12,Mobile Payment,Victorbury,Adult (30-49),Summer,Unknown Promotion,Yes,Evening,124.9
2023-12-12 07:06:56,Wesley Phillips,"['Exercise Ball', 'Binders', 'Notebooks', 'Frozen Chicken Nuggets', 'Bubble Bath', 'Markers']",6,Credit Card,New Juanchester,Adult (30-49),Winter,BOGO (Buy One Get One),Yes,Morning,56.07
2023-12-12 07:15:40,Ronald Bond,"['Super Glue', 'Resistance Bands', 'Flour', 'Iced Tea', 'Frozen Fruit', 'Stain Remover']",6,Cash,Lake Christian,Adult (30-49),Spring,Discount on Selected Items,Yes,Morning,56.07
2023-12-12 08:26:17,Stephanie Krause,"['Peanut Butter', 'Passport Holder', 'Protein Shakes', 'Baking Powder']",4,Credit Card,Shaneberg,Young Adult (20-29),Winter,Unknown Promotion,No,Morning,34.67
2023-12-12 10:02:53,Cathy Le,"['Bathrobe', 'Pasta', 'Energy Drinks']",3,Debit Card,North David,Middle-aged (50-64),Winter,BOGO (Buy One Get One),Yes,Midday,23.88
2023-12-12 11:03:33,Christina Chapman,"['Granola Bars', 'Ice Cream Cones', 'Frozen Pizza']",3,Credit Card,Justinhaven,Middle-aged (50-64),Winter,Unknown Promotion,Yes,Midday,23.88
2023-12-12 11:18:50,Shawn Gould,"['Hand Sanitizer', 'Sunglasses', 'Mayonnaise']",3,Mobile Payment,Ryanburgh,Young Adult (20-29),Spring,Unknown Promotion,Yes,Midday,23.88
2023-12-12 12:35:20,Theresa Allen,"['Frozen Fries', 'Ziploc Bags']",2,Mobile Payment,Port Susanburgh,Teenager (13-19),Winter,Unknown Promotion,Yes,Midday,14.55
2023-12-12 13:24:20,Henry Bullock,"['Beach Towel', 'Shorts', 'Shoes']",3,Debit Card,Port David,Teenager (13-19),Winter,Discount on Selected Items,Yes,Midday,23.88
2023-12-12 13:52:52,Duane Bennett,"['T-Shirt', 'Dumbbells', 'Tomato Sauce', 'Charcoal', 'Pajamas', 'Fabric Softener', 'Jam', 'Shower Shoes', 'Briefcase', 'Shower Cap', 'Cumin']",11,Credit Card,East William,Adult (30-49),Summer,BOGO (Buy One Get One),No,Midday,115.89
2023-12-12 14:22:47,Stephanie Warner,"['Frozen Pizza Rolls', 'Exercise Ball']",2,Cash,West Shannon,Senior (65+),Winter,Unknown Promotion,No,Midday,14.55
2023-12-12 14:39:57,Warren Kim,['Flip Flops'],1,Credit Card,West Sharon,Adult (30-49),Spring,Discount on Selected Items,Yes,Midday,5.14
2023-12-12 15:34:41,Jonathan Rodriguez PhD,"['Beef', 'Cotton Balls', 'Umbrella', 'Fabric Softener', 'Blouse']",5,Cash,Smithtown,Teenager (13-19),Fall,Unknown Promotion,No,Midday,44.95
2023-12-12 18:28:39,Thomas Roman,"['Shorts', 'Calculator', 'Pretzels', 'Plastic Wrap']",4,Mobile Payment,Birdmouth,Teenager (13-19),Fall,Unknown Promotion,No,Afternoon,34.67
2023-12-12 19:05:22,Sarah Freeman,"['Mouthwash', 'Scissors', 'Canned Soup', 'Storage Bins', 'Bagels', 'Light Bulbs', 'Envelopes', 'Trail Mix', 'Vinegar']",9,Cash,Leroyton,Young Adult (20-29),Fall,Discount on Selected Items,Yes,Evening,90.0
2023-12-12 20:51:08,Andrew Graham,"['Hat', 'Frozen Dinners', 'Scarf']",3,Credit Card,West Vanessa,Teenager (13-19),Fall,Unknown Promotion,Yes,Evening,23.88
2023-12-12 23:25:35,Michaela Hines,"['Onion Powder', 'Salt', 'Duct Tape']",3,Credit Card,East Jamesfurt,Young Adult (20-29),Winter,Unknown Promotion,No,Late Night,23.88
2023-12-13 05:30:12,Victoria Harris,"['Frozen Fries', 'Briefcase', 'Goggles']",3,Cash,Angelaport,Young Adult (20-29),Summer,BOGO (Buy One Get One),No,Morning,23.88
2023-12-13 06:23:44,Leslie Rodriguez,"['Bananas', 'Hair Ties', 'Multi-Surface Cleaner', 'Light Bulbs', 'Olives', 'Muffins', 'Hangers', 'Hat', 'Bath Mat', 'Post-it Notes', 'Construction Paper']",11,Cash,Michelleburgh,Adult (30-49),Spring,Unknown Promotion,No,Morning,115.89
2023-12-13 07:09:54,Andrew Lowery,"['Sweater', 'Tomato Sauce', 'Shampoo', 'Kettlebells', 'Gelato', 'Conditioner']",6,Debit Card,South Katie,Young Adult (20-29),Spring,Unknown Promotion,No,Morning,57.61
2023-12-13 11:45:41,Zoe Hill,"['Butter', 'Frozen Meatballs', 'Cotton Balls']",3,Credit Card,Yangland,Adult (30-49),Fall,Unknown Promotion,No,Midday,23.88
2023-12-13 12:08:45,Becky Singleton,"['Spaghetti', 'Baking Soda', 'Purse', 'Belt']",4,Debit Card,Michaelmouth,Young Adult (20-29),Winter,Discount on Selected Items,No,Midday,34.67
2023-12-13 12:33:40,Adriana Ayala,"['Hangers', 'Hand Sanitizer']",2,Mobile Payment,Christianstad,Senior (65+),Fall,Unknown Promotion,No,Midday,14.55
2023-12-13 13:10:53,Curtis Stewart,"['Shorts', 'Protein Powder', 'Frozen Bread', 'Hat']",4,Debit Card,Doyletown,Young Adult (20-29),Summer,BOGO (Buy One Get One),No,Midday,34.67
2023-12-13 14:44:11,Amanda Cooper,"['Air Freshener', 'Bagels', 'Laptop Bag', 'Bathrobe', 'Frozen Pizza Rolls', 'Mayonnaise', 'Jelly']",7,Cash,New Jimmyfort,Adult (30-49),Winter,Unknown Promotion,Yes,Midday,65.86
2023-12-13 14:51:27,Kenneth Castillo,"['Passport Holder', 'Capri Pants', 'Gelato', 'Carry-on Bag', 'Wine', 'Pens', 'Mustard', 'Napkins']",8,Debit Card,East Rachel,Senior (65+),Summer,Discount on Selected Items,Yes,Midday,77.1
2023-12-13 14:59:49,Shannon Chandler,"['Pajamas', 'Soda', 'Tea', 'Frozen Fish Sticks', 'Tomato Sauce', 'Scrubbers']",6,Mobile Payment,Crystalton,Teenager (13-19),Winter,BOGO (Buy One Get One),Yes,Midday,56.07
2023-12-13 17:39:03,Sandra Jackson,"['Mustard', 'Ice Cream Bars', 'Beach Towel']",3,Credit Card,Aguilarview,Middle-aged (50-64),Fall,Unknown Promotion,No,Afternoon,23.88
2023-12-13 17:50:09,Megan David,"['Multi-Surface Cleaner', 'Pants', 'Wallet', 'Dried Cranberries', 'Raincoat']",5,Mobile Payment,New William,Teenager (13-19),Fall,BOGO (Buy One Get One),Yes,Afternoon,44.95
2023-12-13 19:21:06,Shelley Hudson,"['Lotion', 'Raincoat', 'Cotton Balls', 'Cereal']",4,Mobile Payment,Hessside,Adult (30-49),Winter,Discount on Selected Items,Yes,Evening,34.67
2023-12-13 19:45:35,James Bailey,"['Elliptical', 'Ketchup', 'Duct Tape', 'Jacket', 'Mouthwash']",5,Credit Card,Wilsonfurt,Middle-aged (50-64),Fall,Unknown Promotion,Yes,Evening,44.95
2023-12-14 04:04:02,Aimee Alexander,"['Muffins', 'Mouthwash', 'Suitcase', 'Chips']",4,Credit Card,Leeshire,Middle-aged (50-64),Winter,Unknown Promotion,Yes,Morning,34.67
2023-12-14 10:18:23,Samuel Howard,"['Cucumber', 'Floss', 'Butter', 'Frozen Sausages', 'Raisins', 'Sugar', 'Brown Sugar', 'Chips', 'Heels', 'Barbecue Sauce', 'Body Wash']",11,Cash,Christopherland,Young Adult (20-29),Summer,Discount on Selected Items,Yes,Midday,113.03
2023-12-14 10:42:36,Amanda Robinson,"['Beach Towel', 'Gloves', 'Canned Vegetables', 'Conditioner', 'Laundry Basket', 'Ice Cream Tubs']",6,Debit Card,East Ericview,Young Adult (20-29),Winter,Discount on Selected Items,Yes,Midday,56.07
2023-12-14 13:06:09,Ryan Orr,"['Floss', 'Swim Cap', 'Mayonnaise', 'Lemonade', 'T-Shirt', 'Bathrobe', 'Belt', 'Yoga Mat', 'Towels']",9,Mobile Payment,East Kennethview,Teenager (13-19),Winter,Unknown Promotion,No,Midday,90.0
2023-12-14 13:17:21,Gina Parrish,"['Resistance Bands', 'Shaving Cream', 'Mouthwash', 'Jelly', 'Socks', 'Construction Paper']",6,Cash,New Nathaniel,Adult (30-49),Spring,BOGO (Buy One Get One),No,Midday,57.61
2023-12-14 13:17:29,Michael Fernandez,['Insect Repellent'],1,Mobile Payment,Angeltown,Teenager (13-19),Summer,Discount on Selected Items,No,Midday,5.14
2023-12-14 13:35:52,Jose Vaughan,"['Muffins', 'Bubble Bath', 'Picture Frames', 'Yoga Pants', 'Comb', 'Frozen Pancakes', 'Ice Cream Cones', 'Tank Top']",8,Debit Card,Walshfort,Senior (65+),Fall,BOGO (Buy One Get One),Yes,Midday,77.1
2023-12-14 13:42:57,Jesse Gibson,"['Frozen Meatballs', 'Cucumber', 'Shoes']",3,Mobile Payment,Cummingsburgh,Young Adult (20-29),Spring,Discount on Selected Items,No,Midday,23.88
2023-12-14 15:30:49,Leslie Gibbs,"['Folders', 'Hot Sauce', 'Ice Cream Sandwiches', 'Cold Medicine', 'Rice']",5,Cash,Hansenshire,Young Adult (20-29),Summer,Discount on Selected Items,No,Midday,44.95
2023-12-14 17:04:52,Daniel Wood,"['Shelving', 'Exercise Ball', 'Moving Boxes', 'Coat', 'Paprika', 'Yoga Pants']",6,Cash,South Kyle,Middle-aged (50-64),Summer,BOGO (Buy One Get One),Yes,Afternoon,56.07
2023-12-14 17:38:02,Charles Mcpherson,"['Vegetable Oil', 'Cough Syrup', 'Toothpaste', 'Frozen Pizza Rolls', 'Plastic Cups', 'Glue', 'Tweezers', 'Bathrobe', 'Plastic Utensils', 'Extension Cord']",10,Mobile Payment,Boydberg,Adult (30-49),Fall,Unknown Promotion,No,Afternoon,102.2
2023-12-14 17:53:51,Dakota Barrett,"['Sweater', 'Iced Tea', 'Belt', 'Shorts']",4,Debit Card,Port Jessica,Adult (30-49),Winter,Unknown Promotion,No,Afternoon,34.67
2023-12-14 20:56:12,Zachary Gutierrez,"['Capri Pants', 'Wallet', 'Storage Bins', 'Frozen Fruit', 'Beach Towel']",5,Mobile Payment,Jonathanville,Teenager (13-19),Fall,Discount on Selected Items,Yes,Evening,44.95
2023-12-14 21:49:53,Barbara Torres,"['Cream Cheese', 'Passport Holder', 'Ruler', 'Sweatshirt']",4,Cash,Copelandchester,Adult (30-49),Winter,Unknown Promotion,Yes,Evening,34.67
2023-12-14 21:51:00,David Page,"['Wallet', 'Brown Sugar']",2,Mobile Payment,Bennettmouth,Adult (30-49),Fall,Unknown Promotion,No,Evening,14.55
2023-12-15 00:14:06,Margaret Miller,"['Frozen Fruit', 'Folders', 'Trail Mix', 'Bleach', 'Flashlight', 'Paper Towels', 'Toilet Bowl Cleaner', 'Post-it Notes', 'Shower Curtain', 'Vinegar', 'Cinnamon']",11,Mobile Payment,North Barbaraberg,Teenager (13-19),Spring,Discount on Selected Items,Yes,Early Morning,113.03
2023-12-15 07:17:33,Anna Miller,"['Frozen Pizza Rolls', 'Frozen Fruit', 'Tomatoes']",3,Credit Card,Nelsonborough,Adult (30-49),Summer,Unknown Promotion,No,Morning,23.88
2023-12-15 11:20:00,James Beard,"['First Aid Kit', 'Trash Bags', 'Duct Tape', 'Baking Soda']",4,Mobile Payment,Gregorytown,Adult (30-49),Fall,Discount on Selected Items,Yes,Midday,34.67
2023-12-15 11:41:18,Brian Mcpherson,"['Lighter', 'Soap', 'Candy Bars', 'Multi-Surface Cleaner', 'Bath Bombs']",5,Credit Card,Cobbfort,Teenager (13-19),Fall,BOGO (Buy One Get One),No,Midday,44.95
2023-12-15 13:24:59,Matthew Dixon,"['Exercise Ball', 'Suitcase', 'Flour', 'Rowing Machine', 'Photo Albums', 'Laundry Basket']",6,Cash,Bakerton,Adult (30-49),Winter,Unknown Promotion,Yes,Midday,56.07
2023-12-15 14:02:32,Richard Ford,"['Leggings', 'Frozen Cake', 'Trail Mix', 'Foam Roller', 'Glass Cleaner', 'Exercise Ball']",6,Mobile Payment,Taylorfurt,Adult (30-49),Summer,Discount on Selected Items,Yes,Midday,56.07
2023-12-15 15:15:20,Antonio Cruz,"['Canned Tuna', 'Sandals', 'Rice', 'Pants', 'Frozen Garlic Bread', 'Detergent']",6,Mobile Payment,Arthurville,Teenager (13-19),Winter,Discount on Selected Items,No,Midday,57.61
2023-12-15 16:28:47,James Leach,"['Lighter', 'Gum']",2,Mobile Payment,Lake Bryanhaven,Adult (30-49),Winter,Discount on Selected Items,No,Afternoon,14.55
2023-12-15 16:42:27,Cheryl Hartman,"['Candy Bars', 'Onion Powder']",2,Mobile Payment,East Samuel,Middle-aged (50-64),Spring,Discount on Selected Items,No,Afternoon,14.55
2023-12-15 17:03:19,Daniel Gaines,"['T-Shirt', 'Beach Towel', 'Eggs']",3,Credit Card,Ryanhaven,Young Adult (20-29),Fall,Unknown Promotion,No,Afternoon,23.88
2023-12-15 18:32:30,Charles Johnson DDS,"['Frozen Vegetables', 'Tea']",2,Debit Card,Vanessaville,Senior (65+),Spring,Discount on Selected Items,No,Afternoon,14.55
2023-12-15 18:50:01,Rachel Nelson,"['Gloves', 'Cucumber']",2,Debit Card,North Danny,Young Adult (20-29),Spring,Unknown Promotion,Yes,Afternoon,14.55
2023-12-15 20:34:54,Stacy Case,"['Duct Tape', 'Barbecue Sauce', 'Lighter']",3,Debit Card,Port Brandy,Middle-aged (50-64),Spring,Unknown Promotion,Yes,Evening,23.88
2023-12-16 06:39:28,Robert Skinner,"['Laundry Detergent', 'Cashews', 'Charcoal', 'Peanut Butter', 'Barbecue Sauce']",5,Debit Card,Powellburgh,Adult (30-49),Winter,Discount on Selected Items,No,Morning,44.95
2023-12-16 07:54:24,Amber Rose,"['Tweezers', 'Hand Sanitizer', 'Flip Flops']",3,Credit Card,Wintersfort,Senior (65+),Fall,Unknown Promotion,No,Morning,23.88
2023-12-16 08:59:07,Michael Ross,"['Brown Sugar', 'Frozen Chicken Nuggets', 'Honey', 'Shaving Cream']",4,Mobile Payment,Port Tammyton,Senior (65+),Summer,BOGO (Buy One Get One),Yes,Morning,34.67
2023-12-16 09:37:13,Krista Gardner,"['Extension Cord', 'Cough Syrup']",2,Debit Card,Hallton,Middle-aged (50-64),Summer,Unknown Promotion,Yes,Morning,14.55
2023-12-16 11:27:24,Jeremy Sanchez,"['Frozen Pie', 'Spaghetti', 'Blouse', 'Multi-Surface Cleaner', 'Leggings']",5,Credit Card,New Jennifer,Adult (30-49),Spring,Unknown Promotion,No,Midday,44.95
2023-12-16 16:56:21,John Mahoney,"['Capri Pants', 'Sneakers', 'Frozen Cake', 'Frozen Vegetables', 'Shorts', 'Bathrobe']",6,Cash,Stevensside,Young Adult (20-29),Fall,Discount on Selected Items,Yes,Afternoon,56.07
2023-12-16 17:25:47,Donna Johnson,"['Cough Drops', 'Granola Bars', 'Beer', 'Chewing Gum', 'Stain Remover']",5,Debit Card,Amberport,Adult (30-49),Spring,BOGO (Buy One Get One),Yes,Afternoon,44.95
2023-12-16 21:51:26,Joshua Hawkins,"['Bagels', 'Shampoo', 'Tomato Sauce']",3,Debit Card,Brandonville,Young Adult (20-29),Fall,Unknown Promotion,Yes,Evening,23.88
2023-12-16 22:35:16,Tammy Adkins,"['Chocolate', 'Water Bottle']",2,Cash,Port Patrick,Young Adult (20-29),Summer,BOGO (Buy One Get One),No,Late Night,14.55
2023-12-17 00:59:01,Catherine Cook,"['Gelato', 'Bread', 'Beef', 'Butter', 'Frozen Dinners', 'Yogurt', 'Ziploc Bags', 'Frozen Pie', 'Bobby Pins', 'Floss', 'Stain Remover']",11,Mobile Payment,Randallburgh,Senior (65+),Spring,BOGO (Buy One Get One),Yes,Early Morning,113.03
2023-12-17 08:49:02,Brian Taylor,"['Frozen Vegetables', 'Pasta', 'Bananas', 'Sweater']",4,Credit Card,Hopkinsstad,Senior (65+),Fall,BOGO (Buy One Get One),No,Morning,34.67
2023-12-17 10:05:21,Darren Diaz,"['Chips', 'Shampoo', 'Bath Salts', 'Shower Curtain', 'Yoga Pants', 'Mustard']",6,Cash,Lake Patriciamouth,Adult (30-49),Fall,Discount on Selected Items,No,Midday,57.61
2023-12-17 11:49:18,Jackie Gallagher,"['Pajamas', 'Cereal', 'Shower Shoes', 'Exercise Bike', 'Nail Clippers', 'Toilet Bowl Cleaner', 'Trash Bags', 'Sponges']",8,Debit Card,New James,Young Adult (20-29),Fall,Unknown Promotion,Yes,Midday,77.1
2023-12-17 12:01:00,Russell Cook,"['Ruler', 'Shampoo', 'Dress', 'Shelving', 'Candles', 'Facial Tissue']",6,Cash,East Garrettmouth,Senior (65+),Winter,Discount on Selected Items,Yes,Midday,56.07
2023-12-17 12:55:10,Whitney Barnes,"['Colored Pencils', 'Weight Bench', 'Notebook Paper', 'Sunscreen', 'Juice', 'Frozen Bagels', 'Coat', 'Frozen Meatballs', 'Shampoo', 'Ice Cream Cones']",10,Mobile Payment,Port Emily,Young Adult (20-29),Winter,BOGO (Buy One Get One),Yes,Midday,102.2
2023-12-17 13:17:32,Linda Pratt,"['Bobby Pins', 'Tea', 'Nail Polish Remover']",3,Mobile Payment,Susanmouth,Young Adult (20-29),Fall,Discount on Selected Items,No,Midday,23.88
2023-12-17 14:46:58,Nicole Garcia,"['Yoga Pants', 'Frozen Fries', 'Super Glue', 'Glue', 'Scrubbers', 'Beach Towel']",6,Debit Card,Blackland,Teenager (13-19),Summer,BOGO (Buy One Get One),Yes,Midday,56.07
2023-12-17 16:23:25,William Melendez,"['Chocolate', 'Beach Towel', 'Messenger Bag', 'Sunscreen']",4,Credit Card,West Jeffery,Middle-aged (50-64),Summer,Unknown Promotion,No,Afternoon,34.67
2023-12-17 16:33:42,Matthew Stephens,"['Suitcase', 'Blouse', 'Pants', 'Barbecue Sauce', 'Shoes', 'Water', 'Protein Powder', 'Peanut Butter']",8,Debit Card,Melanieview,Adult (30-49),Winter,Discount on Selected Items,Yes,Afternoon,77.1
2023-12-17 16:41:35,Chelsea Donaldson,"['Messenger Bag', 'Aluminum Foil', 'Cumin', 'Frozen Sausages', 'Envelopes', 'Sunglasses', 'Brownies', 'Ketchup', 'Lighter', 'Folders', 'Glue']",11,Cash,Billyshire,Middle-aged (50-64),Fall,Discount on Selected Items,No,Afternoon,115.89
2023-12-17 19:18:00,Kenneth Foley,"['Brownies', 'Paprika', 'T-Shirt', 'Envelopes', 'Frozen Cookies', 'Socks', 'Frozen Fish Sticks', 'Sorbets', 'Hoodie']",9,Credit Card,South Perry,Young Adult (20-29),Spring,Unknown Promotion,No,Evening,90.0
2023-12-17 19:18:33,Nancy Perez,"['Mouthwash', 'Dried Cranberries', 'Sugar']",3,Cash,North Jennifer,Senior (65+),Fall,Discount on Selected Items,No,Evening,23.88
2023-12-17 20:46:07,Donald Valenzuela,['Lip Balm'],1,Debit Card,Lisafort,Senior (65+),Spring,BOGO (Buy One Get One),No,Evening,5.14
2023-12-17 22:13:25,Nathaniel Donaldson,['Blouse'],1,Debit Card,Amyhaven,Young Adult (20-29),Fall,Unknown Promotion,Yes,Late Night,5.14
2023-12-18 09:12:58,Gabrielle Cochran,"['Frozen Bagels', 'Cough Syrup', 'Paper Plates', 'Brownies', 'Gym Towel', 'Shelving']",6,Credit Card,Lunaville,Teenager (13-19),Fall,Discount on Selected Items,No,Morning,57.61
2023-12-18 12:08:17,Thomas Gray,"['Snack Cakes', 'Swim Cap']",2,Cash,West Erika,Young Adult (20-29),Fall,Discount on Selected Items,No,Midday,14.55
2023-12-18 15:17:21,William Dalton,"['Baking Powder', 'Chicken', 'Foam Roller', 'Ice Cream Bars', 'Oranges', 'Deodorant']",6,Debit Card,Caitlinville,Adult (30-49),Summer,Discount on Selected Items,Yes,Midday,56.07
2023-12-18 15:57:26,Paul Jackson,"['Ruler', 'Light Bulbs', 'Body Wash']",3,Mobile Payment,Seanfort,Middle-aged (50-64),Summer,Discount on Selected Items,Yes,Midday,23.88
2023-12-18 18:26:54,Gina Spencer,"['Dish Soap', 'Chips', 'Toothbrush', 'Ruler', 'Duct Tape']",5,Debit Card,Patriciafort,Young Adult (20-29),Summer,Discount on Selected Items,No,Afternoon,44.95
2023-12-18 19:10:17,Amanda Roberts,"['Frozen Meatballs', 'Butter', 'Dryer Sheets', 'Bug Spray', 'Frozen Chicken Nuggets']",5,Credit Card,Boyerview,Senior (65+),Spring,BOGO (Buy One Get One),No,Evening,44.95
2023-12-18 19:14:47,Christina Thomas,"['Cheese', 'Frozen Dinners', 'Spaghetti', 'Frozen Fries', 'Bubble Wrap', 'Lotion', 'Pepper', 'Pants', 'Cotton Balls', 'Rice']",10,Mobile Payment,Nicholasmouth,Young Adult (20-29),Spring,BOGO (Buy One Get One),Yes,Evening,102.2
2023-12-19 05:53:03,Shannon Abbott,"['Coffee', 'Orange Juice', 'Frozen Sausages', 'Winter Hat', 'Instant Noodles']",5,Mobile Payment,Michaeltown,Adult (30-49),Fall,BOGO (Buy One Get One),Yes,Morning,44.95
2023-12-19 06:16:55,Amber Morris,"['Underwear', 'Peanut Butter', 'Brown Sugar']",3,Credit Card,Shelleyberg,Adult (30-49),Spring,Discount on Selected Items,Yes,Morning,23.88
2023-12-19 08:51:31,Robert Brady,"['Elliptical', 'Gloves', 'Pretzels', 'Mayonnaise', 'Bath Bombs', 'Bra', 'Matches', 'Frozen Pizza Rolls', 'Flashlight', 'Plastic Cups']",10,Credit Card,Tranview,Adult (30-49),Spring,Discount on Selected Items,No,Morning,102.2
2023-12-19 09:51:05,Michael Pugh,"['Mouthwash', 'Shaving Cream', 'Picture Frames']",3,Debit Card,New Mary,Middle-aged (50-64),Winter,Unknown Promotion,No,Morning,23.88
2023-12-19 10:24:27,Joshua Watson,"['Ice Cream Cones', 'Cucumber', 'Granola Bars', 'Frozen Fries', 'Chili Powder', 'Shorts', 'Yoga Pants', 'Hairbrush']",8,Credit Card,Port Jennifer,Young Adult (20-29),Fall,Discount on Selected Items,No,Midday,77.1
2023-12-19 11:07:22,Donna Sanchez,"['Laundry Basket', 'Ramen', 'Frozen Breakfast Sandwiches', 'Crayons', 'Nail Polish Remover', 'Sweater', 'Body Wash', 'Coat', 'Glue']",9,Credit Card,Lake Anne,Middle-aged (50-64),Summer,Unknown Promotion,No,Midday,90.0
2023-12-19 12:11:56,James Martinez,"['Skirt', 'Laundry Basket', 'Rowing Machine', 'Thermometer', 'Frozen Fries', 'Shower Shoes', 'Cinnamon', 'Frozen Pizza']",8,Debit Card,South Annaville,Teenager (13-19),Spring,Discount on Selected Items,No,Midday,77.1
2023-12-19 13:52:48,Victor Thomas,"['Body Wash', 'Paper Towels', 'Gelato', 'Photo Albums', 'Wine']",5,Credit Card,Ronaldmouth,Young Adult (20-29),Fall,BOGO (Buy One Get One),Yes,Midday,44.95
2023-12-19 13:53:24,Allen Davis,"['Detergent', 'Chicken', 'Orange Juice', 'Air Freshener', 'Blouse', 'Conditioner', 'Passport Holder', 'Scrubbers', 'Luggage']",9,Cash,Lake Bryce,Adult (30-49),Fall,Unknown Promotion,Yes,Midday,90.0
2023-12-19 18:16:12,Eric Burns,"['Stain Remover', 'Winter Hat']",2,Cash,Danielmouth,Adult (30-49),Fall,BOGO (Buy One Get One),No,Afternoon,14.55
2023-12-19 19:26:42,Mark Henderson,"['Insect Repellent', 'Cough Drops', 'Crackers']",3,Debit Card,Randallstad,Young Adult (20-29),Fall,Discount on Selected Items,No,Evening,23.88
2023-12-19 23:27:03,Lisa Black,"['Pickles', 'Bread', 'Slippers', 'Leggings', 'Socks', 'Shelving', 'Oats']",7,Debit Card,Farmerfort,Young Adult (20-29),Summer,Discount on Selected Items,Yes,Late Night,65.86
2023-12-20 02:47:22,Erica Ward,"['Dish Soap', 'Scarf', 'Extension Cord']",3,Credit Card,Brittanyville,Middle-aged (50-64),Fall,Unknown Promotion,No,Early Morning,23.88
2023-12-20 09:05:06,Jonathan Martinez MD,"['Aluminum Foil', 'Band-Aids', 'Ziploc Bags', 'Disinfectant Wipes', 'Ice Cream Cones', 'Bagels']",6,Debit Card,South Joshua,Senior (65+),Spring,Unknown Promotion,No,Morning,57.61
2023-12-20 10:06:31,Scott Wilkins,"['Ice Cream Cones', 'Canola Oil', 'Frozen Fish Sticks', 'Lip Balm', 'Bath Bombs']",5,Credit Card,West Robert,Adult (30-49),Summer,Discount on Selected Items,No,Midday,44.95
2023-12-20 12:13:05,Susan Stewart,"['T-Shirt', 'Leggings', 'Cream Cheese', 'Bra', 'Hot Sauce', 'Orange Juice']",6,Mobile Payment,Jacksonbury,Young Adult (20-29),Spring,BOGO (Buy One Get One),Yes,Midday,56.07
2023-12-20 13:26:00,Karen Chan,"['Disinfectant Wipes', 'Cotton Swabs', 'Candles']",3,Credit Card,South Dennis,Adult (30-49),Spring,Unknown Promotion,No,Midday,23.88
2023-12-20 13:52:32,Keith Orozco,"['Briefcase', 'Thermometer', 'Disinfectant Wipes', 'Frozen Sausages', 'Laptop Bag', 'Brown Sugar', 'Super Glue', 'Flour', 'Air Freshener']",9,Credit Card,Wonghaven,Middle-aged (50-64),Winter,Discount on Selected Items,Yes,Midday,90.0
2023-12-20 14:29:10,Kathleen Wiley,['Lotion'],1,Cash,East Brandon,Young Adult (20-29),Summer,Unknown Promotion,No,Midday,5.14
2023-12-20 14:37:49,Karl Hall,['Toilet Bowl Cleaner'],1,Cash,West Jessica,Young Adult (20-29),Fall,BOGO (Buy One Get One),Yes,Midday,5.14
2023-12-20 14:59:18,Kathleen Adams,"['Bubble Wrap', 'First Aid Kit', 'Pull-up Bar', 'Onion Powder', 'Markers']",5,Cash,West Josefort,Senior (65+),Fall,Discount on Selected Items,Yes,Midday,44.95
2023-12-20 15:02:18,Patrick Avila,"['Plastic Utensils', 'Bathrobe', 'Pickles', 'Messenger Bag']",4,Debit Card,Johnland,Adult (30-49),Summer,Unknown Promotion,Yes,Midday,34.67
2023-12-20 16:15:30,Jesus Brown,"['Water', 'Ear Muffs']",2,Mobile Payment,Boonefurt,Teenager (13-19),Summer,BOGO (Buy One Get One),Yes,Afternoon,14.55
2023-12-20 17:06:39,Jill Ford,"['Aluminum Foil', 'Lighter Fluid', 'Hair Ties', 'Coat', 'Frozen Cake', 'Hairbrush']",6,Cash,Hopkinsbury,Middle-aged (50-64),Winter,BOGO (Buy One Get One),No,Afternoon,57.61
2023-12-20 17:24:40,Pamela Martinez,"['Hair Ties', 'Tomato Sauce', 'Frozen Fish Sticks', 'Heels']",4,Debit Card,Jamesstad,Senior (65+),Fall,Unknown Promotion,Yes,Afternoon,34.67
2023-12-20 17:27:04,James Barnes,"['Jam', 'Weight Bench', 'Milk', 'Beef']",4,Cash,Bartonhaven,Teenager (13-19),Winter,BOGO (Buy One Get One),No,Afternoon,34.67
2023-12-20 17:34:14,Pam Carey,"['Chocolate', 'Shower Shoes', 'Flip Flops', 'Tomato Sauce', 'Swim Trunks', 'Pull-up Bar']",6,Credit Card,South Lesliebury,Teenager (13-19),Spring,Discount on Selected Items,No,Afternoon,57.61
2023-12-20 17:49:05,Jeremy Smith,"['Trail Mix', 'Leggings', 'Frozen Pancakes']",3,Debit Card,Crystalstad,Middle-aged (50-64),Summer,BOGO (Buy One Get One),Yes,Afternoon,23.88
2023-12-20 17:49:50,Lisa Hughes,"['Fabric Softener', 'Construction Paper', 'Popsicles', 'Nail Clippers']",4,Credit Card,Josephmouth,Young Adult (20-29),Spring,Unknown Promotion,Yes,Afternoon,34.67
2023-12-20 18:31:32,Mr. Jesse Mcneil,"['Pens', 'Shower Cap', 'Coffee', 'Shower Curtain']",4,Credit Card,New Kimberlyville,Teenager (13-19),Winter,Discount on Selected Items,No,Afternoon,34.67
2023-12-20 19:16:50,Cindy Bush,['Cough Syrup'],1,Mobile Payment,Stantonshire,Middle-aged (50-64),Winter,BOGO (Buy One Get One),No,Evening,5.14
2023-12-21 07:49:29,Robert Steele,"['Gym Towel', 'Batteries', 'Air Freshener']",3,Mobile Payment,Littlemouth,Young Adult (20-29),Summer,Unknown Promotion,No,Morning,23.88
2023-12-21 07:54:37,Darrell Delacruz,"['Paper Towels', 'Slippers', 'Duct Tape', 'Olives', 'Pajamas']",5,Credit Card,Hollyland,Adult (30-49),Fall,Discount on Selected Items,Yes,Morning,44.95
2023-12-21 09:52:39,Christian Thompson,"['Dryer Sheets', 'Scarf', 'Syrup', 'Yoga Mat', 'Rice', 'Plastic Cups']",6,Credit Card,Avilafort,Young Adult (20-29),Spring,BOGO (Buy One Get One),No,Morning,57.61
2023-12-21 12:30:55,Ana Ellis,"['Frozen Fries', 'Sweatshirt', 'Gelato', 'Bleach', 'Purse', 'Body Wash']",6,Mobile Payment,Lake Williamport,Adult (30-49),Summer,BOGO (Buy One Get One),No,Midday,57.61
2023-12-21 12:36:51,Kevin Martinez,"['Bath Mat', 'Frozen Fruit', 'Honey', 'Cold Medicine', 'Flats', 'Orange Juice', 'Envelopes', 'Bananas']",8,Mobile Payment,East Vincent,Middle-aged (50-64),Winter,Unknown Promotion,No,Midday,77.1
2023-12-21 13:59:31,Samantha Washington,"['Bikini', 'Cheese', 'Lollipops']",3,Debit Card,Port Bradley,Middle-aged (50-64),Fall,Unknown Promotion,Yes,Midday,23.88
2023-12-21 16:07:29,William Roberts Jr.,"['Rug', 'Calculator', 'Dress', 'Ice Cream Tubs', 'Hat', 'Swim Cap']",6,Mobile Payment,West Elizabethshire,Adult (30-49),Fall,Unknown Promotion,Yes,Afternoon,56.07
2023-12-21 16:14:01,David Gonzalez,"['Cotton Balls', 'Band-Aids', 'Bananas', 'Sandals', 'Spaghetti']",5,Debit Card,Bassland,Senior (65+),Fall,Discount on Selected Items,No,Afternoon,44.95
2023-12-21 16:50:42,Kyle Reyes,"['Frozen Pizza Rolls', 'Packing Tape', 'Crayons', 'Bug Spray', 'Sports Bra', 'Tomatoes']",6,Debit Card,Johnhaven,Middle-aged (50-64),Summer,Unknown Promotion,No,Afternoon,57.61
2023-12-21 16:54:08,Leslie King,"['First Aid Kit', 'Luggage', 'Olive Oil']",3,Credit Card,South Ashleyberg,Young Adult (20-29),Spring,BOGO (Buy One Get One),Yes,Afternoon,23.88
2023-12-21 17:30:28,Andrew Martin,"['Tea', 'T-Shirt', 'Cereal', 'Ruler', 'Laptop Bag']",5,Credit Card,South Jamesstad,Teenager (13-19),Spring,BOGO (Buy One Get One),Yes,Afternoon,44.95
2023-12-21 18:57:40,Mrs. Brittany Ramos MD,['Iced Tea'],1,Debit Card,New Charlotteside,Middle-aged (50-64),Fall,Unknown Promotion,Yes,Afternoon,5.14
2023-12-22 00:20:40,Darren Cook,"['Wallet', 'Detergent', 'Stamps', 'Apples']",4,Mobile Payment,East Jonathanside,Middle-aged (50-64),Spring,Unknown Promotion,Yes,Early Morning,34.67
2023-12-22 06:37:13,Lori Schmidt,['Olive Oil'],1,Debit Card,Port Jamesland,Middle-aged (50-64),Fall,Discount on Selected Items,Yes,Morning,5.14
2023-12-22 07:24:07,Christine Chandler,"['Tea', 'Cucumber', 'Tweezers', 'Jacket']",4,Credit Card,North Joshua,Adult (30-49),Winter,Unknown Promotion,No,Morning,34.67
2023-12-22 09:39:48,Kelly Palmer,"['Binders', 'Peanut Butter', 'Crayons', 'Scissors', 'Laundry Basket', 'Ketchup', 'Frozen Cookies']",7,Mobile Payment,New Janet,Adult (30-49),Winter,BOGO (Buy One Get One),No,Morning,65.86
2023-12-22 10:23:23,Nathan Lewis,"['Lighter', 'Scarf', 'Syrup', 'Frozen Chicken Nuggets', 'Nail Polish Remover', 'Hoodie', 'Boots', 'Hair Ties', 'Cumin', 'Scissors', 'Granola Bars', 'Photo Albums']",12,Credit Card,Cooperhaven,Middle-aged (50-64),Fall,Discount on Selected Items,No,Midday,124.9
2023-12-22 11:15:01,Samuel Irwin,"['Slippers', 'Lotion', 'Baking Powder', 'Plastic Utensils']",4,Mobile Payment,Silvaview,Middle-aged (50-64),Fall,Unknown Promotion,No,Midday,34.67
2023-12-22 12:52:30,Charlene Duncan,"['Salt', 'Hair Ties', 'Honey']",3,Cash,Meganmouth,Middle-aged (50-64),Spring,Discount on Selected Items,No,Midday,23.88
2023-12-22 13:39:49,Brianna Yates,"['Frozen Breakfast Sandwiches', 'Stain Remover', 'Sunscreen', 'Frozen Fish Sticks', 'Mac and Cheese', 'Glass Cleaner']",6,Debit Card,Caitlintown,Adult (30-49),Spring,BOGO (Buy One Get One),Yes,Midday,56.07
2023-12-22 14:12:55,Hannah Wilson,"['Mouthwash', 'Scarf', 'Ear Muffs', 'Backpack', 'Bathrobe', 'Hangers', 'Paper Towels']",7,Mobile Payment,South John,Adult (30-49),Spring,BOGO (Buy One Get One),No,Midday,65.86
2023-12-22 14:37:46,Edward Brown,"['Chili Powder', 'Frozen Meatballs', 'Briefcase']",3,Credit Card,New Rebecca,Teenager (13-19),Winter,BOGO (Buy One Get One),No,Midday,23.88
2023-12-22 15:43:46,Shelby Hood,"['Protein Bars', 'Socks', 'Frozen Fish Sticks', 'Disinfectant Wipes']",4,Credit Card,North Melissachester,Senior (65+),Winter,Unknown Promotion,No,Midday,34.67
2023-12-22 16:49:02,Daniel Reed,"['Photo Albums', 'Popcorn', 'Tomatoes', 'Bath Salts']",4,Mobile Payment,South Darrellchester,Adult (30-49),Winter,BOGO (Buy One Get One),No,Afternoon,34.67
2023-12-22 16:55:58,Patricia Green,"['First Aid Kit', 'Frozen Fruit']",2,Mobile Payment,Charlesmouth,Teenager (13-19),Spring,Discount on Selected Items,Yes,Afternoon,14.55
2023-12-22 18:11:35,Heather Ayers,"['Polo Shirt', 'Water', 'Stain Remover', 'Laundry Basket']",4,Credit Card,Lake Mark,Teenager (13-19),Winter,Unknown Promotion,Yes,Afternoon,34.67
2023-12-22 18:50:25,Crystal Cannon,"['Dryer Sheets', 'Rice', 'Frozen Fries', 'Slippers']",4,Cash,Powersborough,Adult (30-49),Fall,Discount on Selected Items,Yes,Afternoon,34.67
2023-12-22 19:41:59,Patty Scott,"['Milk', 'Fabric Softener', 'Cough Syrup', 'Towels']",4,Debit Card,Valerieberg,Adult (30-49),Winter,Unknown Promotion,No,Evening,34.67
2023-12-22 19:56:32,Frances Trujillo,"['Moving Boxes', 'Rug', 'Paper Towels', 'Conditioner', 'Ice Cream', 'Passport Holder', 'Pepper', 'Gloves', 'Washcloths', 'Suitcase', 'Detergent', 'Mouthwash']",12,Credit Card,Cherylfort,Adult (30-49),Spring,BOGO (Buy One Get One),Yes,Evening,124.9
2023-12-22 20:50:27,Terry Jordan,['Briefcase'],1,Debit Card,Reginaberg,Adult (30-49),Fall,Unknown Promotion,No,Evening,5.14
2023-12-23 08:06:04,Cathy Crosby,"['Lollipops', 'Suitcase', 'Foam Roller', 'Sunscreen', 'Canned Tuna']",5,Debit Card,Michaelfort,Adult (30-49),Spring,Discount on Selected Items,No,Morning,44.95
2023-12-23 12:51:35,Corey Hart,"['Shampoo', 'Chocolate', 'Jam', 'Ice Cream']",4,Credit Card,North Andrewbury,Senior (65+),Fall,Discount on Selected Items,No,Midday,34.67
2023-12-23 14:21:59,Jennifer Rojas,"['Olives', 'Crackers', 'Moving Boxes', 'Shower Curtain', 'Onion Powder', 'Tape']",6,Debit Card,Foxhaven,Adult (30-49),Summer,BOGO (Buy One Get One),Yes,Midday,56.07
2023-12-23 15:07:05,Amanda Hill,"['Frozen Vegetables', 'Toilet Bowl Cleaner', 'Hoodie', 'Shaving Cream']",4,Mobile Payment,Riverafort,Middle-aged (50-64),Winter,Discount on Selected Items,Yes,Midday,34.67
2023-12-23 15:21:18,Sandra Hawkins,"['Candy Bars', 'Packing Tape', 'Protein Bars', 'Laptop Bag', 'Shelving', 'Photo Albums', 'Hot Sauce', 'Frozen Pie']",8,Debit Card,Port Daniel,Young Adult (20-29),Summer,Discount on Selected Items,Yes,Midday,77.1
2023-12-23 16:12:25,Elizabeth Gonzales,['Slippers'],1,Mobile Payment,Lake Zacharyfurt,Adult (30-49),Winter,Unknown Promotion,No,Afternoon,5.14
2023-12-23 19:14:09,Daniel Alvarez,"['Ear Muffs', 'Hair Ties', 'Ramen', 'Rowing Machine', 'Binders', 'Sports Drinks']",6,Credit Card,Nathanielchester,Adult (30-49),Spring,BOGO (Buy One Get One),No,Evening,57.61
2023-12-23 20:08:57,James Watson,"['Tote Bag', 'Frozen Dinners', 'Shampoo', 'Mustard', 'Skirt', 'Bug Spray']",6,Credit Card,Robertland,Adult (30-49),Fall,BOGO (Buy One Get One),No,Evening,57.61
2023-12-23 23:32:06,Mr. Jose Briggs,"['Canola Oil', 'Pull-up Bar', 'Paper Cups', 'Frozen Garlic Bread', 'Gym Bag', 'Matches']",6,Mobile Payment,West Michaelshire,Middle-aged (50-64),Summer,BOGO (Buy One Get One),Yes,Late Night,56.07
2023-12-24 08:53:45,Jacob Carson,"['Messenger Bag', 'Bubble Wrap']",2,Credit Card,East Robertville,Middle-aged (50-64),Summer,Discount on Selected Items,Yes,Morning,14.55
2023-12-24 09:07:38,Jodi Sloan,"['Pepper', 'Sunscreen', 'Pens', 'Sandals', 'Frozen Pizza Rolls', 'Headbands']",6,Debit Card,Stephanieborough,Middle-aged (50-64),Fall,BOGO (Buy One Get One),No,Morning,57.61
2023-12-24 10:19:16,Erik Fowler,"['Frozen Fruit', 'Pull-up Bar', 'Coat', 'Mints', 'Oats', 'Candy Bars']",6,Credit Card,Lake Lawrence,Adult (30-49),Spring,BOGO (Buy One Get One),Yes,Midday,56.07
2023-12-24 11:25:30,Julie Dennis,"['Stamps', 'Binders', 'Leggings', 'Air Freshener', 'Heels', 'Bug Spray', 'Multi-Surface Cleaner', 'Mouthwash', 'Frozen Pancakes', 'Juice', 'Index Cards']",11,Mobile Payment,Kellystad,Adult (30-49),Fall,BOGO (Buy One Get One),Yes,Midday,113.03
2023-12-24 11:35:10,Joel Adams,"['Paprika', 'Pasta Sauce', 'Conditioner', 'Lotion']",4,Cash,Michaelchester,Adult (30-49),Spring,Unknown Promotion,No,Midday,34.67
2023-12-24 16:05:21,Anita Hayes,['Post-it Notes'],1,Credit Card,West Lori,Adult (30-49),Spring,Unknown Promotion,Yes,Afternoon,5.14
2023-12-24 21:06:37,Sue Ballard,"['Socks', 'Flashlight', 'Disinfectant Wipes', 'Brown Sugar']",4,Mobile Payment,Ramosfurt,Adult (30-49),Spring,Unknown Promotion,Yes,Evening,34.67
2023-12-24 21:40:45,Roy Melendez,"['Thermometer', 'Ruler', 'Luggage', 'Syrup']",4,Cash,North Kimberly,Middle-aged (50-64),Fall,Unknown Promotion,Yes,Evening,34.67
2023-12-25 02:51:13,Morgan Williams,"['Hairbrush', 'Sunglasses', 'Ice Cream Bars', 'Underwear', 'Pens', 'Colored Pencils']",6,Credit Card,Briggsfort,Adult (30-49),Winter,Discount on Selected Items,Yes,Early Morning,56.07
2023-12-25 10:24:44,Edward Alexander,"['Dress', 'Paper Plates', 'Cucumber', 'Chewing Gum', 'Dryer Sheets', 'Passport Holder', 'Tomato Sauce', 'Bubble Bath']",8,Debit Card,North Katelynbury,Young Adult (20-29),Fall,BOGO (Buy One Get One),Yes,Midday,77.1
2023-12-25 11:27:03,Julie Potts,"['Lotion', 'Shower Shoes', 'Envelopes', 'Jam']",4,Credit Card,Port Saraview,Adult (30-49),Summer,Unknown Promotion,No,Midday,34.67
2023-12-25 11:36:46,William Duke,"['Chicken', 'Tea', 'Cinnamon', 'Flour', 'Olive Oil']",5,Mobile Payment,Tinamouth,Adult (30-49),Spring,Unknown Promotion,No,Midday,44.95
2023-12-25 13:23:03,Albert Stone,"['Cookies', 'Dish Soap', 'Juice', 'Razors', 'Gum', 'Moving Boxes', 'Dried Cranberries', 'Frozen Cake', 'Muffins', 'Barbecue Sauce']",10,Cash,Sarafort,Adult (30-49),Fall,Unknown Promotion,No,Midday,102.2
2023-12-25 14:10:49,Crystal Brown,"['Winter Hat', 'Comb', 'Wine', 'Bleach', 'Polo Shirt']",5,Debit Card,Nicoleland,Young Adult (20-29),Spring,Discount on Selected Items,Yes,Midday,44.95
2023-12-25 14:28:15,Stephanie Kennedy,"['Baking Powder', 'Canned Vegetables', 'Olives', 'Paprika', 'Beach Towel', 'Protein Powder']",6,Mobile Payment,West Kenneth,Young Adult (20-29),Winter,BOGO (Buy One Get One),Yes,Midday,56.07
2023-12-25 15:07:58,Scott Williams,"['Dried Cranberries', 'Ice Cream Tubs', 'Bath Bombs', 'Coffee']",4,Credit Card,Kristophermouth,Adult (30-49),Fall,Unknown Promotion,Yes,Midday,34.67
2023-12-25 17:31:43,David Allen,"['Apples', 'Shower Curtain', 'Comb', 'Eggs', 'Nail Clippers', 'Swim Trunks']",6,Credit Card,South Eddie,Senior (65+),Spring,Discount on Selected Items,Yes,Afternoon,56.07
2023-12-25 18:13:53,Robert Blackwell,"['Band-Aids', 'Multi-Surface Cleaner', 'Hand Sanitizer', 'Frozen Pizza', 'Soap', 'Crackers', 'Paprika', 'Frozen Pancakes', 'Frozen Burritos', 'Matches']",10,Credit Card,Nicholasburgh,Young Adult (20-29),Summer,Unknown Promotion,Yes,Afternoon,102.2
2023-12-25 18:32:08,Michael Ramirez,"['Pull-up Bar', 'Conditioner', 'Charcoal', 'Packing Tape', 'Swim Trunks', 'Slippers', 'Towels']",7,Credit Card,Lisafurt,Adult (30-49),Fall,Unknown Promotion,Yes,Afternoon,65.86
2023-12-25 20:31:13,Michael Patterson,"['Frozen Pizza', 'Frozen Chicken Nuggets', 'Plastic Cups', 'Light Bulbs']",4,Cash,New Robynchester,Adult (30-49),Winter,Unknown Promotion,Yes,Evening,34.67
2023-12-25 22:21:38,Angel Ball,"['Flip Flops', 'Yoga Pants']",2,Debit Card,North Christopher,Middle-aged (50-64),Summer,Discount on Selected Items,Yes,Late Night,14.55
2023-12-25 23:50:34,Joseph Fox,"['Packing Tape', 'Sorbets', 'Toilet Bowl Cleaner']",3,Debit Card,Port Claireshire,Adult (30-49),Summer,BOGO (Buy One Get One),No,Late Night,23.88
2023-12-26 06:00:09,James Stein,"['Markers', 'Paper Towels', 'Ramen', 'Paper Cups', 'Olive Oil', 'Bananas', 'Scissors', 'Frozen Meatballs', 'Trash Bags', 'Hangers', 'Frozen Pizza']",11,Mobile Payment,South Rebeccatown,Senior (65+),Spring,Discount on Selected Items,No,Morning,115.89
2023-12-26 08:33:37,Jordan Roman,"['Shoes', 'Ice Cream Bars', 'Hairbrush', 'Frozen Fries', 'Nail Clippers']",5,Debit Card,Port Crystalstad,Young Adult (20-29),Fall,BOGO (Buy One Get One),Yes,Morning,44.95
2023-12-26 09:02:04,Kristina Tucker,"['Baking Powder', 'Detergent', 'Sweatshirt', 'Hangers', 'Flip Flops', 'Dried Cranberries', 'Plastic Utensils', 'Frozen Breakfast Sandwiches', 'Post-it Notes']",9,Credit Card,South Judith,Adult (30-49),Fall,Unknown Promotion,Yes,Morning,90.0
2023-12-26 09:18:02,Melissa Knight,"['Bread', 'Frozen Cake', 'Packing Tape', 'Brownies', 'Backpack', 'Shelving', 'Briefcase']",7,Debit Card,Lake Conniemouth,Young Adult (20-29),Summer,Discount on Selected Items,Yes,Morning,65.86
2023-12-26 10:56:10,John Rios,"['Bleach', 'Pull-up Bar', 'Deodorant', 'Tote Bag']",4,Credit Card,Reynoldsfort,Adult (30-49),Summer,BOGO (Buy One Get One),No,Midday,34.67
2023-12-26 13:38:50,Barbara Singleton,"['Tomatoes', 'Cream Cheese', 'Shoes', 'Air Freshener', 'Plastic Cups', 'Peanut Butter']",6,Credit Card,North Nicholasberg,Teenager (13-19),Winter,BOGO (Buy One Get One),No,Midday,57.61
2023-12-26 13:46:59,Louis Williams,"['Plastic Wrap', 'Frozen Bagels', 'Sports Drinks', 'Frozen Waffles']",4,Cash,North Steven,Middle-aged (50-64),Summer,Discount on Selected Items,Yes,Midday,34.67
2023-12-26 13:54:45,Daniel Burns,"['Brown Sugar', 'Candles', 'Canned Soup']",3,Debit Card,Jameston,Adult (30-49),Winter,BOGO (Buy One Get One),Yes,Midday,23.88
2023-12-26 14:56:27,Jeffrey Whitney,"['Workout Clothes', 'Plastic Utensils', 'Cumin']",3,Debit Card,Jordanborough,Adult (30-49),Fall,Unknown Promotion,No,Midday,23.88
2023-12-26 16:00:53,Robert James,"['Canned Soup', 'Resistance Bands', 'Water Bottle', 'Brownies']",4,Credit Card,West Collinshire,Adult (30-49),Spring,Discount on Selected Items,No,Afternoon,34.67
2023-12-26 17:06:22,Daniel Taylor,"['Paper Towels', 'Frozen Cookies', 'Mouthwash']",3,Cash,Stevenstad,Middle-aged (50-64),Spring,BOGO (Buy One Get One),No,Afternoon,23.88
2023-12-26 18:47:13,Andrew Schroeder,"['Sweatshirt', 'Flats', 'Canned Tuna', 'Snack Cakes', 'Cream Cheese']",5,Mobile Payment,Lake Cassandraview,Middle-aged (50-64),Spring,BOGO (Buy One Get One),No,Afternoon,44.95
2023-12-26 19:37:36,Maria Davis,"['Photo Albums', 'Boots', 'Frozen Breakfast Sandwiches', 'Cold Medicine', 'Nail Polish', 'Frozen Meatballs', 'Pasta Sauce', 'Skirt']",8,Cash,Adamport,Middle-aged (50-64),Summer,Unknown Promotion,No,Evening,77.1
2023-12-26 23:09:15,Timothy Gonzalez,['Pens'],1,Cash,New Deannaland,Adult (30-49),Spring,Unknown Promotion,Yes,Late Night,5.14
2023-12-27 08:25:22,Anthony Anderson,"['Cumin', 'Protein Powder', 'Cold Medicine', 'Underwear', 'Sneakers', 'Vegetable Oil']",6,Mobile Payment,West John,Adult (30-49),Winter,Unknown Promotion,No,Morning,57.61
2023-12-27 09:35:26,Eric Coleman,"['Rowing Machine', 'Bra', 'Frozen Pizza Rolls']",3,Mobile Payment,Laurafurt,Senior (65+),Spring,Discount on Selected Items,No,Morning,23.88
2023-12-27 10:40:04,Phillip Ritter,"['Bubble Wrap', 'Calculator']",2,Mobile Payment,Kaylaview,Senior (65+),Winter,Unknown Promotion,Yes,Midday,14.55
2023-12-27 12:41:02,Brian Rivera,"['Goggles', 'Milk']",2,Cash,Bentonport,Young Adult (20-29),Spring,BOGO (Buy One Get One),Yes,Midday,14.55
2023-12-27 12:55:34,Melissa Murphy,"['Flour', 'Shelving', 'Frozen Bread', 'Protein Shakes']",4,Credit Card,Davisside,Middle-aged (50-64),Spring,Unknown Promotion,Yes,Midday,34.67
2023-12-27 15:51:23,Kristin Collins,"['Exercise Bike', 'Frozen Vegetables', 'Bath Bombs', 'Syrup', 'Lighter Fluid', 'Raisins']",6,Debit Card,Chadburgh,Adult (30-49),Spring,Unknown Promotion,No,Midday,57.61
2023-12-27 16:34:32,Angela Vazquez,"['Spaghetti', 'Sports Bra', 'Frozen Pizza', 'Sunscreen', 'Mayonnaise', 'Mints']",6,Mobile Payment,Simpsonfort,Senior (65+),Winter,Unknown Promotion,Yes,Afternoon,56.07
2023-12-27 17:44:31,Matthew Gonzalez DDS,"['Gum', 'Honey', 'Cinnamon', 'Chewing Gum', 'Photo Albums']",5,Cash,Port Leah,Adult (30-49),Spring,BOGO (Buy One Get One),Yes,Afternoon,44.95
2023-12-27 18:22:09,Brenda Smith,"['Candles', 'Calculator', 'Dried Cranberries', 'T-Shirt', 'Air Freshener', 'Hangers', 'Pencils']",7,Debit Card,Patrickhaven,Adult (30-49),Spring,Discount on Selected Items,Yes,Afternoon,65.86
2023-12-27 19:06:53,Alicia Williams,"['Washcloths', 'Instant Noodles', 'Scissors']",3,Debit Card,Lake Alyssa,Teenager (13-19),Summer,Discount on Selected Items,No,Evening,23.88
2023-12-27 19:42:26,Jacqueline Smith,"['Frozen Bread', 'Bra', 'Frozen Cookies', 'Sneakers', 'Briefcase', 'Picture Frames']",6,Mobile Payment,North Tiffanystad,Adult (30-49),Spring,Unknown Promotion,No,Evening,57.61
2023-12-27 22:57:47,Misty Perez,"['Frozen Pie', 'Jacket', 'Gum']",3,Cash,South Wendy,Adult (30-49),Winter,Discount on Selected Items,No,Late Night,23.88
2023-12-28 08:11:59,Jocelyn Davis,"['Napkins', 'Garlic Powder', 'Stain Remover']",3,Debit Card,West Christophertown,Adult (30-49),Spring,BOGO (Buy One Get One),Yes,Morning,23.88
2023-12-28 09:01:48,Ryan Berg,"['Polo Shirt', 'Gym Bag', 'Bagels']",3,Cash,Bonniemouth,Young Adult (20-29),Winter,Unknown Promotion,No,Morning,23.88
2023-12-28 09:14:44,Susan Carter,['Charcoal'],1,Cash,South Jeffrey,Middle-aged (50-64),Winter,Discount on Selected Items,No,Morning,5.14
2023-12-28 10:19:19,Deborah West,"['Razors', 'Handbag', 'Towels', 'Air Freshener', 'Vegetable Oil', 'Gloves', 'Brownies']",7,Credit Card,South Tanya,Teenager (13-19),Summer,Discount on Selected Items,Yes,Midday,65.86
2023-12-28 11:02:28,Timothy Coleman,"['Kettlebells', 'Laptop Bag', 'Suitcase', 'Bra', 'Swim Cap']",5,Credit Card,Audreybury,Teenager (13-19),Summer,BOGO (Buy One Get One),Yes,Midday,44.95
2023-12-28 11:09:11,Jeremy Jones,"['Sugar', 'Juice', 'Frozen Fish Sticks', 'Blouse']",4,Mobile Payment,Scottfort,Adult (30-49),Summer,Discount on Selected Items,No,Midday,34.67
2023-12-28 11:52:02,Alicia Fletcher,['Ice Cream'],1,Mobile Payment,North Alexanderport,Teenager (13-19),Winter,BOGO (Buy One Get One),No,Midday,5.14
2023-12-28 12:45:04,Roger Melton,"['Socks', 'Briefcase', 'Gelato', 'Workout Clothes', 'Canola Oil', 'Glass Cleaner', 'Gym Bag', 'Cough Drops', 'Toilet Paper']",9,Credit Card,Kendrastad,Adult (30-49),Spring,Unknown Promotion,Yes,Midday,90.0
2023-12-28 14:07:26,Sean Krause,"['Frozen Sausages', 'Sugar', 'Blouse', 'Frozen Waffles', 'Fabric Softener', 'Frozen Burritos', 'Vinegar', 'Cough Drops']",8,Debit Card,North Meganland,Young Adult (20-29),Spring,Unknown Promotion,Yes,Midday,77.1
2023-12-28 15:05:27,Willie Martinez,"['Pencils', 'Frozen Cake', 'Mouthwash']",3,Debit Card,Colemanland,Senior (65+),Fall,Unknown Promotion,Yes,Midday,23.88
2023-12-28 17:24:45,Kelly Hicks,"['Yogurt', 'Snack Cakes', 'Capri Pants', 'Frozen Cookies', 'Washcloths', 'Shower Curtain', 'Ice Cream Cones']",7,Mobile Payment,Tylerside,Adult (30-49),Spring,BOGO (Buy One Get One),No,Afternoon,65.86
2023-12-28 19:27:54,Eric Campbell,"['Almonds', 'Fabric Softener', 'Pain Relievers']",3,Credit Card,West Brittanytown,Senior (65+),Spring,Unknown Promotion,No,Evening,23.88
2023-12-28 19:54:30,Kelly Cross,"['Peanut Butter', 'Elliptical']",2,Cash,Wadeport,Young Adult (20-29),Winter,BOGO (Buy One Get One),No,Evening,14.55
2023-12-28 21:24:19,Christine Kennedy,"['Peanut Butter', 'Trail Mix', 'Markers', 'Toilet Bowl Cleaner', 'Ziploc Bags', 'Juice', 'Milk']",7,Debit Card,South Robertview,Middle-aged (50-64),Fall,BOGO (Buy One Get One),Yes,Evening,65.86
2023-12-28 22:22:55,Hector Yang,"['Bath Bombs', 'Crackers']",2,Cash,Lake Johnborough,Middle-aged (50-64),Spring,Discount on Selected Items,Yes,Late Night,14.55
2023-12-28 23:41:36,Tina Hanson,"['Cotton Balls', 'Baking Powder']",2,Debit Card,Jeremyburgh,Middle-aged (50-64),Winter,BOGO (Buy One Get One),No,Late Night,14.55
2023-12-28 23:48:35,Roy Fernandez,"['Soda', 'Frozen Breakfast Sandwiches']",2,Credit Card,Fraziertown,Young Adult (20-29),Fall,Unknown Promotion,Yes,Late Night,14.55
2023-12-29 04:43:57,Kristina Smith,"['Pens', 'Notebook Paper', 'Duffel Bag', 'Oats']",4,Mobile Payment,Gonzalezmouth,Young Adult (20-29),Winter,Discount on Selected Items,Yes,Morning,34.67
2023-12-29 07:50:09,Ashley Robertson,"['Cotton Balls', 'Shower Curtain', 'Lighter', 'Glass Cleaner', 'Calculator', 'Tape', 'Syrup', 'Oranges', 'Deodorant', 'Sunscreen']",10,Cash,Adriennebury,Adult (30-49),Fall,BOGO (Buy One Get One),No,Morning,102.2
2023-12-29 08:40:30,Rhonda White,"['Tea', 'Boots', 'Ear Muffs', 'Bleach', 'Cookies']",5,Cash,Perezchester,Senior (65+),Spring,Unknown Promotion,Yes,Morning,44.95
2023-12-29 08:55:36,Desiree Martin,"['Beer', 'First Aid Kit', 'Soap', 'Super Glue', 'Cereal', 'Tweezers']",6,Mobile Payment,Clarkborough,Adult (30-49),Spring,BOGO (Buy One Get One),Yes,Morning,56.07
2023-12-29 10:29:49,Michael Kerr,"['Almonds', 'Nail Polish', 'Coffee', 'Frozen Cookies']",4,Cash,Port Cody,Adult (30-49),Spring,Unknown Promotion,Yes,Midday,34.67
2023-12-29 11:20:00,Michele Rowe,"['Kettlebells', 'Pajamas', 'Candy Bars', 'Conditioner', 'Pain Relievers', 'Charcoal']",6,Credit Card,Christopherfurt,Teenager (13-19),Summer,Discount on Selected Items,No,Midday,57.61
2023-12-29 11:39:05,Carolyn Little,"['Shampoo', 'Slippers']",2,Credit Card,Kingville,Adult (30-49),Winter,Discount on Selected Items,Yes,Midday,14.55
2023-12-29 14:04:45,Julie Taylor,"['Popsicles', 'Frozen Pizza Rolls']",2,Credit Card,East Emilystad,Adult (30-49),Summer,BOGO (Buy One Get One),No,Midday,14.55
2023-12-29 14:18:48,Jamie Lynn,"['Bathrobe', 'Lollipops']",2,Cash,South Shawn,Adult (30-49),Winter,BOGO (Buy One Get One),Yes,Midday,14.55
2023-12-29 14:43:37,Tara Farley,"['Cotton Balls', 'Coat']",2,Debit Card,Banksport,Adult (30-49),Spring,BOGO (Buy One Get One),Yes,Midday,14.55
2023-12-29 16:56:25,Nicholas Parker,"['Peanuts', 'T-Shirt', 'Brownies', 'Plastic Wrap', 'Glass Cleaner', 'Skirt']",6,Credit Card,Hernandezshire,Teenager (13-19),Winter,Unknown Promotion,No,Afternoon,57.61
2023-12-29 17:30:21,Darren Vasquez,"['Envelopes', 'Candles', 'Light Bulbs', 'Yogurt', 'Shaving Cream', 'Rowing Machine', 'Protein Powder']",7,Credit Card,Port Mitchellstad,Senior (65+),Winter,Unknown Promotion,Yes,Afternoon,65.86
2023-12-29 19:48:09,Craig Miller,"['Treadmill', 'Towels']",2,Cash,Smithmouth,Adult (30-49),Winter,Unknown Promotion,Yes,Evening,14.55
2023-12-29 21:49:42,Christopher Bond,['Butter'],1,Cash,Port Darren,Young Adult (20-29),Summer,BOGO (Buy One Get One),No,Evening,5.14
2023-12-30 04:54:49,Patricia Keller,"['Chips', 'Tomatoes', 'Frozen Dinners', 'Ketchup', 'Sugar', 'Pens']",6,Cash,Lake Robertside,Adult (30-49),Winter,Discount on Selected Items,No,Morning,57.61
2023-12-30 05:27:06,Angela Griffith,"['Snack Cakes', 'Pencils']",2,Mobile Payment,New Sharonborough,Middle-aged (50-64),Summer,BOGO (Buy One Get One),Yes,Morning,14.55
2023-12-30 10:01:08,Lisa Robinson,"['Pull-up Bar', 'Exercise Ball', 'Tank Top', 'Cold Medicine', 'Index Cards', 'Duffel Bag', 'Razors', 'Sunscreen', 'Rowing Machine', 'Bathrobe', 'Treadmill']",11,Debit Card,Carolynmouth,Young Adult (20-29),Summer,Discount on Selected Items,No,Midday,115.89
2023-12-30 11:56:56,Harold Bond,"['Shower Cap', 'Paper Towels', 'Flashlight', 'Butter']",4,Credit Card,South Jill,Young Adult (20-29),Spring,Discount on Selected Items,No,Midday,34.67
2023-12-30 12:41:02,Brianna Rivers,"['Pickles', 'Granola Bars', 'Treadmill']",3,Cash,East Annbury,Young Adult (20-29),Spring,Unknown Promotion,Yes,Midday,23.88
2023-12-30 15:04:48,John Welch,"['Pasta Sauce', 'Olive Oil', 'Pickles', 'Juice']",4,Mobile Payment,Nealfort,Adult (30-49),Summer,Unknown Promotion,No,Midday,34.67
2023-12-30 15:32:01,Daniel Reynolds,"['Frozen Pancakes', 'Granola Bars', 'Sorbets', 'Cucumber']",4,Mobile Payment,Johnsonton,Senior (65+),Fall,Discount on Selected Items,No,Midday,34.67
2023-12-30 15:35:34,Troy Collins,"['Hot Sauce', 'Coat', 'Soap', 'Canned Vegetables', 'Backpack', 'Iced Tea']",6,Debit Card,Waltershire,Adult (30-49),Summer,Unknown Promotion,Yes,Midday,56.07
2023-12-30 15:43:23,Christina Woods,"['Ice Cream Cones', 'Water', 'Mayonnaise', 'Washcloths', 'Plastic Cups', 'Jam', 'Coffee', 'Tomatoes']",8,Credit Card,West Kirsten,Adult (30-49),Summer,Unknown Promotion,No,Midday,77.1
2023-12-30 16:14:17,Denise Parker,"['Swim Cap', 'Duct Tape', 'Butter', 'Capri Pants', 'Bagels', 'Oranges', 'Hoodie', 'Gelato', 'Sweatshirt']",9,Mobile Payment,Richardburgh,Adult (30-49),Summer,Discount on Selected Items,No,Afternoon,90.0
2023-12-30 17:06:00,Tara Kennedy,['Allergy Medicine'],1,Mobile Payment,Lake Autumnfurt,Middle-aged (50-64),Winter,Unknown Promotion,Yes,Afternoon,5.14
2023-12-30 17:12:47,Theresa Mason,"['Flour', 'One-Piece Swimsuit', 'Pull-up Bar', 'Colored Pencils']",4,Mobile Payment,Duartebury,Middle-aged (50-64),Summer,Discount on Selected Items,Yes,Afternoon,34.67
2023-12-30 17:34:29,Stacy Foster,"['Conditioner', 'Exercise Ball', 'Shower Shoes', 'Laundry Detergent', 'Hat', 'Stain Remover']",6,Cash,Deborahtown,Young Adult (20-29),Winter,Unknown Promotion,No,Afternoon,57.61
2023-12-30 19:06:45,Linda Hines,['Frozen Vegetables'],1,Cash,Mandyside,Teenager (13-19),Summer,Discount on Selected Items,No,Evening,5.14
2023-12-30 19:16:33,Heather Hernandez,"['Water', 'Sunscreen', 'Beer', 'Blouse']",4,Credit Card,Lake Molly,Teenager (13-19),Spring,BOGO (Buy One Get One),No,Evening,34.67
